:020000040100F9
:1000000038B70021ED39020111940201C139020112
:10001000C1390201C1390201C139020100000000E9
:100020000000000000000000000000003537020161
:10003000C139020100000000DD360201C1390201B0
:10004000B5370201B5370201B5370201B5370201F4
:10005000B5370201B5370201B5370201B5370201E4
:10006000B39A0201B5370201B5370201B537020173
:10007000699A0201B5370201B5370201B5370201AD
:10008000B53702019D9A0201B5370201B537020169
:10009000B5370201B5370201B5370201B5370201A4
:1000A000B5370201B5370201B5370201B537020194
:1000B000B5370201B537020153B94AB9002908BF63
:1000C00000281CBF4FF0FF314FF0FF3000F00CB89C
:1000D000ADF1080C6DE904CE1EF072FCDDF804E011
:1000E000DDE9022304B07047704700BF2DE9F00737
:1000F00091E8F807B2E802105B1854EB0C04B2E880
:1001000002104D4156EB0C06B2E802104F4158EB7D
:100110000C08B2E8021059EB01095AEB0C0A80E80E
:10012000F80780410130BDE8F00770472DE9F0077E
:1001300091E8F807B2E802105B1A74EB0C04B2E81D
:1001400002108D4176EB0C06B2E802108F4178EB7D
:100150000C08B2E8021079EB01097AEB0C0A80E88E
:10016000F80780414042BDE8F00770472DE9F007ED
:10017000524290E87800B1E880071740DB1918EA8E
:10018000020854EB080419EA020955EB09051AEABA
:10019000020A56EB0A0678C090E87800B1E88007BA
:1001A00017407B4118EA020854EB080419EA0209D7
:1001B00055EB09051AEA020A56EB0A0678C0804197
:1001C0000130BDE8F00770472DE9F007524290E892
:1001D0007800B1E880071740DB1B18EA020874EBCF
:1001E000080419EA020975EB09051AEA020A76EB16
:1001F0000A0678C090E87800B1E880071740BB4154
:1002000018EA020874EB080419EA020975EB0905FB
:100210001AEA020A76EB0A0678C080414042BDE83D
:10022000F00770472DE9F00152424FF0040890E8C2
:10023000300091E8C000A31B1340E41AF618EB1B32
:100240001340ED1AFF1830C0C0C1B8F10108EED15B
:10025000BDE8F001704700BF00B592E8DC072DE96A
:10026000DC07B1E8805702B4A7FB02510A95A8FB4E
:10027000020B09180020E7FB03105BEB000B0020CA
:100280004041E9FB02B00B91A8FB0351401800214B
:100290004941EAFB02011BEB050B0025E7FB04B516
:1002A00068410025E7FB0605694100256D41E8FB33
:1002B0000615CDF830B0A9FB03B689190026EAFB74
:1002C0000316754100267641ECFB035610EB0B003C
:1002D0005FF0000BE8FB040B51EB0B015FF0000B30
:1002E000E9FB041B55EB0B055FF0000BEAFB045B1D
:1002F00056EB0B065FF0000B5BEB0B0BECFB046BA0
:100300000D90ACFB0230059C2D180020EEFB025036
:1003100046410020E9FB04605BEB000B00204041FC
:10032000EAFB04B05B180021E7FB04314D410021DA
:10033000E8FB0451069C4E410021E8FB04615BEBA5
:10034000010B0021E9FB04B1484100214941EAFBCE
:1003500004010E93A7FB0432079CB6180022E7FBAA
:1003600004625BEB020B0022E8FB04B25041002266
:10037000E9FB0402514100225241EAFB0412049CB1
:10038000ED180023E9FB04535E410023EAFB0463FC
:10039000089C5BEB030B0023E7FB04B358410023ED
:1003A000E8FB040359410023E9FB04135A410023ED
:1003B0005B41EAFB04230F955DF8049B99E8000676
:1003C000DDF80080A9FB08541BEB040B0024EAFBBA
:1003D00008B4DDF8108060410024ECFB08046141A2
:1003E0000024EEFB081462410024E9FB0824634169
:1003F00000246441EAFB0834DDF804807619002506
:10040000EEFB08655BEB050B0025E9FB08B56841D1
:100410000025EAFB0805DDF8148069410025ECFBA6
:1004200008156A410025EEFB08256B410025E9FB14
:1004300008356C4100256D41EAFB08450F96DDF853
:100440000880AEFB087680190026E9FB080671419A
:100450000026EAFB0816DDF8188072410026ECFB46
:10046000082673410026EEFB083674410026E9FB9E
:100470000846754100267641EAFB0856DDF80C80F7
:100480001BEB070B0027ECFB08B778410027EEFBBE
:10049000080779410027E9FB08177A410027EAFBA2
:1004A0000827DDF81C807B410027ECFB08377C41E6
:1004B0000027EEFB08477D410027E9FB08577E41F6
:1004C00000277F41EAFB086708B000BD2DE9F14F26
:1004D00087B0FFF7C1FEDDF81C8008F1200888E82E
:1004E000FF00FFBC87E87F08BDE8F08F00B591E80A
:1004F0004C57A2FB02410194A2FB034524190020A2
:10050000E2FB06506D417F41641802940021E2FB3A
:100510000801A3FB034B654103950024E3FB06049C
:1005200040417F41091900246441E2FB0914FF079F
:1005300050EB0B0004900025E2FB0A455FF0000B36
:10054000E3FB081B49415FEA370714EB0B045FF03C
:10055000000BE3FB094B55EB0B055FF0000B5BEB6E
:100560000B0BE2FB0C5BFF0F0020E2FB0EB0002246
:100570005141E6FB061205910021E6FB084164416A
:100580007F416D180021E3FB0A515BEB010B002159
:10059000E3FB0CB1484100214941E3FB0E0100237C
:1005A000E6FB09531BEB030B0023E6FB0AB35841A0
:1005B0000023E6FB0C03594100235B41E6FB0E13CD
:1005C000FF07544106946D417F41A8FB0826554121
:1005D00007950022E8FB09B25BEB0B0B7F4180180B
:1005E0000022E8FB0A0251410022E8FB0C125A41AA
:1005F00000235B41E8FB0E230024E9FB0E340025B9
:10060000E9FB0A1552190025E9FB0C256B41002571
:10061000EAFB0C356C4100256D41EAFB0E45FF07F6
:100620005BEB060B0026ECFB0E5640414941524164
:100630005B4164416D417641AEFB0EE848F1000834
:100640007F00A9FB0979784151EB0901AAFB0A7ADD
:100650007A4153EB0A03ACFB0C7C7C4155EB0C0557
:1006600056EB0E0648F1000700BD00BF2DE9F14F23
:1006700087B0FFF73BFFDDF81C8008F1200888E811
:10068000FF00FFBC87E87F08BDE8F08F30B44FF073
:10069000000310F8014B11F8015B013A84EA0504EC
:1006A00043EA0403F5D1A3F101034FEAD37030BC50
:1006B000704700BF4FF0000310F8012B013943EAE7
:1006C0000203F9D1A3F101034FEAD370704700BFD1
:1006D00030B411F8014B12F8015B6C4000F8014B8B
:1006E000013BF6D130BC70472DE9F00791E8F807DF
:1006F000B2E802105B1854EB0C04B2E802104D4152
:1007000056EB0C06B2E802104F4158EB0C08B2E869
:10071000021059EB01095AEB0C0A8941B3F1FF337E
:1007200074F1FF3475F1FF3576F1000677F10007BB
:1007300078F1000879F101097AF1FF3A51F10001ED
:100740005B184C414D4156F1000657F1000758F136
:10075000000859EBD1795AEB010A80E8F807BDE8A7
:10076000F00770472DE9F00791E8F807B2E80210AA
:100770005B1A74EB0C04B2E802108D4176EB0C06A8
:10078000B2E802108F4178EB0C08B2E8021079EB66
:1007900001097AEB0C0A89415B184C414D4156F135
:1007A000000657F1000758F1000859EBD1795AEBD0
:1007B000010A80E8F807BDE8F007704718EB040865
:1007C00059EB05095AEB060A5BEB070B5FF0000CCF
:1007D0004CF1000C18EB050859EB06095AEB070A17
:1007E0005BEB070B50EB0C005FF0000C51EB0C01C6
:1007F00052EB0C0263414CF1000CB8EB070879F1A5
:1008000000097AF1000A7BEB040BA841B141A24137
:10081000B3416CF1000CBBEB050BB041B941AA41EF
:10082000BB416CF1000C6FEAEC74B8EB040879EB97
:1008300004097AEB040A7BF1000B70F1000071F1FE
:10084000000172EBD472A3416CF1000C18EBEC7850
:1008500059EBEC795AEBEC7A5BF1000B50F10004A8
:1008600051F1000552EBDC7653EBEC774CF1000CC8
:1008700018EBEC7059EBEC715AEBEC725BF1000386
:1008800054F1000455F1000556EBDC7657EBEC779C
:10089000704700BF2DE9F14F87B0FFF7DDFCDDF8B1
:1008A0001080DDF81490DDF818A0FFF787FFBDE891
:1008B000000FFFF783FF03B05DF8048B88E8FF00AB
:1008C000BDE8F08F2DE9F14F87B0FFF70FFEDDF89F
:1008D0001080DDF81490DDF818A0FFF76FFFBDE879
:1008E000000FFFF76BFF03B05DF8048B88E8FF0093
:1008F000BDE8F08F014B187D704700BFE006002176
:10090000042810B511D883B104280CBF1024282462
:10091000A1420AD2064C54F8200018B141568A422E
:10092000A8BF0A4600201A7010BD6FF01500FBE743
:10093000E0060021022807DC10F1270F06DB283033
:10094000044B40B218567047032070476FF02700E1
:10095000704700BF4CB10201014B1879704700BFCE
:10096000FC060021044B1A79824283BF1B683022A7
:1009700002FB003000207047FC0600212DE9F04109
:10098000144682B0884605460DF1030201A9E089AC
:1009900002F0D8FC03F06CFA02F000FD264B93F84D
:1009A0002D20202A14D0DA68073222F07F42AA4292
:1009B000D4E900132260A3EB0103134423F07F4327
:1009C000636002D2A3680133A36002B0BDE8F08186
:1009D000E389074605F10B0653B9B8F1000F04D1BE
:1009E0000198B84201D2381A064426F07F42DEE769
:1009F00003F0FEFD0028F0D103F0C2FB40F25633B5
:100A000098420CD040F2F55398420ED0B0F5C67F14
:100A1000E3D105F11806B8F1000FE6D1E0E705F1E2
:100A20002706B8F1000FE0D1DAE705F13D06B8F18D
:100A3000000FDAD1D4E700BF0407002110B51D4C28
:100A400094F82C3003EB4301214491F82020202A14
:100A50002BD0DBB202EB431304EB430393F83100DA
:100A600081F82000C2EBC2014FF0FF0C002004EB24
:100A7000810184F829C04FF0020C84F82D2091F8F0
:100A8000C82084F8280083F830C0A07732B1D4F8A9
:100A900030344BB10020BDE81040184704F0A8F8EE
:100AA000D4F83034002BF5D110BD40F22B3170203A
:100AB00003F052FE040700212DE9F84F3D4E96F851
:100AC0002CB00BEB4B03334493F82140202C58D02F
:100AD0005FFA8BF5DFF8E0804FEA4B0BDFF8DC9034
:100AE00004EB45136F0106EB430393F83030013BF1
:100AF000052B59D8DFE803F00358584B4E034FF04D
:100B0000070AB8F1000F01D0AFF30080EFF31082B5
:100B100072B65D443B19354406EB430395F8221049
:100B200093F83130A14285F821302CD02AB9B9F19F
:100B3000000F01D0AFF3008062B63B1906EB430310
:100B400093F830204AB3062A27D0032A25D0052A55
:100B500023D0012283F83020C4EBC404514606EBB5
:100B60008404D4E92C30984796F82CB00BEB4B0357
:100B70005FFA8BF533444FEA4B0B93F82140202C5E
:100B8000AED1BDE8F88F202385F82230CEE74FF0B4
:100B9000020AB6E74FF0030AB3E72744012306EB46
:100BA000470787F83030D7E740F6A501702003F0FB
:100BB000D3FD00BF0407002100000000000000007A
:100BC0002DE9F04F154697B00446049102F02EFE31
:100BD000824603F04DF9C5EBC502A84D064601203B
:100BE000930005F1B00105EB820CD5F834240833ED
:100BF0000DF1400E10600CF1B80CCA18CF580396D6
:100C0000536892F80C80B2F80E900793CDF82480C8
:100C1000BCE80F00AEE80F00DCF800303846CEF834
:100C2000003002F081FB09F10103954A43449042F0
:100C3000034400F25F82934200F3EF80002BC0F286
:100C4000CE8005932B7F02936B7F0893B9F1000F41
:100C500040F08D80CDF8049003F092FA40F25633C4
:100C6000984200F0928040F2F553984200F0E08004
:100C7000B0F5C67F00F0D4804FF003084FF0000BB2
:100C80004346CDF818B04E4500F2898001983946A8
:100C90000022002840F0A180029B002B00F07B8105
:100CA0004FF0020B4FF005085E464346BAF1807FD5
:100CB0000BD0A7EB0A000002FF2806DD019B002BEA
:100CC00040F071813346D846544621F07F414E1E94
:100CD00026F07F46301B000248BFFF30B8EB202FC4
:100CE00000F38180002A18BF0F4602F0A5FD301ADC
:100CF000000248BFFF30041203F042FA40F25633BC
:100D0000984200F04E8140F2F553984200F0AA80DC
:100D1000B0F5C67F14BF0B2318239C4280F2A68037
:100D2000049B012B00F05381019B03F00104BAF1F5
:100D3000807F08BF44F00104002C00F0568100249D
:100D4000304602F0AFFBBB1B23F07F43013BB3F502
:100D5000000F07D2079B9B1B23F07F43B3F5000FC7
:100D600040F294800024204617B0BDE8F08F95F83B
:100D70002A30002B00F032810023019303F000FAA7
:100D800040F2563398427FF46EAF4FF01C0B4FF099
:100D90001F084E454346CDF818B07FF677AF05994A
:100DA0000136374A8E1B914200F2A481964200F32D
:100DB0003B81002EC0F2088130460DF133020DA9AF
:100DC0000A9302F0BFFA0D9A0198BA1A0A9B22F010
:100DD0007F42B91A00283FF45FAF5E4666E7294AB2
:100DE000134405932EE79AB3089949B3019A1AB9A7
:100DF000029A0AB1A3F1020800231A460293039350
:100E00007E1EB21A22F07F46341B240248BFFF34F4
:100E1000B8EB242F7FF769AFA4E71B4A134410E710
:100E20004FF00D0B4FF01008CDF818B043462AE7ED
:100E30004FF0320B4FF03508CDF818B0434622E79B
:100E4000CDE90A2303F024F8DDE90A230028CDD0F8
:100E500001990029D4D102980028D1D0A3F1020829
:100E60000291CDE73D239C42FFF65AAFB9F1000451
:100E7000304618BF012402F015FB64E70407002187
:100E8000FF7F841E0080841E00807BE1304602F0DC
:100E90004BFA059AA94BA2EB000A9A45C0F0928042
:100EA000801A9842C0F0EB80A54B9A4500F28680EC
:100EB000984240F23D81DFF88C82A8EB0008C246E0
:100EC000AB7F3BB9039B4B4538BF4B461E33434575
:100ED00080F2DC80049B012B05D0022002F090FD03
:100EE000012002F08DFD039B9945C0F0898000F23E
:100EF000D28059EA030040F01681514602F0C4FC4A
:100F0000002800F0868095F82BA0BAF1000F00F0C1
:100F1000D680002C40F09D8095F82A30002B00F000
:100F2000D58095F82B302BB1052002F069FD002308
:100F300085F82B30A8EB09011939002940F3E98025
:100F4000032002F0A1FC0446002800F0DD80099B8C
:100F50000EAED5F834248DF84C30029BADF84E908F
:100F60008DF85430089B10978DF85530079B764DBF
:100F70001193002313608DF856300E934FF0FF331A
:100F80000F930FCE0FC596E80F0085E80F0020469F
:100F900017B0BDE8F08F4FF003081E469B4643464E
:100FA00084E62723B9E695F82B30002B3FF48AAE70
:100FB000029B03B102235446984686E60AF1F45A8E
:100FC0000AF5902AD0467BE760483044F5E6BAF14E
:100FD000807F00F0948056460024B4E603F008FBBE
:100FE00080F00100C3B2019336E6AAEB06031B02B0
:100FF000B3F5A06F5FDAFF2B3FF7B4AE5646A2E61B
:10100000AAEB0301022002F03FFCB9F1000F13D05C
:1010100068B90220002402F0F3FC012002F0F0FC89
:10102000204617B0BDE8F08F46483044C5E6AAEB2D
:101030000901012002F028FC0028EAD051460020D6
:1010400002F022FC0028E4D0B9F1000F7FF461AF78
:1010500059E795F82A30002B3ED1069B0520F11A5E
:1010600021F07F4102F010FC002857D095F82B307A
:10107000002B7FF45FAF012385F82B305AE7C0F1D6
:101080000008AB7FC246002B7FF424AF40F602215C
:10109000702003F061FBAAEB0901012002F0F4FBD0
:1010A000039B002BC8D00028B3D0AAEB0301022079
:1010B00002F0EAFBC0E7304602F0F4F943E695F8A7
:1010C0002A307BB9002C3FF435AFC6E703F05EF859
:1010D000012385F82A3024E703F0C8F8002385F8B7
:1010E0002A30BAE703F0C2F885F82AA0002C3FF4B2
:1010F00018AFB2E740F26E51702003F02DFB40F6BE
:10110000DB01702003F028FB40F63321702003F050
:1011100023FB40F62B21702003F01EFB40F2F1214F
:10112000702003F019FB40F63E11702003F014FB11
:1011300040F6C221702003F00FFB00BF0040420FB9
:10114000FF7F841E00807BE1040700210080841E55
:101150002DE9F04F914685B00E469A4602F01EF9F1
:101160008144376829F07F43FA1A02931202FF2A5A
:1011700000F3D4806F4D0AEB4A0340F25638EB1867
:101180000393039B93F82040202C50D0C4EBC40061
:101190004FEAC40905EB8000D0F8BC10791A0902A7
:1011A000FF311DDBF189002959D0B0F8C6100029A4
:1011B00055D1D0F8B8B002F0E3FF404577D040F207
:1011C000F55398426FD0B0F5C67F14BF01200E20B2
:1011D000A7EB0B073F0248BFFF37B0EB272F3EDDE1
:1011E00040F2F55BA9EB0400716805EB8000D0F8D4
:1011F000B870791A0902FF311DDBB0F8C610B1B121
:10120000F189A1B93168019102F0BAFF4045019915
:101210004BD0584545D0B0F5C67F14BF01200E20F5
:101220007F1A3F0248BFFF37B0EB272F03DC0120B6
:1012300005B0BDE8F08FA9EB0401307C05EB81011E
:1012400091F8C870874214D904EB4A1405EB4404A2
:1012500094F83140202CEAD04FEAC409C2E704EBED
:101260004A1405EB440494F83140202CDFD0376851
:101270008CE7B1F8C600D1F8BCB008B9F089C0B9A4
:10128000029BABEB03021202FF2A47DC2BF07F47E5
:10129000D6E900123760521A5A4422F07F42726037
:1012A0006FE73320BCE7332092E71D20B8E71D200D
:1012B0008EE7D1F8B87002F063FF404534D040F2B9
:1012C000F55188422ED0B0F5C67F14BF01200E2004
:1012D000ABEB0701090248BFFF31B0EB212FCFDD97
:1012E00002F04EFF404523D040F2F55188421DD018
:1012F000B0F5C67F14BF00210D21A9EB0402029BAB
:1013000005EB8202D2F8B82002F1010B8B442BF0DE
:101310007F4BABEB03021202FF2AB7DD002005B0C2
:10132000BDE8F08F3320D3E71D20D1E73221E4E779
:101330001C21E2E7040700212DE9F84398460B78C9
:101340000D460646937414464B8913820B89D0E9E7
:101350000007D38101F0E8FF2B78F3B9DFF844C12F
:10136000514AA7FB0C71C319D5E904E841F100010A
:101370009A1841F10000964578EB000203D29E4591
:1013800078EB010341D23368013B23F07F4303F53F
:101390007A72C4E90032BDE8F883E38904F10C02F3
:1013A000424821466F68C01A94F8119001F0CAFFB4
:1013B000236823F07F432360B9F1000F51D0B9F1C6
:1013C000010F64D107F15F0001F0E8FF736820F0BE
:1013D0007F4022460021A36060603068FFF7CEFAAC
:1013E0004346326821462869FFF7B2FE0028D2D171
:1013F0003268D4E90013134422F07F425B1A226062
:1014000023F07F436360BDE8F883AEEB070727490D
:1014100073688F42A36027D90133A7EB0C076D686F
:1014200004F10C02A3608F42E389667C03F101039F
:10143000A7EB030330D88B421DDDA3EB0C00214644
:101440002F4401F07FFF236823F07F432360B6B968
:1014500007F17B0001F0A2FF20F07F406060BDE853
:10146000F88307F17B00AFE7E38904F10C026D68B4
:101470000133667CFB1A002B06DB1846DFE7012EE2
:1014800005D107F15F00E5E706481844D7E740F2C9
:101490002361702003F060F940F26E51702003F078
:1014A0005BF900BF0080841E0040420FFF7F841E56
:1014B0002DE9F041394D00EB400306464FEA400864
:1014C000AA7F2B44002A93F8204014BF002702274C
:1014D00002F0B2F92022710105E09EF83130224677
:1014E000202B1C4655D0C4EBC40301EB040E05EBC6
:1014F000830305EB4E0ED3E92E3CACEB000C1B1A1C
:101500002CF07F4C23F07F43BCF5000FE5D89F42C1
:1015100098BFB3F5000FE0D8202A02D12046BDE8DD
:10152000F08108EB060302EB461170014FF0040C4A
:101530002B4405EB410193F820E091F831107446FB
:1015400083F8201003192146274605EB43038A42FE
:1015500093F8314083F830C0F4D108EB06032B44F4
:1015600093F822C0BCF1200F5FFA8CF213D0024432
:1015700005EB420282F831E0014446442023204634
:1015800005EB4101354481F8313085F82270BDE822
:10159000F0811C46C0E783F821E0EDE70407002155
:1015A0002DE9F04101EB4103424D0C4680462B44AE
:1015B0004F0093F82060202E31D13F4B0BB1AFF399
:1015C000008002F039F995F82E30202B06D0AB6858
:1015D000C3F1020303441B02FF2B25DC202E09D09C
:1015E00041463246FFF7ECFA70B3022085F82E60D0
:1015F000BDE8F08195F82A3003BB95F82B30B3B9DC
:10160000042002F0FDF902F083FA2021D5F83434E9
:10161000002285F82E1001201A60BDE8F0810846EE
:10162000FFF746FF8642C8D00020BDE8F0810520C4
:1016300002F0E6F9002385F82B30E1E702F016FE10
:10164000002385F82A30D8E73B1906EB44126101E4
:1016500004202B4405EB420293F820C092F831207D
:1016600083F8202063461A46CB18964205EB4303C5
:1016700083F8300093F83130F5D13B192B4493F8BF
:101680002260202EF0B211D0084405EB400080F813
:1016900031C03C4411442023002005EB4101254486
:1016A00081F8313085F82220BDE8F08183F821C02F
:1016B000EFE700BF040700210000000002F06EB950
:1016C0000022202042F2200138B5194C4FF0FF33A0
:1016D00084F82200226084F82C202184636084F83E
:1016E0002D00A27784F82620134604F1300184F8F7
:1016F0002720A28384F82E00628501F8132001338D
:10170000202BFAD102F0ACFB0125FF23094884F815
:10171000285084F8383403F0A3F884F8390403F02F
:10172000FFF8C4F8340401F053FE84F82F5038BD9C
:1017300004070021B90A000108B5064B93F82D20D3
:10174000202A01D0987708BD40F27931702003F04B
:1017500003F800BF0407002138B5044632B9012060
:10176000094B00FA04F4C3F8084538BD00200D46C3
:1017700002F02EF9012344F000420349A340026025
:101780002A60C1F8043538BD00F000412DE9F04F62
:10179000B84C83B002F050F8019002F0B9F96368D8
:1017A000013302D04FF0FF336360A37F002B00F0C2
:1017B0001881637E23B194F82730002B40F00B8111
:1017C000019BD81C20F07F4001F06CFE94F828307B
:1017D000002B40F0448194F82D200121202A84F828
:1017E000281000F0418194F82DA0202284F82630A2
:1017F0005FFA8AFA84F82D2084F82E2084F82730A6
:10180000236002F03BFB94F82C70207707EB470530
:101810005FFA87F825447F0095F820B0BBF1200FD0
:1018200009D0CBEBCB0304EB83019B0091F8CA10EA
:10183000012900F00C8107EB0806BBF1200FDFF84F
:1018400038924FEA4815264409D04046FFF730FE4B
:10185000584504D096F820B0BBF1200FF5D1B9F16E
:10186000000F01D0AFF3008001F0E6FF94F82E30B6
:10187000202B06D0A368C3F1020303441B02FF2BF5
:10188000E8DCBBF1200F37D05A460121FFF798F969
:1018900000286AD005EB0A03022684F82EB004EB78
:1018A000430393F83020022A43D04744FF222744C1
:1018B00084F8292097F82130202B03D094F839049C
:1018C00002F0EAFF237F002B40F0B380022E0BD101
:1018D000019BA068C01A01F027FDD4F8303443B151
:1018E00003B0BDE8F04F1847D4F83034002B40F077
:1018F000A58003B0BDE8F08F94F82A30002B64D1A6
:1019000094F82B30002B59D10420012602F078F8EE
:1019100002F0FEF82022D4F8343484F82E2000227D
:101920001A6005EB0A0304EB430393F83020022A04
:10193000BBD107EB08020621224483F8301092F84D
:1019400022102029CBB27FD02B4404EB430383F831
:1019500031A007EB08035544234404EB450583F805
:1019600022A0202385F831309FE705EB0B0396F882
:1019700020C0042004EB430393F8313086F8203074
:1019800063461946EB18594504EB430383F83000CE
:1019900093F83130F5D196F82220202AD3B21DD009
:1019A0002B4404EB430383F831C086F8221029440A
:1019B000202304EB410181F831304BE7052002F090
:1019C0001FF8002384F82B309EE702F04FFC002321
:1019D00084F82A3094E701F093FEF7E686F821C0F8
:1019E000E3E7D4E902304FF40C71C01A20F07F40D5
:1019F0001DF055F9E368019A0344D31A1B02FF3323
:101A0000FFF6D7AE94F82D30082194F82D20C3EBC3
:101A1000C303C2EBC20204EB820204EB8304D2F8DC
:101A2000B400D4F8B03098474FF46F71702002F0D2
:101A300093FE02F001FA0023A38347E74FF0FF3043
:101A400003B0BDE8F04F184782F821A081E70B4AA8
:101A500001981A44FEF792FF95F820B0EBE64FF498
:101A60007571702002F078FE40F2D731702002F0DC
:101A700073FE00BF0407002100000000BC07002126
:101A800038B50C46054602F0B7FC124991F82C30E7
:101A900001F1300C5FFA83FE0CEB831C002302E0A3
:101AA0000133202B14D01CF81320D8B2002AF7D110
:101AB00003EB4E1E0122C3EBC30301EB4E0E01EB01
:101AC00083038EF83020C3F8B050C3F8B44038BD5B
:101AD000184638BD040700211F280AD8C0EBC003F0
:101AE000012010B4044C04EB830310BCC3E92C1296
:101AF00070470020704700BF0407002108B502F0BE
:101B0000B7F901F04BFC01F00FFC80B208BD00BF3B
:101B10001F28034613D8104991F82C2000EB4212DD
:101B200001EB420292F8300050B191F82C2003EB07
:101B3000421201EB420292F83000012801D000204D
:101B4000704791F82CC0002203EB4C1301EB4303C8
:101B500083F83020704700BF0407002110B582B021
:101B6000684601F06FFEDDE9000401F0DDFB034B88
:101B70000021E4FB030102B010BD00BF0080841E01
:101B8000F8B5C0EBC000174C174F04EB8004D4F835
:101B9000B800D4F8C05001F0C7FBB4F8C630024614
:101BA00094F8C400A5FB0765013318440F4B9A4213
:101BB000104411D898420ADC002803DB801945F153
:101BC0000001F8BD3844801945F10001F8BDC01B83
:101BD000801945F10001F8BD40F26E51702002F00D
:101BE000BBFD00BF040700210080841EFF7F841E10
:101BF000AD4A5368C3F308032DE9F04F80468FB018
:101C0000002B40F02B810823019398F80030002B23
:101C100040F03181A54F0DF11009A54E0DF11C0BBF
:101C2000039326B100214FF4B760AFF3008097F81B
:101C30002C50EDB24FF0000387F8293026B1002177
:101C400040F2BD50AFF30080019B002B63D126B161
:101C5000002140F2C550AFF30080484601F0F2FD8C
:101C60002B4609AA99E803008BE803004146584631
:101C7000FFF762FB26B1002140F2CB50AFF30080AA
:101C800097F82D30202B00F09880FB680999CA1A2C
:101C90001202FF3280F291800A9A1A4423F07F43A5
:101CA000521A9942099322F07F420A9240F2A78089
:101CB0000B9BDDF80CA001330B930123029356B16B
:101CC000002140F2DE50AFF3008026B1002140F247
:101CD000E450AFF30080079A099C0A9BA41A9B1A50
:101CE00024F07F4423F07F43B4F5000F98BFB3F591
:101CF000000F94BF0124002464D9019B002B3ED126
:101D0000BAF1000F70D197F82930002B89D10398D0
:101D10000FB0BDE8F08F674B6C1C03EB851E04F021
:101D2000010403EB841CBEE80F00ACE80F00BEE822
:101D30000F00ACE80F00BEE80F00ACE80F009EE813
:101D40000F008CE80F0026B1002140F22E50AFF3B7
:101D5000008005EB450504EB440320352033795B17
:101D60007A1925469278F9523B449A70002E3FF436
:101D70006EAF002140F23250AFF3008067E7089B5E
:101D80001046214609AA0B93FEF7F8FD1F23099878
:101D90008DF8303001F0C8FABDF832209DF83030AF
:101DA00001321A44444B9842024478D89A4268DC83
:101DB000002A4DDB1346002218E04FF0000ACDF850
:101DC00008A07CE7019B002B36D1029BE3B9002ED3
:101DD0003CD0DDF808A0002140F2F7500394AFF3A7
:101DE0000080BAF1000F8ED0D8E904320B99334845
:101DF000E1FB0032C8E904320123039383E70123A6
:101E0000DDF80CA002935AE7099801F08DFABDF8AD
:101E100032209DF8303001321A44274B9842024458
:101E20003DD89A4230DC002A15DB13460022C8E96F
:101E30000432002ECDD1D9E72B4609A92048FFF75F
:101E400087F9029B0343DBB20293BEE703945AE790
:101E50001A4B1344AFE7194B1344E7E7103B59B251
:101E6000002914DB174B5B5C5B09019398F8003089
:101E7000002B3FF4CFAE0023039303980FB0BDE8CF
:101E8000F08F114B134496E70F4B1344CEE703F04A
:101E90000F03043B13441B7E5B090193B5E640F23C
:101EA0006E51702002F058FC00ED00E004070021A4
:101EB0000000000034070021FF7F841E0080841E84
:101EC0000040420F00E400E000807BE1B44A536828
:101ED0002DE9F04FC3F3080395B002900691002B53
:101EE00040F0A28208230593069B1B78012B00F289
:101EF0009683DFF8B0B2DFF8B0A2BAF1000F04D0D9
:101F0000002140F20670AFF30080029B00250126FD
:101F1000C3EBC3039B000993BAF1000F04D0002167
:101F200040F21170AFF3008026B9A04B0BB1AFF3B4
:101F3000008062B69BF82C305FFA83F84FF0000EF9
:101F4000059B8BF829E0002B40F01F82CDF80C8018
:101F5000BAF1000F04D0002140F22570AFF30080E9
:101F60000AA80DAC01F06EFC0AA943460FAA03C9EA
:101F700084E8030006992046FFF7DEF9BAF1000F66
:101F800004D0002140F22C70AFF30080DDE9022381
:101F900002EB43115E010BEB410191F83030013B44
:101FA000012B00F2F9800D9BDDF83C90109A8048DF
:101FB000D21AA9EB0303184023F07F4322F07F429B
:101FC000003818BF0120B3F5000F88BF0020B2F51C
:101FD000000F8CBF002000F001000490002840F0AA
:101FE000EB800398042200EB400381F8302042008C
:101FF0005B44089293F822102029CAB200F06B8249
:102000003244029B0BEB420282F831300246089BBD
:1020100000251344029A5B44164483F822200BEBFC
:102020004606202386F8313001230493BAF1000FCD
:1020300004D0002140F23170AFF300805D4B0BB152
:10204000AFF30080EFF310873E4672B6BAF1000F8F
:1020500004D0002140F23770AFF300809BF8294094
:10206000002C7FF459AFBAF1000F04D0214640F2A2
:102070003F70AFF30080099B0DF13C0E0BEB030C9E
:10208000BEE80F000CF1B80CACE80F00DEF8003031
:10209000CCF80030049B002B00F09282BAF1000FC4
:1020A00004D0002140F24C70AFF30080059B002B60
:1020B00000F09082D5B19BF82D30202B16D1BAF1CB
:1020C000000F04D0002140F25170AFF30080414670
:1020D0000220FFF765FA002840F08E82069B1978EF
:1020E000002900F03E82012900F09481BAF1000F2E
:1020F00004D0002140F26E70AFF300809BF82C30CA
:10210000DB4303F001038BF82C30FF238BF82930DD
:10211000BAF1000F04D0002140F27F70AFF30080CD
:10212000022C00F0CB81012C05D1DBF8303413B147
:102130004FF0FF30984727B91C4B0BB1AFF300802D
:1021400062B6BAF1000F04D0002140F28F70AFF3F5
:102150000080049BA3B19BF82C3003EB43035B444A
:1021600093F82130202B0BD0BAF1000F04D00021BE
:1021700040F29670AFF300809BF8390402F08CFBBC
:10218000BAF1000F04D0002140F29B70AFF3008041
:10219000049815B0BDE8F08F0023049346E700BF14
:1021A00000ED00E004070021000000000000000036
:1021B000FEFFFF0000000000039A02EB42035B44B5
:1021C00093F820405300202C089300F0AA8120238C
:1021D0004F460193C4EBC402E5000BEB8202D2F838
:1021E000BC30FB1A1B02FF3325DBBDF84A30002B45
:1021F00000F0BF80B2F8C630002B40F0BA80D2F8B1
:10220000B89001F0BDFF40F25633984200F02F81A4
:1022100040F2F553984200F02681B0F5C67F14BF16
:1022200001220E22A7EB09073F0248BFFF37B2EB9E
:10223000272F40F39E80DDF80490281B10990BEBAC
:102240008000D0F8B870791A0902FF317CDBB0F851
:10225000C61019B1BDF84A1000295AD0019B994502
:1022600000F05781B9F1200F00F0D481019B202BA1
:1022700006EB09030BEB430393F8312000F03481A4
:10228000019BF3180BEB430393F8315083F8312093
:102290002946052473180A4608460BEB430391456B
:1022A00093F8311083F83040F4D1039C089B234409
:1022B0005B4493F82270202FFCB200F04F8134442D
:1022C0000BEB440484F83150089B3244039C0BEB25
:1022D000420223445B4483F822002020029B82F8C0
:1022E0003100F3180BEB430383F83110019B834259
:1022F00000F01D811C463444029B00250BEB440476
:1023000084F831301E4403230BEB460686F8303048
:102310008CE60F99079101F033FF40F2563207998E
:1023200040F2F553904200F0A080984200F099806E
:10233000B0F5C67F14BF01200E207F1A3F0248BFB0
:10234000FF37B0EB272F89DD2D1B9DF84C100BEBD1
:10235000850595F8C800884240F28B803119A14666
:102360000BEB410191F83140202C00F0CE80E500CC
:1023700063E733190BEB430393F83130202B00F064
:10238000E18001941C460F9F24E7AA4C08F1010745
:1023900004EB881C07F00107BCE80F0004EB87146E
:1023A00003970FC4BCE80F000FC4BCE80F000FC4B4
:1023B0009CE80F0084E80F00BAF1000F04D07146CA
:1023C00040F22E50AFF3008008EB480207EB4703C2
:1023D000203220333BF802100BEB020082782BF8FE
:1023E00003105B449A70BAF1000F0CD0002140F248
:1023F0003250AFF30080BAF1000F04D0002140F258
:102400001B70AFF300809BF82930002B7FF484AD64
:10241000B8469DE5BAF1000F3FF486AD014640F2A3
:102420006470AFF3008077E5103B59B2002964DB9C
:10243000814B5B5C5B090593002B7FF455ADDFF8A6
:10244000FCB19BF82D30202B00F0EE80069B1B7812
:102450000593002B3FF44FAD40F2FF61702002F076
:102460007BF9332069E73322DCE61D2065E71D2276
:10247000D8E6039A0420089B1344029A5B44B218DE
:1024800093F822100BEB4202202982F83000CAB2E6
:1024900026D03244029B0BEB420282F83130039A81
:1024A0000025089B1344029A5B44164483F82220BB
:1024B0000BEB4606202386F83130B7E50D9BDBF8A1
:1024C0000800C01A00F030FFDBF83034002B3FF476
:1024D00032AE98472FE6029A83F82120024696E50D
:1024E000029A83F82120DAE7089B03990B445B44A6
:1024F00093F8205083F82020CAE603F00F03043B32
:1025000013441B7E5B09059396E7019B99457FF475
:10251000ADAE202B15D1089B039A13445B4493F86E
:102520002040029BF3180BEB430383F83140039ADE
:10253000089B049D1344029A5B4483F820201346B1
:10254000E0E61C46029B3219F3180BEB42020BEB40
:10255000430392F8312083F83120CCE683F82150F0
:10256000B2E6BAF1000F03D040F25970AFF3008029
:102570009BF82C300420DDF808C003EB43010CEB82
:1025800043125944DEB20BEB420291F8224082F82A
:1025900030005A01202C4FEA4303E0B236D0111824
:1025A0000BEB410181F831C0614633440A44049584
:1025B0005B440BEB420283F82210202382F8313077
:1025C000BAF1000F3FF4B7AD002140F27F70AFF3D6
:1025D0000080B0E5BAF1000F14D0194640F26E70D9
:1025E0001C46AFF30080FF23214640F27F708BF83A
:1025F0002930AFF300809EE50446BAF1000F7FF466
:1026000078AD7BE5FF238BF8293094E581F821C074
:102610006146CAE740F29121702002F09DF840F235
:102620000371702002F098F840F2FC61702002F013
:1026300093F800BF3407002100E400E00407002104
:102640002DE9F04FB44C83B04FF00109DFF8CC8294
:10265000064694F82C3004F1300AB8F1000F04D08B
:10266000002140F2AC70AFF30080B9F1000F04D14B
:10267000AB4B0BB1AFF3008062B64FF0000384F8B0
:102680002930B8F1000F04D0002140F2B170AFF34F
:10269000008094F82C506F1C5FFA85FB0AEB8515BF
:1026A00007F001070FCD0AEB871CACE80F000FCD38
:1026B000ACE80F000FCDACE80F0095E80F008CE8F8
:1026C0000F00B8F1000F04D0002140F22E50AFF3FC
:1026D00000800BEB4B0B07EB47030BF1200B203378
:1026E00034F80B1004EB0B029278E15223449A70F9
:1026F0007A00B8F1000F06D0002140F2325001926A
:10270000AFF30080019A94F82910002944D1B8F160
:10271000000F05D040F2BB700192AFF30080019A28
:1027200006EB47137D0104EB430393F83030032B92
:1027300014D1D319234493F820B05E4500F0BC8037
:10274000BBF1200F0AD05B46E918184604EB4103A1
:1027500093F831309E4229D0202BF5D1B8F1000FEB
:1027600000F0D780002140F2EF700D46AFF30080FB
:10277000B9F1000F04D16A4B0BB1AFF3008062B620
:10278000B8F1000F04D0002140F60400AFF3008040
:10279000284603B0BDE8F08FB8F1000F3FF465AFF5
:1027A000002140F2B770AFF3008056E7202BD5D060
:1027B0009B4500F085802B44284404EB430304EB45
:1027C000400093F8313080F83130B8F1000F59D023
:1027D000002140F29940AFF3008000214FF4F860EF
:1027E000AFF30080AB1904EB430393F83020002AC9
:1027F00048D0062A46D0032A44D0052A42D00122D6
:1028000083F83020B8F1000F04D0002140F2C970E5
:10281000AFF30080434B0BB1AFF30080EFF31089AF
:1028200072B6B8F1000F04D0002140F2CE70AFF3C1
:10283000008094F82950ADBB5E4503D194F82D304B
:10284000202B56D0B8F1000F04D0002140F2E670E2
:10285000AFF3008094F82C30DB4303F0010384F8DD
:102860002C30FF2384F82930B8F1000F04D0002168
:1028700040F2EF70AFF30080022D2CD0012D08D074
:10288000012575E73544012304EB450585F8303013
:10289000B8E7D4F83034002B3FF46AAF4FF0FF3084
:1028A000984765E7B8F1000F3FF4DFAE002140F232
:1028B000D270AFF30080D0E6BBF1200F3FF44EAFF3
:1028C00005EB0B033A4404EB4303224493F8313005
:1028D00082F8203079E700F0AFFFA3680125181ACD
:1028E00000F022FDD4F83034002B3FF441AF98477C
:1028F0003EE739460220FEF753FE05460028A1D1E7
:10290000B8F1000F05D0014640F2E170AFF300804E
:1029100024E745462CE700BF040700210000000023
:10292000000000000000000008B5002001F038F8A9
:102930000068003818BF012008BD00BF014B93F8A4
:10294000380470470407002170B5072800F2A18001
:10295000DFE800F01E5167769F7C8704704C94F886
:102960002D30202B00F0B58094F82D20052194F80F
:102970002D30C2EBC202C3EBC30304EB830304EBB1
:102980008204D3F8B400D4F8B030BDE870401847E2
:10299000634C94F82A30002B00F09580E38A002BDA
:1029A00040F0878094F82D30202B00F09880FF2392
:1029B000616884F827304B1C05D0052000F064FFC7
:1029C000002800F0A380637E012B00F08B8094F838
:1029D0002D30012194F82D20C3EBC303C2EBC202BA
:1029E00004EB820204EB8304D2F8B400D4F8B030D4
:1029F000BDE8704018474A4C94F82D30202B6BD01E
:102A0000012584F8265001F0F3FD002874D094F8D5
:102A10002A30002B48D094F82D30002194F82D2036
:102A2000DAE73F4C01F008FAE38A1BB101F0E0FD60
:102A3000002866D001F02CFA08B10123637770BD3D
:102A4000374B0122D3F834341A6070BD344C94F8FB
:102A50002B306BB194F82A3003B3002384F82B3069
:102A600070BD2F4BBDE8704093F8380401F014BFDF
:102A700094F82D30202B3CD04FF0FF3294F82730C3
:102A80006260002B47D094F82D30062194F82D2059
:102A9000A2E740F67801702001F05EFE01F076FBBF
:102AA000012384F82A30D8E701F070FB84F82A501B
:102AB000B1E701F09DFD00287FF474AF40F63101CD
:102AC000702001F049FE01F061FB012384F82A30F7
:102AD00064E7FDF7B3FF47E7FDF7B0FF90E7FDF7C9
:102AE000ADFF64E7E068013820F07F4000F0A6FD0C
:102AF0006DE7FDF7A3FFBFE740F65B01702001F033
:102B00002BFE40F66501702001F026FE40F63601EE
:102B1000702001F021FE40F64D01702001F01CFEF6
:102B2000040700210E4B93F82D20202A11D093F892
:102B30002D00042193F82D20C0EBC000C2EBC2028F
:102B400003EB820203EB8003D2F8B400D3F8B03079
:102B5000184740F68401702010B501F0FDFD00BF5C
:102B60000407002170B53A4D82B095F82D30202B26
:102B700068D06B68013356D195F82D400646C4EBFA
:102B8000C40405EB8404D4F8B80000F0CDFBB4F81D
:102B9000C62094F8C410531C2E4A0B4490420344A0
:102BA00029D893422CDC002B1FDB33442A4A96425F
:102BB00043DC2A4A96423BDD264A934223DC002B23
:102BC0002EDB18460DF1030201A900F0BBFB9DF8B6
:102BD0000320019995F827300F2A88BF013121F091
:102BE0007F41696093B902B070BD1D4A1A4419490A
:102BF00093198A42DAD940F26E51702001F0ACFD8F
:102C0000184A1A44F3E717481844DBE7052000F098
:102C10003BFE0028E7D140F6A821702001F09CFD82
:102C20000F481844CEE740F6A121702001F094FD32
:102C30004FF4AE61702001F08FFD40F26F517020B3
:102C400001F08AFD4FF42A61702001F085FD00BF7C
:102C500004070021FF7F841E0040420FFFBFBDF02C
:102C60000080841E00807BE110B50A4C94F82F3060
:102C700063B194F83834FF2B01D0002010BD01F06F
:102C8000EFFD0346002084F8383410BD6FF02200B9
:102C900010BD00BF0407002138B50E4B04460BB130
:102CA000AFF30080EFF3108572B60620214600F0E6
:102CB000EBFD044625B9084B0BB1AFF3008062B6BB
:102CC00004B138BD054B93F83804BDE8384001F035
:102CD000E3BD00BF00000000000000000407002169
:102CE00000F0AABD254910B591F82D30202B40D019
:102CF00091F82D4091F82C3091F82CE0E4B203EBE0
:102D000043035FFA8EFE0B4493F82030202B20D033
:102D10004FEA4E1E06E0734401EB430393F8313053
:102D2000202B16D0C3EBC30201EB820292F8C8C07D
:102D30008445F0D8C4EBC404D2F8B80001EB840495
:102D4000D4F8BC30C01A000210F1FF0F04DA0020E2
:102D500010BD4FF0FF3010BD00280C68B8BFFF3029
:102D6000001200F0E1FA04F174038342EFD8001B73
:102D700010BD40F60231702001F0EEFC0407002186
:102D800008B5064B93F82D20202A01D0187E08BDE7
:102D900040F62A31702001F0DFFC00BF040700215B
:102DA0002DE9F04F8D4C85B094F82D20202A00F0AD
:102DB0000F8194F82D60804694F82C208946206875
:102DC00003A902EB4202E3684044F6B222440193B5
:102DD00092F820500DF10B0200F0B4FAA8F1740142
:102DE0007F4A91425DD8C6EBC606039A04EB86067D
:102DF000D6F8BC001044A268821A22F07F42B2F5D5
:102E0000000F4ED820F07F4094F82C20202D84F81D
:102E100018905FFA82FBE06000F0D0804FF0200A4B
:102E2000C5EBC50CEE0004EB8C0CDCF8B870381A5E
:102E30000002FF3054DBBCF8C6300BB1E38AA3B309
:102E4000052000F0DDFD94F82C004FF0FF33BAF1BF
:102E5000200FC0B2636040F0AF8000EB400020253F
:102E6000204490F8202094F82C1094F82D3003EB97
:102E7000411304EB430383F8312023684344236068
:102E8000637EFF22012B84F8292000F08B80202D07
:102E900043D094F8390401F0FFFC002005B0BDE8F0
:102EA000F08F012005B0BDE8F08FD4F8089001F054
:102EB00067F940F25633984227D040F2F5539842D2
:102EC00021D0B0F5C67F14BF01200E20A7EB090763
:102ED0003F0248BFFF37B0EB272FB1DD94F81890C1
:102EE000761B04EB860696F8C81049450FD905EB0A
:102EF0004B1104EB410191F83160202E11D0AA460C
:102F0000E06835468CE73320E0E71D20DEE702204D
:102F1000019BE36005B0BDE8F08F002005B0BDE87F
:102F2000F08F052000F06CFD94F82C004FF0FF337B
:102F3000C0B2636000EB40034FF0050C05EB40129C
:102F400023444FEA400E04EB420293F820904601DE
:102F500092F8312083F820204A46B31811461746CC
:102F600004EB43038D4293F8312083F830C0F4D151
:102F70000EEB0003234493F822A0BAF1200F5FFA6E
:102F80008AFC16D0B44404EB4C0C8CF831903144DC
:102F90007044202304EB4101204481F8313080F853
:102FA000227060E7E368013B23F07F4000F046FBBE
:102FB0006DE783F82190EAE75546BBE7052000F06E
:102FC0001FFD4FF0FF3394F82C006360C0B244E75C
:102FD0004FF43361702001F0BFFB00BF04070021F4
:102FE0008C3F420F2DE9F84FA24C94F82C3000EBA7
:102FF000431304EB430393F83030002B00F034818B
:1030000094F82C6005469C4FF6B227B1002140F69B
:103010007630AFF300804FEA461805EB461604EB16
:103020004606002F40F0B48008EB050604EB460688
:1030300096F83030012B06D10FE01BF06AFE96F8AF
:103040003030012B09D01A1F022AF6D808EB0503ED
:10305000012204EB430383F830204FF0010ADFF82C
:103060001C9227B1002140F68D30AFF30080BAF1F9
:10307000000F04D1824B0BB1AFF3008062B64FF06A
:10308000000384F8293027B1002140F69230AFF3D5
:10309000008094F82CC00CF101065FFA8CF809EB63
:1030A0008C1C06F00106BCE80F0009EB861EAEE89A
:1030B0000F00BCE80F00AEE80F00BCE80F00AEE860
:1030C0000F009CE80F008EE80F0027B1002140F2AE
:1030D0002E50AFF3008008EB480806EB460308F1DA
:1030E00020084FEA460B203334F8081004EB08029E
:1030F0009278E15223449A7027B1002140F2325075
:10310000AFF3008094F82910002956D11FB140F682
:103110009C30AFF300800BEB0603234493F82100AF
:10312000202810D0854200F08A80804671014246F6
:10313000C2468B1804EB430393F83180454545D0D4
:10314000B8F1200FF3D127B100214FF43A60AFF36B
:1031500000804C4B0BB1AFF30080EFF310839A4625
:1031600072B694F82920002A60D184F82C60FF22DE
:1031700084F8292023B9424B0BB1AFF3008062B62B
:1031800027B1002140F6B330AFF30080BDE8F88FDF
:1031900096F83030012B3FF460AF1A1F022A5FD936
:1031A000002140F68230AFF300801BF0B2FD002119
:1031B00040F68630AFF3008033E7002F3FF457AF7F
:1031C000002140F69830AFF300804AE7B8F1200FB5
:1031D000B9D0404539D00A44414404EB410104EBE5
:1031E000420291F8313082F8313027B1002140F2AB
:1031F0009140AFF300800BEB0603234493F8223099
:10320000984507D0002FA4D0002140F29940AFF399
:10321000008098E727B1002140F29440AFF300808E
:103220000BEB0603234483F822A0EBE7002F3FF4C7
:103230001EAF002140F6A630AFF3008011E7202832
:1032400081D080464FF0200A710101440BEB060348
:1032500004EB4101234491F8312083F82120C4E795
:10326000012386F83030A2E740F66D31702001F07E
:1032700073FA00BF0407002100000000340700219A
:10328000000000000000000070B582B00446104647
:103290001D4600F049F80646684600F0D3FA019B47
:1032A0001D49A3FB0132E21A1BD41C4B9A4229DCB4
:1032B000B11A1B4B994209D3921B9A420BD3174B5D
:1032C000994216D89A4222D91649891AA5F10F00B7
:1032D000401A02B070BD5142A5F10F00401A02B071
:1032E00070BD0A44002AE3DA40F6C831702001F0CC
:1032F00033FA01F1F451A5F10F0001F59021401AC4
:1033000002B070BD40F6C931702001F025FA40F6D8
:10331000C221702001F020FA0080841EFF7F841EED
:103320000040420F00807BE143F60952C0F30803DE
:10333000400A02FB03F302FB00F003F5807300EB8D
:103340005320704748F2376C430B0CFB03F300B576
:103350004FEA134C43F6095E0F4B0EFB1C0000FBBB
:1033600003F35B0D0EFB03FE03EB4C2343F6085CFB
:10337000F444B0EB5C2F08D80EF5807E0B60A0EB18
:103380005E20C0B210705DF804FB013300200B60BA
:1033900010705DF804FB00BF6F0C010048F237614C
:1033A000420B43F6095C094B01FB02F2120C0CFBC9
:1033B0001201500201FB0333013B5B0D0CFB03FCCC
:1033C000B1EB5C2F88BF0130184470476F0C0100CF
:1033D00030B4304B002204244FF080712E484FF45B
:1033E00080551A709C709A605960C0F88050BFF385
:1033F0004F8FBFF36F8F01211A734FF40034C0F861
:103400008051264B4FF0FF355960C3F80853C3F87D
:103410004025C3F84021C3F84425C3F84421C3F82C
:103420004825C3F84821C3F84C25C3F84C2119613D
:10343000C0F88040BFF34F8FBFF36F8F184AC0F8BA
:10344000804151609160D2F80435002BFBD14FF0E0
:10345000FF314FF400341048C2F80813C2F8481383
:103460004FF48271C2F84035C2F84031C2F8443599
:10347000C2F84431C2F84835C2F84831C2F80431C4
:103480000123046013600223C2F84413C2F804331A
:1034900030BC7047400B002100E100E000C000415B
:1034A000001001415C4970B50D78012D40F0968007
:1034B0004B68834200F09180584B0622C3F80825E0
:1034C00003F50053564AC3F80823564B564AC3F82F
:1034D00048230022C3F84425C3F84421514BD3F8B4
:1034E000482122B9D3F80431002B00F08E804D4AD8
:1034F0004FF4803600234D4CC2F80863C2F848638D
:10350000C2F84031D2F80435C31A234204D023F064
:103510007F43B3F5000F08D9424B002240F29321BC
:103520006C20C3F8402501F017F9C2F84005C2F835
:1035300044632DB14D68D2F80435EB1A2342FAD01A
:10354000012600223A4C4FF480558A700E61C4F86F
:103550008050BFF34F8FBFF36F8F364B48604FF0F3
:10356000FF30C4F880510A735E60C3F80803C3F8E3
:103570004025C3F84021C3F84425C3F84421C3F8CB
:103580004825C3F84821C3F84C25C3F84C211E61D7
:10359000D3F80425284822F00302C3F80425D3F801
:1035A000082522F0030242F00202C3F80825042293
:1035B000C3F81025DE600E69C3F80062C4F88051BC
:1035C0002560184CC4F8C001A4F50054C3F880006D
:1035D00040F20143C4F804250B8070BD0F4B062256
:1035E000C3F8082503F500530D4AC3F80823002D3E
:1035F0007FF46BAFC3F84823C3F84055C3F840517C
:10360000C3F84455C3F8445168E7094B4FF40032FE
:10361000C3F880216BE700BF400B002100F00041A0
:10362000FDFFFBFF00100141FDFFFAFFFEFFFF0061
:1036300000E100E000C00041020000802A4970B5AE
:103640000E784B68022E41D0834247D00B7B002B73
:103650003FD0264B02224FF48035254CC3F8082575
:103660000023244AC2F80853C2F84853C2F8403134
:10367000D2F80435C31A234204D023F07F43B3F5B4
:10368000000F08D91B4B002240F2B1216C20C3F877
:10369000402501F061F8C2F84005C2F844532EB14C
:1036A0004D68D2F80435EB1A2342FAD0124B40F29F
:1036B0000242104D114C48600220C5F8C031C4F8D8
:1036C0008C300A4BC3F804050A8070BD8342BDD11B
:1036D00070BD40F2A5216C2001F03EF840F2A1211E
:1036E0006C2001F039F800BF400B002100F00041D0
:1036F000FEFFFF00001001410100008000C00041FA
:1037000070B5404B4049414CC3F808132278002A59
:1037100044D1C3F84813C3F84025C3F84021C3F887
:103720004425C3F84421D3F84831002B65D1354BEB
:10373000D3F80431002B5AD0022A5ED1314A636893
:10374000D2F80405033020F07F40834211D0D2F834
:1037500004259A1A22F07F41B1F5000F09D82C49AF
:10376000114031B1FFF79EFE23692A4AC2F80032A8
:1037700070BD2449284AD1F804051B1A1A4022B109
:1037800023F07F43B3F5000F15D901220021134622
:103790002261204AA170C2F8003270BD00211F488A
:1037A000C3F84803C3F84415C3F84411D3F84831AB
:1037B000002BC1D1BBE70123164A19480226194D37
:1037C0004FF0000C2361C0F8086584F802C0536014
:1037D000D360C1F8C0510421C2F8805040F20142C8
:1037E000C0F8041522800B4AC2F8003270BD0E4B9F
:1037F0004FF40031C3F880119EE740F2BD216C20E8
:1038000000F0AAFF00100141FDFFFBFF400B00216B
:10381000FCFFFF0000C00041FEFFFF00FDFFFAFFBC
:1038200000F000410200008000E100E0014B586818
:10383000704700BF400B0021014BD3F804057047CF
:103840000010014170B4EFF3108672B60C4A0D49B6
:10385000D2F80445D2F804315BB100258B680133FE
:103860008B60C2F80451D2F80445D2F80431002B21
:10387000F4D18B6806B962B6C0E9004370BC7047EA
:1038800000100141400B0021032870B521D83E4BA8
:103890005A68B2F1807F52D01A78022A5DD03B4D2F
:1038A00082000123103003FA00F602F140002A449E
:1038B000C5F808634351D2F84045A1EB040C2CF045
:1038C0007F4CBCF1020F42D800231846C2F84035A5
:1038D00070BD031FDCB2022C4CD82B4B1A7812B1EE
:1038E0005B7883424BD00C300122A300284DC0B23C
:1038F00003F5A07382400020C5F80823C5F84823CB
:103900005851D5F80405234B081A034020F07F4096
:10391000B0F5000F8CBF00200120002B08BF002055
:1039200020B904F5A87345F8230070BD04F5A87309
:1039300045F82310C5F80423C5F8442370BD1A7B4D
:10394000002AA9D140F24D316C2000F005FFC2F8E9
:1039500040151846C5F8046370BD5C780E4A231FF5
:10396000032CDBB24FEA83031A4498D91368002B67
:10397000FCD094E740F271316C2000F0EDFE40F293
:103980006D316C2000F0E8FE400B002100C00041CA
:1039900000100141FEFFFF0040110141002070476F
:1039A000032808B503D8084B03EB800008BD043892
:1039B000C0B2022803D8054B03EB800008BD40F2DB
:1039C00095316C2000F0C8FE40C10041401101411A
:1039D000032808B503D8084B03EB800008BD043862
:1039E000C0B2022803D8054B03EB800008BD40F2AB
:1039F00095316C2000F0B0FEC0C10041C011014102
:103A0000032870B582B014D800F11004820001219F
:103A1000384B02F5A07200F5A870A1400024C3F84D
:103A2000081343F82040D450D3580093009B02B0B1
:103A300070BD031FDBB2022B57D82F4A117801BB90
:103A40000C3001212D4A03F5A874C0B29B0001FA85
:103A500000F0C2F80803C2F8480352F82400D2F874
:103A60000415401A2649014029B1002103F5A07030
:103A700042F824108150234A9B580193019B02B0C5
:103A800070BD54788442DBD11F4C06250129C4F84F
:103A9000085505D000244FF0807114705160CFE7B5
:103AA0001A4C4FF48055C4F88050BFF34F8FBFF3CA
:103AB0006F8F4FF0FF36C4F880510E4C00256160C7
:103AC0001573C4F80863C4F84055C4F84051C4F8ED
:103AD0004455C4F84451C4F84855C4F84851C4F892
:103AE0004C55C4F84C512161D4E740F2F5316C20BB
:103AF00000F032FE00C00041400B002100100141E7
:103B0000FEFFFF004011014100F0004100E100E034
:103B10001E4B1F491F4AC3F8081312783ABBC3F85B
:103B20004813C3F84025C3F84021C3F84425C3F81F
:103B30004421164BD3F8482112B9D3F80431FBB114
:103B4000154B00224FF0FF31C3F80813C3F840258E
:103B5000C3F84021C3F84425C3F84421C3F84825DD
:103B6000C3F84821C3F84C25C3F84C217047002204
:103B70000A49C3F84813C3F84425C3F84421D8E7D9
:103B8000074B4FF40032C3F88021D9E70010014100
:103B9000FDFFFBFF400B002100C00041FDFFFAFFCD
:103BA00000E100E0434BD3F80423D00310B503D564
:103BB000D3F84021002A40D13E4BD3F8042391038F
:103BC00003D5D3F84421002A55D13A4BD3F8042326
:103BD000520302D5D3F848218AB9364BD3F80421D1
:103BE00002B910BD344A002434494FF40030C3F800
:103BF0000441C1F8800193680133936010BD2F4ADE
:103C000000244FF400302E49C3F84841C2F8800127
:103C1000D3F84825D3F80435D31A194021B123F03D
:103C20007F43B3F5000FD8D9224B4FF480220620F2
:103C3000C3F80823FEF788FECFE7204A00244FF49C
:103C400000301F49C3F84041C2F88001D3F8402535
:103C5000D3F80435D31A194021B123F07F43B3F5CB
:103C6000000FA9D9134B4FF480320420C3F8082366
:103C7000FEF76AFEA0E7114A00204FF40031C3F8B6
:103C80004401C2F88011D3F84425D3F80435D31A7F
:103C900023F07F42B2F5000F03D8094A1A40002AE8
:103CA00093D1044B4FF400320520C3F80823FEF7EC
:103CB0004BFE8AE700100141400B002100E100E0CB
:103CC000FEFFFF0030B5594C85B0A378042B32D0ED
:103CD00023785BB1012B00F0A180237B002B00F047
:103CE0009F80022360782370FFF78AFE504BD3F841
:103CF0000423150302D5D3F84C2112BB4C4BD3F847
:103D00000423500303D5D3F84821002A34D1484B6B
:103D1000D3F80423910303D5D3F84421002A46D1D4
:103D2000434BD3F80423D20303D5D3F84021002A10
:103D300058D105B030BD072005B0BDE83040FEF7D2
:103D400003BE00224FF400203A49C3F808030320C1
:103D5000C3F84C25C3F84C21D3F84C3100934FF4F1
:103D60008053009AC1F88031FEF7EEFD304BD3F856
:103D700004235003CBD5C6E700224FF480202D4901
:103D8000C3F808030220C3F84825C3F84821D3F834
:103D9000483101934FF48053019AC1F88031FEF706
:103DA000D3FD234BD3F804239103B9D5B4E7002204
:103DB0004FF400301F49C3F808030120C3F844251D
:103DC000C3F84421D3F8443102934FF48053029A4C
:103DD000C1F88031FEF7B8FD154BD3F80423D203A8
:103DE000A7D5A2E700204FF48031124AC3F8081388
:103DF000C3F84005C3F84001D3F840112061039196
:103E00004FF48051039DC2F880110422A270C3F8C0
:103E1000000205B0BDE83040FEF796BD237360E7B1
:103E200040F29F416C2000F097FC00BF400B002146
:103E300000C0004100E100E0074B93F90030002B87
:103E400009DB5A09012103F01F030448403201FA3B
:103E500003F340F822307047540B002100E100E0EA
:103E6000024B00221A705A80704700BF580B002185
:103E7000014B5888704700BF580B0021034B18783E
:103E8000023801288CBF002001207047580B002108
:103E9000034B1878A0F10300B0FA80F04009704796
:103EA000580B0021BFF35F8F024A137803F0FE0323
:103EB000137070475C0B0021064B1A78D20707D4A9
:103EC0001A7842F001021A70BFF35F8F0120704729
:103ED000002070475C0B002108B5FEF701FF0A4A7D
:103EE000034652685069C31A1B02B3F5407F03DBD7
:103EF000BDE80840FEF7D0BEFFF7D4FFFEF71EFD79
:103F0000BDE8084000F0C8BC5C0B002170B40E4D49
:103F10006B6823B96860C36170BCFFF7DDBF466999
:103F20001A4600245169711A0902FF3109DBD1696F
:103F3000144621B9E369C361E06170BC70470A4669
:103F4000F0E79342F6D1E5E75C0B0021074A53689E
:103F5000834203D1DB6953607047134623B1DA69AA
:103F60009042FAD1C269DA61704700BF5C0B002150
:103F70002DE9F0413A4FFEF7B3FE01467C68002C74
:103F80006BD0FFF799FF804630B9C81C20F07F4006
:103F9000BDE8F041FEF780BE7B685869411A09020E
:103FA000B1F5407F21DA2F4E2046FFF7CFFF257C69
:103FB00005B36369013D03F580032574002523F0F3
:103FC0007F436361FFF7A2FF7C6854B1FEF788FE70
:103FD00003466069C31A1B02B3F5407F36DBFEF768
:103FE0005BFEBDE8F041FFF75DBFFFF75BFF7B685D
:103FF0005869CDE7A069C8B1B042217A1DD9B0FB9C
:10400000F6F506FB1505002D08BF354628461AF0C3
:1040100037FE6369184420F07F406061A069401B4F
:10402000B0FBF6F020742046FFF770FFFFF73AFF71
:104030002046E36845469847C6E71AF021FE6369C3
:104040002574184420F07F406061ECE7002DABD070
:10405000FEF774FC00F020FCC3E7BDE8F08100BF70
:104060005C0B00210020A1070148FEF7FDBD00BF49
:10407000713F00012DE9F04105468846FFF71CFF1E
:1040800000286ED04DB3384B5E6816BB1022314607
:10409000A81800F009FDFEF723FEB8F1010F07464E
:1040A00021D018F0FD0F57D12B7A2C68002B4BD064
:1040B0003D2C4CD8B8F1020F4FF03F0400D1AC6159
:1040C000297A20461AF0DCFD074427F07F476F610C
:1040D00033E0B54201D0F669D7E76FF01500FFF77E
:1040E000E1FEBDE8F0812868DFF880804045F4D823
:1040F000297A1AF0C5FDC01B0302E6D43846FFF743
:1041000013F92C68844238BF4444241ADFF86080D5
:104110004445D5D9297AB4FBF8F608FB1646002E9B
:1041200008BF46463046A61B1AF0AAFD0744B6FB58
:10413000F8F627F07F472E746F612846FFF7E6FEFA
:104140000020FFF7AFFECCE75D2C38BF5D24B8F14F
:10415000020FDBD1AC61D9E74FF4B2716E2000F0F1
:10416000FBFA6FF02200BCE75C0B0021E17F841EAC
:104170000020A107014B9888704700BF640B002105
:10418000014B5888704700BF640B002110B5EFF356
:10419000108472B6064A93790133DBB29371937936
:1041A000012B01D100F00AFA04B962B610BD00BFBC
:1041B000640B002170B50B4C26785EB90125A06018
:1041C0002570FFF7E3FF00F013FA28B9064B2573BB
:1041D000C3F80453002070BDA368002BFAD09847A1
:1041E000A660F7E7640B00210050004108B5FFF717
:1041F000CDFF00F0FDF9084A084B30B101211161F3
:1042000004225A7300229A7308BD032159730121B5
:10421000C2F80413F6E700BF00500041640B002110
:1042200038B5114CE37BB3B1A27B013B9A4212DA61
:1042300000F0DEF9054600F0D5FAE37B012B82BFE2
:10424000A37B0133A37355B12369C31A0133022B36
:1042500009D935B12061BDE83840FFF7C7BF6369B0
:10426000F3E76061F7E738BD640B002110B5EFF3A9
:10427000108472B60A4B9A7922B94FF48E716D2070
:1042800000F06AFA9A79013AD2B29A719A791AB917
:104290001B7E0BB900F098F904B962B610BD00BFDF
:1042A000640B002108B5054B1A7822B100221A735D
:1042B0001A70FFF7DBFF002008BD00BF640B002170
:1042C000024B587B003818BF01207047640B002157
:1042D00070B51B4C637E7BB9E06900F0030000F011
:1042E000AFF948B1FFF7C0FE30B9EFF3108372B6F3
:1042F000627B12B103B962B670BD0122627303B969
:1043000062B600230F4D8026C5F80863C5F81C313E
:1043100084F82030FFF76AFF94F8443002210A4AFB
:104320000A48534363620A4B2363FFF7A3FE20B19D
:1043300040F24E216D2000F00FFAC5F80463DBE770
:10434000640B00210050004190D00300880B002135
:1043500021420001F8B5264C94F84530002B45D099
:10436000244BD3F80071D3F8046157B10122C3F88C
:104370000823237B2BB10025A36825730BB1984735
:10438000A5601C4D3EB10023C5F804310223C5F8D9
:104390000833FFF79DFFD5F81C3194F82060F6B282
:1043A00037B1627B032A01BF0422627301222A61B2
:1043B0007BB1104B0022C3F81C21637B042B04D07B
:1043C00040F2CB116D2000F0C7F902236373FFF7B1
:1043D0004DFF5EB1002384F82030637B022B01D1B6
:1043E000FFF704FFBDE8F840FFF740BFF8BD00BF8E
:1043F000640B00210050004110B5044CE06900F04E
:10440000030000F01DF90028F8D010BD640B002156
:10441000F8B5054650B10278022A07D8437842B968
:10442000013B1F2B02D88378212B07D96FF0150091
:104430006AE0002BFAD18378002BF7D15B4B202266
:10444000C3F88020BFF34F8FBFF36F8F584EC3F870
:1044500080214FF0FF33574CC6F808330023C6F8CD
:104460000031C6F80431C6F81C31A371AB88A380B3
:1044700000F0CEF810B101232370A371D6F80C34EC
:10448000D6F80C24D60303D5D80701D500F0AAF836
:1044900040F2F553AA78697863800123E273002221
:1044A000E3612B7884F84410012B6376A2732CD03F
:1044B000022B2DD0002B38D100F0B2F800283ED0CE
:1044C00000F0B6F8E36903F00303984237D1AB7903
:1044D00083BBFFF791FFE37B63B12B7853B900F007
:1044E00087F8054600F07EF96FF00043002D5AD0A2
:1044F000C4E9040301232022002084F845302B4B1B
:104500006073C3F880211A60F8BD0223E361D3E72A
:10451000FFF73CFE264BD3F80C24D3F80C14C90348
:10452000F9D5D207F7D50323F0E740F23A316D20F1
:1045300000F012F91E4B0222C3F80423CBE71C4EF5
:1045400001230022F360C6F80421227FC6F8182553
:10455000B3600223C6F80433AB79002BBBD1D6F885
:1045600004339B0702D440F2FB21E0E7124B1F69A2
:104570001A6907F0100742F010021A61D6F80431E8
:1045800073B1FFF739FF27B90B4A136923F0100302
:1045900013610223C6F808330023C6F804319AE7F2
:1045A0001AF0B7FBEAE7C4E90430A3E700E100E052
:1045B00000500041640B002100ED00E0014B01229E
:1045C0001A60704700500041044A012353600023E1
:1045D000C2F80031024A1370704700BF005000411A
:1045E000AB0B0021014B01221A707047AB0B00216D
:1045F000054BD3F8003123B9044B187800F00100C3
:1046000070470120FAE700BF00500041AB0B0021CA
:10461000024BD3F8080400F001007047005000413D
:10462000024BD3F8140400F0010070470050004121
:10463000024BD3F81C0400F0030070470050004107
:10464000074B0246D3F81814D3F8180410F480303E
:1046500005D0D0B201F003031B1A584258417047ED
:1046600000500041BFF34F8F0549064BCA6802F462
:10467000E0621343CB60BFF34F8F00BFFDE700BF85
:1046800000ED00E00400FA05094B01225A604FF0EA
:10469000FF32C3F808234FF48032064BC3F8802062
:1046A000BFF34F8FBFF36F8FC3F88021704700BFF8
:1046B0000000014100E100E0094B0022C3F8FC2F9B
:1046C0000122C3F8FC2F4FF48072064BC3F8802000
:1046D000BFF34F8FBFF36F8FC3F88021704700BFC8
:1046E0000080004100E100E0F8B5194E05460C4697
:1046F000174633784BBB1AF0B1FA164B7760002D92
:1047000008BF1D463472FFF7D7FF2846FFF7BCFFEE
:10471000FFF77EFE0546B0B9FCF7D2FFFFF7D8FDE4
:104720001AF09DFA002C0CDB04F01F02640901232F
:10473000A400934004F1604404F56144C4F880315E
:104740002360012333702846F8BD4FF0FF35FAE7A8
:10475000AC0B002178B102011FB572B6134B5D6836
:104760008DB9FFF77FFFB4FBF6F4D3B20132002C12
:10477000F9D103F110026A4402F80C4C0A2233B951
:1047800001A8A847EDE7044600220A26EDE7013B11
:10479000DBB203F110040DEB0406B0FBF2F402FBF4
:1047A0001400303006F80C0C2046E8E7AC0B002172
:1047B000074B93F90830002B09DB5A09012103F05C
:1047C0001F03403201FA03F3024941F822307047D7
:1047D000AC0B002100E100E0014B1878704700BFEE
:1047E000AC0B00211B4B4FF4803270B5C3F8802016
:1047F000BFF34F8FBFF36F8F174D0021174CC5F8D4
:104800000011C3F880212669236906F0100643F0E1
:10481000100323610123C5F804332B60D5F8003160
:10482000A3B11EB9236923F0100323610A4B0122AF
:10483000D3F808055A60C3F808230022C3F8002102
:104840004FF48032034BC3F8802170BD1AF061FA37
:10485000E4E700BF00E100E00000014100ED00E0FE
:1048600002460C49052038B50138C0B2FF2803D1F3
:1048700048216920FFF770FF01EBC0031D7905F0A7
:10488000FF04002DF0D141F8302001225C719C71B1
:104890001A7138BDB80B0021042808B503D9582176
:1048A0006920FFF759FF094B03EBC0000379012B87
:1048B00001D05921F4E7437982790133DBB29A427E
:1048C00018BF4371BDE80840FFF772BFB80B002165
:1048D00070B50625114C0026013D15F0FF0500D1ED
:1048E00070BD94F8281004EBC1031A79012A09D18C
:1048F00058799A79904205D05A79D2B29A7154F87F
:104900003130984794F828300133DBB2042B94BF40
:1049100084F8283084F82860DEE700BFB80B002157
:104920000048704700070841094B0A4AC3F8802134
:104930000132C3F884210132C3F88C210132C3F85B
:1049400090210532C3F8EC21013AC3F8902070475A
:104950000080004104000080074B0022C3F8802142
:10496000C3F88421C3F88C21C3F89021C3F8EC214B
:10497000C3F89020704700BF0080004192B1013A17
:1049800017D0034600EB020C10B501E09C450BD09C
:104990008E461C4611F8012B13F8010B9042F5D0FE
:1049A000801A10BD1046704760789EF80120801A6A
:1049B00010BD00780A78801A704700BF81EA0003B2
:1049C0009B072DE9F0415CD187075ED0002A56D0C5
:1049D000034601E0002A52D011F801CB013A03F856
:1049E00001CB9E07F6D1032A28D941EA0305141FFB
:1049F0006D074FEA940E4AD12B2C48D90EF10108CD
:104A0000A1F108051C464FEA580C03EBCC0CF5E964
:104A10000267E4E802676445F9D118F0010F28F055
:104A2000010403D051F8245043F824500EF101043E
:104A300002F0030203EB840301EB8401FAB1541E7C
:104A4000022C20D922F003058C469E460D445CF8CA
:104A5000044BAC454EF8044BF9D122F0030402F0AC
:104A60000305A2422344214409D00A78012D1A707B
:104A700005D04A78022D5A7001D08A789A70BDE824
:104A8000F0810346DAE71546EFE70346ABE70EF1A0
:104A900001071D1F0C4601EB870754F8046BBC424D
:104AA00045F8046FF9D1C1E72DE9F04184075FFAB9
:104AB00081FE5FD0002A59D0034601E0002A55D07C
:104AC00003F801EB990702F1FF32F7D14EEA0E2409
:104AD000032A44EA04443ED9151FC3F38001AE08FB
:104AE000172D06F1010647D99846002940D048F80D
:104AF000044B771A03EB810C79080CEBC101CCE96C
:104B000000440CF1080C6145F9D127F0010C08EBC9
:104B10008C016745CCEB8C7805EB880517D02F1FEF
:104B20000C60032F13D9A5F108074C60032F0ED991
:104B3000A5F10C078C60032F09D9A5F11007CC60F3
:104B4000032F04D9143D0C61032D88BF4C6102F082
:104B5000030203EB86034AB1013A83F800E005D073
:104B6000012A83F801E018BF83F802E0BDE8F08174
:104B70001546BEE70346A9E719461546CFE700BF2D
:104B8000014B1B681B68184744000021014B1B6840
:104B90005B68184744000021014B1B689B6818475D
:104BA00044000021014B1B681B6918474400002189
:104BB00038B50E4C237803F0FF05B3B96378012BA9
:104BC00006D102236370636813B163689847656018
:104BD0006378032B09D10025657063682BB1A36846
:104BE0005B69984763689847656038BD200C002171
:104BF000014B01229A777047200C0021042873B5DD
:104C0000064604D940F23D116820FFF7A5FD104D7E
:104C10000124FFF7CDFF2C706B78022B14D1AB6809
:104C20003046DB68984705EB4602537D83420DD33F
:104C3000AB7FA34200D0137D8DF8043001A8AB6890
:104C40008DF805601B68984702B070BD2346F3E7F6
:104C5000200C002110B520B940F253116820FFF755
:104C60007BFD064B5A78022A02D05A78032A04D1D7
:104C70009B68BDE810405B68184710BD200C002100
:104C800010B5084C6378022B02D06378032B02D155
:104C9000A3689B6898470023A3772370BDE8104062
:104CA000FFF786BF200C0021054B5A78022A02D05C
:104CB0005A78032A02D19B681B6918470020704765
:104CC000200C0021054B5A78022A02D05A78032A78
:104CD00002D19B689B69184700207047200C002177
:104CE000024B5878003818BF01207047200C002173
:104CF00000207047074B1A684AB95A683AB99A684F
:104D00002AB9D868003818BF0120404270474FF0D8
:104D1000FF3070478C0C0021104B1A6810B5CAB9CF
:104D2000DA6EBAB95A68AAB91C6F9CB993F84820D0
:104D30000AB9002010BD93F87420012193F858306F
:104D400002F1824202F520421160002BF1D001F005
:104D500047F8EEE74FF0FF30ECE700BFD80C00213A
:104D600038B5114C2368E3B9D4F8A430CBB96368E3
:104D7000BBB9D4F8A050A5B994F8843023B101F0A0
:104D80004DF8284601F03AF994F8480040B194F8FB
:104D90009D300122002003F1824303F520431A6075
:104DA00038BD4FF0FF30FBE7600D00214FF0FF30C2
:104DB0007047000070B50C46054688B1037823B1F2
:104DC000012B1CD06FF0150018E01F490B6991F8FA
:104DD000472091F8281000F025FE78B91A4B1D6085
:104DE0007CB32378012BEDD1174D204695F8462052
:104DF00095F8281000F080FD00B96C6070BD124A73
:104E000092F82810D1B192F8421010488900CEB221
:104E100030442E7946F0004606600D4892F83E6018
:104E2000084446F00041B340016092F84700094A47
:104E3000115002F59F42C2F80435CFE74FF0FF3022
:104E4000DCE72046DAE700BF8C0C002180400141FE
:104E50008041014180A0004170B50C46054688B1F3
:104E6000037823B1012B1FD06FF015001BE01F4901
:104E70008B6891F8672091F8281000F001FE90B936
:104E80001A4B1D6064B12378012BEDD1174D2046DC
:104E900095F8662095F8281000F060FD18B9EC66CA
:104EA00000F088FF002070BD104A92F82810D1B1A0
:104EB00092F863100E488900CEB230442E7946F045
:104EC000004606600B4892F85F60084446F00041D7
:104ED000B340016092F86700074A115002F59F4203
:104EE000C2F80435CCE74FF0FF30DCE7D80C0021E6
:104EF000804001418041014180A0004170B50C46D5
:104F0000054680B1037823B1012B1CD06FF015004A
:104F100018E01F498B681C3191F87F2000F0A8FF32
:104F200080B91B4B1D6084B32378012BEED1184D43
:104F3000204695F89A2095F8281000F041FD08B910
:104F4000C5F8A44070BD124A92F82810D1B192F869
:104F5000911010488900CEB230442E7946F00046B8
:104F600006600D4892F88B60084446F00041B3405B
:104F7000016092F89B00094A115002F59F42C2F865
:104F80000435CEE74FF0FF30DCE72046DAE700BF1C
:104F9000600D0021804001418041014180A000411D
:104FA0004FF0FF307047000010B5204C206888B1EA
:104FB000037833B1012B1CD040F24B217220FFF754
:104FC000CBFB94F828301BB194F8471000F01AFC82
:104FD00000232360636853B11B78012B22D194F81E
:104FE000461094F8280000F02DFC00236360002098
:104FF00010BD94F82820002AEAD094F83E20002121
:1050000093400B4AC2F808350A4B94F84720995050
:1050100094F84230084A9B00D150DBB2A2F580726E
:10502000D150D5E740F25A21C8E700BF8C0C0021CF
:1050300000F0004180A000418041014110B51F4CAB
:10504000206880B1037833B1012B1BD040F281215D
:105050007120FFF781FB94F8672094F8281000F086
:1050600069FD00232360E36E53B11B78012B22D12D
:1050700094F8661094F8280000F002FC0023E36620
:10508000002010BD94F82820002AEAD094F85F2070
:10509000002193400A4AC2F808350A4B94F8672069
:1050A000995094F86330084A9B00D150DBB2A2F5C6
:1050B0008072D150D5E74FF42471C9E7D80C002194
:1050C00000F0004180A000418041014110B5204C1A
:1050D000206880B1037833B1012B1DD040F21F311D
:1050E0007620FFF739FB94F89B2094F8281000F005
:1050F0005FFD00232360D4F8A4305BB11B78012B43
:1051000023D194F89A1094F8280000F0D7FB0023DC
:10511000C4F8A430002010BD94F82820002AE8D05C
:1051200094F88B20002193400A4AC2F808350A4BB4
:1051300094F89B20995094F89130084A9B00D150E4
:10514000DBB2A2F58072D150D3E740F22E31C7E72F
:10515000600D002100F0004180A00041804101412C
:10516000704700000D4A92F828304BB1C10707D5AF
:1051700092F84630012103F1824303F52043196080
:1051800092F838304BB1830707D592F844300122AA
:1051900003F1824303F520431A6070478C0C002111
:1051A0000D4A92F828304BB1C10707D592F8663006
:1051B000012103F1824303F52043196092F838304E
:1051C0004BB1830707D592F86430012203F1824383
:1051D00003F520431A607047D80C00210D4A92F85D
:1051E00028304BB1C10707D592F89A30012103F15D
:1051F000824303F52043196092F838304BB183079E
:1052000007D592F89830012203F1824303F5204339
:105210001A607047600D00214FF0FF3070470000AA
:10522000194B1A6830B562BB9A6852BB93F83820A4
:10523000CAB193F841201549920093F84450D4B272
:10524000214440F000440C60114993F83D40114462
:1052500044F000420A600F494A51012201F59F4182
:10526000A240C1F8042593F828202AB193F84610EB
:1052700040F00040074A50500122002083F84820A7
:1052800030BD6FF01500FBE78C0C00218040014120
:105290008041014180A00041194B1A6830B562BBC2
:1052A0005A6852BB93F83820CAB193F86220154966
:1052B000920093F86450D4B2214440F000440C6052
:1052C000114993F85E40114444F000420A600F49CE
:1052D0004A51012201F59F41A240C1F8042593F8EB
:1052E00028202AB193F8661040F00040074A505039
:1052F0000122002083F8682030BD6FF01500FBE725
:10530000D80C0021804001418041014180A0004132
:10531000194B1A6830B562BB5A6852BB93F83820F3
:10532000CAB193F890201549920093F89850D4B2DE
:10533000214440F000440C60114993F88A40114424
:1053400044F000420A600F494A51012201F59F4191
:10535000A240C1F8042593F828202AB193F89A10A6
:1053600040F00040074A50500122002083F89C2062
:1053700030BD6FF01500FBE7600D0021804001415A
:105380008041014180A0004190F90030002B14BF02
:105390006FF01500002070470146014819F086BDE6
:1053A0009C0C002100230370704700000146014857
:1053B00019F076BD9C0C0021002219F01DBD0000E3
:1053C00013460A460146014819F089BD9C0C00218C
:1053D0004FF0FF307047000070B50C46054678B1BD
:1053E000037813B16FF0150070BD0E4E736996F817
:1053F000452096F8381000F015FB0028F4D1B56070
:1054000074B12378012BEDD1064D204695F8442048
:1054100095F8381000F070FA0028E5D1EC60E3E769
:105420002046E1E78C0C002170B50C46054678B1AA
:10543000037813B16FF0150070BD0E4EF36896F847
:10544000652096F8381000F01BFB0028F4D1756039
:1054500074B12378012BEDD1064D204695F86420D8
:1054600095F8381000F07AFA0028E5D12C67E3E7C8
:105470002046E1E7D80C002170B50C46054678B10E
:10548000037813B16FF0150070BD0F4EF36806F18D
:105490002C0196F8992000F0EBFC0028F4D17560FF
:1054A0007CB12378012BEDD1074D204695F898204B
:1054B00095F8381000F084FA0028E5D1C5F8A0402E
:1054C000E2E72046E0E700BF600D00214FF0FF302B
:1054D0007047000010B5124CA06850B10378BBB9FA
:1054E00094F838301BB194F8451000F08BF9002384
:1054F000A360E36853B11B78012B0ED194F84410DC
:1055000094F8380000F09EF90023E360002010BDFD
:105510004FF41D717220FFF71FF940F28321F9E764
:105520008C0C002138B5114C606840B10578ADB9DC
:1055300094F8652094F8381000F0FCFA6560236F49
:1055400053B11B78012B0ED194F8641094F83800F5
:1055500000F096F900232367002038BD40F2AA210D
:105560007120FFF7F9F840F2B921F9E7D80C0021D2
:1055700038B5124C606840B10578BDB994F89920EF
:1055800094F8381000F014FB6560D4F8A0305BB1DB
:105590001B78012B0FD194F8981094F8380000F084
:1055A0008DF90023C4F8A030002038BD4FF45271AB
:1055B0007620FFF7D1F840F25731F9E7600D00216E
:1055C0004FF0FF3070470000154B93F8482022B38E
:1055D00093F83820A2B193F83D10012200208A40B0
:1055E0001049C1F80825104A93F84410505093F818
:1055F00041200E4992008850D2B2A1F580718850A6
:1056000093F828202AB193F84610074A0A4400214B
:105610001160002083F8480070474FF0FF3070475A
:105620008C0C002100F0004180A00041804101412C
:10563000154B93F8682022B393F83820A2B193F861
:105640005E10012200208A401049C1F80825104A46
:1056500093F86410505093F862200E4992008850DD
:10566000D2B2A1F58071885093F828202AB193F81E
:105670006610074A0A4400211160002083F8680080
:1056800070474FF0FF307047D80C002100F0004108
:1056900080A0004180410141154B93F89C2022B32A
:1056A00093F83820A2B193F88A10012200208A4092
:1056B0001049C1F80825104A93F89810505093F8F3
:1056C00090200E4992008850D2B2A1F58071885086
:1056D00093F828202AB193F89A10074A0A44002127
:1056E0001160002083F89C0070474FF0FF30704736
:1056F000600D002100F0004180A000418041014187
:1057000000230370704700000146014819F0E0BB18
:105710009C0C0021014B1B681B6818474C000021A2
:10572000014B1B689B6818474C000021014B1B680C
:10573000DB6818474C000021014B1B681B691847A8
:105740004C000021014B1B685B6918474C0000218D
:10575000014B1B685B6A18474C000021014B1B681A
:105760009B6A18474C000021014B1B68DB6A1847F5
:105770004C000021014B1B685B6818474C0000215E
:10578000024B1868003818BF012070477C0C0021BC
:10579000014B1B68184700BF7C0C002138B5104D29
:1057A000144695F90030C31A002BD4BF2B886B88A0
:1057B000A2F8013092F90130C01A00F3070040B29C
:1057C000FBF7B8F894F9013095F9002020701844DF
:1057D0009A42E0700CBF2B796B79A37038BD00BF83
:1057E000840C002190F9002090F9023041889A42FF
:1057F000034B0288C7BF19805A8059801A807047AE
:10580000840C002138B50C4B04460D4693F83C201F
:1058100001239340094AC2F80835007C19F015FBB2
:10582000074B00225A518300616803F5A0739BB2B5
:105830008033CA5038BD00BF8C0C002100F00041FD
:1058400080A00041A0B10B4B93F8482072B193F8AF
:1058500044208A420CD193F840300021064A9B0034
:10586000D150DBB2A2F58072D1507047034B5A5031
:10587000704700BF8C0C00218041014180A0004195
:10588000A0B10B4B93F8682072B193F864208A4260
:105890000CD193F861300021064A9B00D150DBB255
:1058A000A2F58072D1507047034B5A50704700BF29
:1058B000D80C00218041014180A00041A0B10B4BD8
:1058C00093F89C2072B193F898208A420CD193F8F7
:1058D0008F300021064A9B00D150DBB2A2F58072C6
:1058E000D1507047034B5A50704700BF600D0021E4
:1058F0008041014180A00041034610B5F9B1134930
:1059000091F84800A8B191F8440090421AD191F85A
:1059100040201B7992000E4843F00043D4B203515B
:1059200000200C4B134491F83D2042F000421A60D5
:1059300010BD1B79084943F000438B50F8E74FF046
:10594000FF30F5E76FF01500F2E700BF8C0C002187
:10595000804001418041014180A00041034610B5D3
:10596000F9B1134991F86800A8B191F86400904228
:105970001AD191F861201B7992000E4843F0004340
:10598000D4B2035100200C4B134491F85E2042F036
:1059900000421A6010BD1B79084943F000438B5048
:1059A000F8E74FF0FF30F5E76FF01500F2E700BFC2
:1059B000D80C0021804001418041014180A000417C
:1059C000034610B5F9B1134991F89C00A8B191F8BC
:1059D000980090421AD191F88F201B7992000E48BE
:1059E00043F00043D4B2035100200C4B134491F810
:1059F0008A2042F000421A6010BD1B79084943F02A
:105A000000438B50F8E74FF0FF30F5E76FF01500DB
:105A1000F2E700BF600D002180400141804101415B
:105A200080A00041F8B5044617461D46F9B1007C38
:105A300019F00BFA0F4B8100626893F83C60C0B21A
:105A400001F5A07146F0004300F5A87089B28031DD
:105A500053500949CB51E2686368521B43F8202038
:105A60000123064A0020B340C2F80435F8BD4FF0C8
:105A7000FF30FBE78C0C002180A0004100F00041CA
:105A80002DE9F041054690461E460C46264FE1B1F1
:105A9000007C002119F040FA97F85D4083006A68A5
:105AA00044F00041C0B203F5A07300F5A8709BB2AA
:105AB0008033D1501D4B43F808100121EA686B6810
:105AC00001FA04F4921B43F8202097F8483033B3CE
:105AD000287C19F021FA97F85C1082006B6841F07D
:105AE000004CC0B202F5A07200F5A87092B28032EC
:105AF00043F802C097F875200C4B43F802C03B698D
:105B00006A681E44EB689E1B01238B4042F82060AC
:105B10001C43074B0020C3F80445BDE8F081002971
:105B2000F7D14FF0FF30F8E7D80C002180A00041FA
:105B300000F00041F8B5054617461A4EB1B196F887
:105B40005D300124184A002104FA03F3C2F8083535
:105B5000007C19F0E1F9154B0022DA5183006968E5
:105B600003F5A0739BB28033CA50214696F84830A3
:105B7000B3B196F85C20012393400B4AC2F8083574
:105B8000287C19F0C9F996F87520084B13440022B7
:105B90001A608300696803F5A0739BB28033CA5012
:105BA000F8BD00BFD80C002100F0004180A00041EA
:105BB0002DE9F04705461746414C002945D094F899
:105BC0008930012694F88C20002106FA03F306FAA6
:105BD00002F2134394F88D2006FA02F21343394A75
:105BE000C2F80835007C19F0AFF9034694F88580B7
:105BF00000229B0094F886104046914603F5A0735E
:105C000019F047F969689BB2D4F85CA08033CA5098
:105C10002D4BCAF890201A50324694F88610404610
:105C200019F037F9CAF8989143F8079094F8923030
:105C300026499B00DEB241F8069001F5807141F8DB
:105C400003901146204B43F8009094F848304BB332
:105C500094F8883001261B4A06FA03F3C2F8083587
:105C6000287C19F071F9034694F8861032469B009F
:105C700094F8850019F00DF9696803F5A073002206
:105C80009BB28033CA5094F89E100F4B5A5094F830
:105C900093300E499B00DDB24A5101F58071CA5024
:105CA000094B1A5094F8843043B100F0D9F819F038
:105CB00063F90120BDE8F04700F0A0B9BDE8F08726
:105CC000600D002100F0004180A0004180400141B2
:105CD000064B1B6893F91120824205D093F91230CC
:105CE0001B1A58425841704700207047500D002140
:105CF000084B90F9002093F90410914203D093F9D6
:105D00000510914203D102880020DA8070476FF0BD
:105D100015007047500D0021044A136893F8203095
:105D20000BB192F906300370704700BF500D00218F
:105D3000044B1A6892F830300BB192F913300370AB
:105D4000704700BF500D002173B505460C4616463E
:105D5000FFF716FD38B132462146284602B0BDE8AD
:105D6000704019F061B8124A136893F8501011B1DD
:105D700093F8203093B90DF107002146FFF7CCFFCF
:105D80009DF90720284619F037F8014694F90100DB
:105D9000FFF79EFFA070084602B070BD92F9053073
:105DA000214692F90420284619F036F8EDE700BFA5
:105DB000500D002109490B6893F8202062B193F837
:105DC00050204AB193F84D009A6C0123C979834061
:105DD00009B193607047D360704700BF500D002138
:105DE000044B1B6893F84D109A6C01238B40D360D1
:105DF000704700BF500D0021074B4FF000421B6859
:105E0000C3F824250022C3F85425C3F8C02507226F
:105E1000C3F80025704700BF580D0021024B002237
:105E20001B68C3F800257047580D00210B4A60F02D
:105E30003F0051710021107152F8043BC3F8501516
:105E4000C3F84015C3F844250222C3F84825C3F817
:105E50003415C3F83815C3F818117047580D0021D0
:105E6000024B01221B685A61704700BF580D002188
:105E70002DE9F84F0C46C76806469246FF1A19F0FE
:105E80007CF8257B3F1A594C002D00F0A88000F0CB
:105E9000EBF800218046307C19F056F894F885B074
:105EA00094F8861005460122584618F0F2FF94F83F
:105EB0008930D4F85C9043F000434D4A4D49C9F80D
:105EC000983142F80A3094F8922092005FFA82FCEE
:105ED00041F80C3001F5807194F88D3043F00043A7
:105EE0008B50434A1350AB0094F88610002203F500
:105EF000A073584618F0CDFF94F88C209BB27168BF
:105F000042F00042EDB2803305F5A875CA50384B17
:105F1000C9F890201A50FFF76FFF00204FEA880160
:105F200001F0FC01FFF782FF7368012143F825703F
:105F300094F8895094F88C3001FA05F501FA03F3CE
:105F40001D4394F88D3001FA03F31D4394F8483053
:105F5000002B46D0307C18F0F7FF034694F88610EB
:105F6000012294F8850018F094FF94F888C09900F5
:105F7000D6F804E04CF00048DBB201F5A07102FA5B
:105F80000CFC03F5A87389B245EA0C0580314EF884
:105F9000018094F89EE0164941F80E8094F8931021
:105FA000DFF850E089005FFA81F94EF809800EF5BC
:105FB000807E8E4494F88D1041F00041CEF80010A0
:105FC000DFF82CE04EF80010206971683F1A41F8A4
:105FD0002370094B0020C3F80455BDE8F88F29460B
:105FE000B4E70029F5D14FF0FF30F6E7600D00214E
:105FF00080A000418040014100F000410A4A92F82F
:10600000863092F885209B00824203F1824303F59B
:106010002043D3F8102514BF22F4801242F48012DA
:10602000C3F81025704700BF600D0021094B90F99F
:106030000120196810B591F90040944202D14B78C3
:10604000837010BD5B6893F900109142F9D15B78C1
:10605000F6E700BF080E002102880020014B9A815C
:10606000704700BF080E0021014B587B704700BFEE
:10607000080E0021044A936893F820300BB192F97E
:106080000C300370704700BF080E0021044B9A6863
:1060900092F830300BB192F913300370704700BFA3
:1060A000080E002173B505460C461646FFF768FB3F
:1060B00038B132462146284602B0BDE8704018F09B
:1060C000B3BE104B9A6892F88C2082B90DF107008C
:1060D0002146FFF7CFFF9DF90720284618F08CFED8
:1060E00005462046FFF7A2FF284602B070BDD3E95F
:1060F0000021284691F90030214692F9002018F03D
:106100008BFEEDE7080E00212DE9F3470023DFF8B1
:106110002CA1C41C0F1E8DF8003005469AF80030E3
:1061200024F00304694618BF00208DF8013008BF31
:1061300020469AF801308DF802309AF802308DF836
:1061400003309AF803308DF804309AF804308DF853
:1061500005309AF816308DF806309AF817308DF819
:10616000073000F09DFE9AF80210044451B1002F50
:10617000BAF812309AF803200CBF2046002001F034
:1061800091F904449AF818307BB19AF8101061B173
:106190009AF81930002B14BFFF222522002F0CBFC4
:1061A0002046002001F016FB04449AF8041059B16F
:1061B0000334002F9AF8142024F0030414BF0020A5
:1061C000204616F0B1FD04449AF8151049B1033485
:1061D000002F24F0030414BF0020204601F058FBD8
:1061E00004449AF8008000269AF80130B146984499
:1061F0005FFA88F8F3B2984512D80334002F4A4664
:10620000414624F0030414BF0020204600F0A6FFFE
:106210000444073424F00704601B02B0BDE8F08793
:106220009AF8083001369AF807209AF806109AF87A
:1062300005001AF066FC8144DCE700BF200E002157
:106240008FB572B61A4BDD69E5B9BFF34F8F1949A7
:10625000194BCA6802F4E0621343CB60BFF34F8F5F
:1062600000BFFDE7B4FBF6F4D3B20132002CF9D144
:1062700003F110026A4402F80C4C0A2433B901A855
:10628000A847E2E7044600220A26EDE7013BDBB21D
:1062900003F110020DEB0206C2B2B2FBF4F704FBED
:1062A00017223032B0FBF4F006F80C2CE6E700BF02
:1062B000200E002100ED00E00400FA051FB5144C8B
:1062C00002A8237A8DF80930E3798DF80830A37994
:1062D000ADF80C306379ADF80A3016F0B9FB18B19F
:1062E00086210320FFF7ACFFE36801A8019316F0B5
:1062F000C5FB08B18A21F4E7012368468DF8003018
:106300001BF09DFF08B18E21EBE704B010BD00BF6C
:10631000200E002138B50546002836D0FEF75CFA7D
:1063200010B94FF0FF3038BDFDF724FFB0F5FA7F0C
:10633000F7D8174C1748E56100F0CEFA0023164A4B
:1063400084F8203084F8213023766376134BC4E937
:106350000023022341F64C52C4E90232104AC4E938
:106360000423EFF3108472B66FF00C0001F012FBFF
:106370000C4801F0C9FB18B1A1210320FFF760FF11
:10638000002CD0D162B62046CDE76FF01500CAE7E9
:10639000200E0021BD62000101010100001B1B0352
:1063A00003001F005D66000110B5002869D1394C5B
:1063B00094F82030002B67D1A9B17AB10B2909D804
:1063C000023909290DD8DFE801F0191C2C2F3B42B6
:1063D0003545484D64294AD065294DD06FF01500E8
:1063E0000BE01378237001210020FFF78DFEB0F53C
:1063F000803F4CDA012384F8213010BD137863709C
:10640000F1E79378002BE9D0D378002BE6D013780E
:106410001A2BE3D953781A2BE0D91068C4F8050079
:10642000E1E71368E360DEE71378E2789342D5D3BF
:10643000A370D8E71378A2789342CFD8E370D2E75D
:106440001378227E0AB1012BC8D92374CBE71388B5
:106450006382C8E713782371C5E71378012BBDD990
:106460002375C0E71378082BB8D86375BBE713789A
:10647000012BB3D8A375B6E71378012BAED8E3751B
:10648000B1E76FF02C00B8E74FF0FF30B5E76FF0E1
:106490000B00B2E7200E002138B50C460546D8B1F6
:1064A000D1B100F033F9D0B128460E4DFEF7D8F93E
:1064B000002185F822002046FFF726FE16F072FC28
:1064C00095F82200002116F0B1FBFFF7F7FE01233B
:1064D000002085F8203038BD6FF01500FBE74FF045
:1064E000FF30F8E7200E002150B1074B03F11402F2
:1064F00053F8041B934240F8041BF9D10020704765
:106500006FF01500704700BFD2BA0201074B93F835
:10651000212010B532B993F820401CB916F018FBB1
:10652000204610BD4FF0FF30FBE700BF200E0021DA
:10653000074B93F8212010B532B993F820401CB9CD
:1065400016F01AFB204610BD4FF0FF30FBE700BFEE
:10655000200E002110B50A4C94F821306BB994F844
:10656000203053B9637E2BB116F044FB0123002089
:10657000237610BD16F022FBF8E74FF0FF30F8E766
:10658000200E0021074B93F8212010B532B993F863
:1065900020401CB916F08CFA204610BD4FF0FF3099
:1065A000FBE700BF200E0021074B93F8212010B518
:1065B00032B993F820401CB916F06CFA204610BD91
:1065C0004FF0FF30FBE700BF200E0021074B93F890
:1065D000212010B532B993F820401CB91BF057FEAA
:1065E000204610BD4FF0FF30FBE700BF200E00211A
:1065F000074B93F8212010B532B993F820401CB90D
:106600001BF048FE204610BD4FF0FF30FBE700BFF7
:10661000200E0021074B93F8212010B532B993F8D2
:1066200020401CB91BF039FE204610BD4FF0FF3052
:10663000FBE700BF200E0021074B93F8212010B587
:1066400032B993F820401CB91BF029FE204610BD3A
:106650004FF0FF30FBE700BF200E002137B5114C93
:10666000256801A801F01CFA034618B1052816D0C8
:1066700035210BE0019A022A05D0032AF1D12268C4
:1066800052B92D2102E022681AB928210420FFF70F
:10669000D7FD2360A847E4E701202360FAE703B0B1
:1066A00030BD00BF440E002107C8024B83E807003D
:1066B00000207047480E0021054B5B6810B51BB9E0
:1066C0008C210420FFF7BCFDBDE81040184700BF37
:1066D000440E0021054B9B6810B51BB99221042084
:1066E000FFF7AEFDBDE81040184700BF440E002183
:1066F000054BDB6810B51BB998210420FFF7A0FDFE
:10670000BDE81040184700BF440E0021044B5868F4
:1067100028B1986818B1D868003818BF01207047B0
:10672000440E002138B505460C4600F085F870B1DE
:106730003E2D0CD1122C05D1054B1A78022A01D01E
:10674000587820B12046BDE8384000F0B5B838BDD3
:10675000540E0021014B5870704700BF540E0021A9
:10676000F7B5294D031D04462F1DEB6095F80C313C
:1067700073B195F80E2105F20D1120460426023260
:10678000FEF71CF9002385F80C31304603B0F0BD4C
:10679000384605F0EBFC0228064604D11B4920468A
:1067A00018F00CFCF1E70428EFD12B79142B0FD152
:1067B0000A213E20FFF7B6FF50B93946204618F0AF
:1067C00035FCA1782078FFF7ADFF0028DDD1CDE7BB
:1067D0002B790A2B11D105213E20FFF7A3FF60B9C9
:1067E0002B8901A96846ADF8003019F0AFF80028F0
:1067F000BCD0A9210820FFF723FD3946204618F018
:106800003FFC0028DDD1B1E7540E0021580E0021D5
:10681000074B4FF0FF3141F6FF72C3E90012054903
:106820000022C1E900221F21C3E90212704700BF04
:1068300004000021641000213F280CD801380B4BC4
:10684000C0F3421200F01F0053F8223023FA00F088
:1068500000F001007047FF2806D04038044BC0F319
:10686000421200F01F00EFE70120704704000021F2
:1068700064100021074B0146006849681A4603C2AC
:1068800040F48C221A6041F0107242F4FF625A60A8
:10689000704700BF040000210246024B00685168A7
:1068A00003C37047641000210246024B0068516820
:1068B00003C370470C0000210138064BC0F342129D
:1068C00000F01F0003EB82039B6823FA00F000F046
:1068D0000100704704000021014B1860704700BFA1
:1068E0006C10002110B5FFF793FF0020FFF732FF77
:1068F0001AF0CAFE034B04461B6803B198472046B2
:1069000010BD00BF6C10002138B5274C0546D4F8E7
:10691000A432013306D1D4F8A8324FF6FF729BB2ED
:1069200093423ED0D4F8A032DB073AD5D4F8A42263
:10693000D4F8A832C5F80120A5F80530C3F3072321
:1069400063F03F03AB71D4F89032013323D0D4F815
:10695000943201331FD0D4F8983201331BD0D4F8CD
:106960009C32013317D0002001F0D6F998B9D4F841
:106970009002D4F89412D4F89822D4F89C32C5F836
:106980000700C5F80B10C5F80F20C5F81330012318
:1069900000202B7038BD10220021E81DFEF784F87E
:1069A000F5E70023F4E700BF0000FF0110B5102257
:1069B00000210446FEF778F810220021A018FEF707
:1069C00073F8224BD3F8802201320BD1D3F8842202
:1069D000013207D1D3F88822013203D1D3F88C22B7
:1069E00001320BD0D3F88002D3F88412D3F8882276
:1069F000D3F88C3220616161A261E361002001F073
:106A00008BF9124B18B9D3F8A022D2071CD4D3F8B3
:106A1000902201320BD1D3F89422013207D1D3F85E
:106A20009822013203D1D3F89C3201330CD0074BAA
:106A3000D3F89002D3F89412D3F89822D3F89C326A
:106A400020606160A260E360002010BD0000FF01D3
:106A500080B588B000AF786039603B681B88BB8325
:106A6000BB8BC3F30E037B837B681B7F184618F038
:106A700097FF03463B837B681A883B8B1344FB825A
:106A80007B6824333B617B8B3A691344FB603B8B0F
:106A9000FA68128892B21A44FB8A13445A1EFB8A7F
:106AA00092FBF3F39BB2FA8A02FB03F37B817A8BAE
:106AB0007B891344FB837B685B88FA8B9A420AD2FA
:106AC000B7F91C200A4B13401AB2B7F91E30134312
:106AD0001BB2FB8305E0BB8BDB439AB2044B134034
:106AE000FB833B68FA8B1A8000BF2037BD4680BD10
:106AF0000080FFFF80B483B000AF0346FB71FB79D9
:106B0000064A32F8133003339BB223F003039BB2DF
:106B100018460C37BD4680BC704700BF24B3020145
:106B200080B483B000AF0023FB711C4B1A78FB7953
:106B30001344FB71194B5A78FB791344FB71174BC3
:106B40009A79FB791344FB71144B9B78BB71FA79EA
:106B5000BB79934238BF1346FB71104BDB787B71D6
:106B6000FA797B79934238BF1346FB710B4B1B7943
:106B70003B71FA793B79934238BF1346FB71074B5F
:106B80005B79FB70FA79FB78934238BF1346FB714F
:106B9000FB7918460C37BD4680BC70477010002149
:106BA00080B588B000AFF8600B467A60FB72FB6876
:106BB000002B0CBF01230023FB77FB7F002B01D0B0
:106BC000002301E007F10C03BB617968B86919F093
:106BD00094FC7861FB7F83F00103DBB2002B05D0CE
:106BE000FB7AFA680449023341F823207B6918468E
:106BF0002037BD4680BD00BF7010002180B586B033
:106C000000AF78600B46FB700023FB7529E07B68C2
:106C10001B68033323F003031A467B681A60FB7D6D
:106C20001846FFF767FF03461946FB7D114AD35C00
:106C300001FB03F33B61FB78002B01D0002301E053
:106C40007B681B68F97D3A691846FFF7A9FFF86071
:106C50007B681A68FB681A447B681A60FB7D013305
:106C6000FB75FB7D062BD2D900BF00BF1837BD4690
:106C700080BD00BF7010002180B485B000AF786087
:106C80000B46FB701346BB700023FB7334E07B683C
:106C90001B68033323F003031A467B681A60BB7832
:106CA00083F00103DBB2002B1CD0FB7B7A681268F7
:106CB000164908339B000B445A600023BB730DE058
:106CC000FB7B124A08339B0013445A68BB7B9B0032
:106CD000134400221A60BB7B0133BB73BA7BFB7881
:106CE0009A42EDD37B681A68FB789B001A447B6854
:106CF0001A60FB7B0133FB73FB7B062BC7D900BFFC
:106D000000BF1437BD4680BC704700BF7010002123
:106D100080B485B000AF0346FB710023FB81FB7993
:106D2000012B02D1194B1B78FB81FB79062B07D174
:106D3000164B1B789AB2154B5B789BB21344FB81C0
:106D40000023BB8114E0BA89FB8913447B81FB7962
:106D50000E4A08339B0013445A687B899B001344F6
:106D60001B68002B01D17B890BE0BB890133BB8100
:106D7000FB79064AD35C9BB2BA899A42E3D34FF6B9
:106D8000FF7318461437BD4680BC70477010002151
:106D900090B585B000AF03463A60FB800B467B712F
:106DA0000023FB60FB88184619F083FC0346002B88
:106DB00004D14FF4AE711720FFF742FA7B79254AD0
:106DC00008339B0013445A68FB889B0013441B68DC
:106DD000002B04D040F25D111720FFF731FA7B79C8
:106DE0001C4A023352F82330002B01D100232DE03E
:106DF0007B79184A023352F823407B791846FFF713
:106E000079FE03461946204619F0CCFBF860FB6872
:106E1000002B1AD07B790F4A08339B0013445A6821
:106E2000FB889B001344FA681A607B79062B04D90F
:106E30004FF4B4711720FFF703FA7B79064A52F832
:106E40002330F8883A68F9689847FB681846143781
:106E5000BD4690BD70100021ECB2020180B582B039
:106E600000AF03460A46FB8013467B71FB88184639
:106E700019F01FFC0346002B0AD07B79074A083320
:106E80009B0013445A68FB889B0013441B6800E076
:106E9000002318460837BD4680BD00BF7010002192
:106EA00080B584B000AF786039603B689B781A4643
:106EB0003B685B781344FF2B04D94FF4C171172052
:106EC000FFF7BEF93B681A783B685B789A4204D9B1
:106ED0004FF4C3711720FFF7B3F90023FB737B68EE
:106EE000BB607B68002B0CBF01230023BB733B6896
:106EF0005A78FB7B1344FB733B689A78FB7B134403
:106F0000FB73FB7B7B733B689A797B7B13447B73BE
:106F10003B68DA797B7B13447B733B685B797A7BD4
:106F2000934238BF13467B733B68DB787A7B93428E
:106F300038BF13467B737B68033323F003027B68FF
:106F40009A4204D040F29F111720FFF779F93B686D
:106F50005A78174B1A703B689A78154B5A703B68F1
:106F6000DA78134B9A703B681A79114BDA703B68E8
:106F70005A790F4B1A713B689A790D4B5A713B68DD
:106F8000DA790B4B9A71BA7B07F108031146184660
:106F9000FFF734FEBA7B797B07F108031846FFF749
:106FA0006BFEBA687B68D31A18461037BD4680BDA1
:106FB0007010002180B582B000AF0346FB71FB79F1
:106FC000062B04D94FF4EB711720FFF739F9FB7941
:106FD000024AD35C18460837BD4680BD70100021B8
:106FE00090B585B000AF03460A46FB8013467B711F
:106FF000FB884FF6FF72934202D143F2020334E062
:107000007B79062B01D907232FE07A79FB8811467B
:107010001846FFF723FFF860FB68002B23D07B792D
:10702000144A52F82330FA88F968104698477B7959
:10703000114A08339B0013445A68FB889B00134491
:1070400000221A607B790C4A023352F823407B7984
:107050001846FFF74FFD03461A46F968204619F017
:1070600003FB002301E043F2020318461437BD4638
:1070700090BD00BF08B302017010002180B584B03C
:1070800000AF786078681AF078F80346002B01D0DA
:10709000102338E07B681B787B73FFF741FD0346C4
:1070A0003B737B685B88FB8124E07B7B184A083359
:1070B0009B0013445A68FB899B0013441B68002BF8
:1070C00015D0FB8901339AB27B685A807B68FA89B4
:1070D0009A807B7B0E4A08339B0013445A68FB89D5
:1070E0009B0013441A687B689A6000230BE0FB89BD
:1070F0000133FB813B7B9BB2FA899A42D5D37B68F3
:10710000FA895A80052318461037BD4680BD00BF56
:107110007010002180B483B000AF0023FB71002306
:10712000FB710DE00C4B1B685A68FB799B00134404
:107130001B68002B01D0002309E0FB790133FB71B0
:10714000054B1B681B7AFA799A42EBD30123184648
:107150000C37BD4680BC7047B010002180B586B0AA
:1071600000AFF8600B467A60FB7200237B61FB681E
:10717000002B0CBF01230023FB74FB68033323F0B7
:107180000302FB689A4203D086211820FFF758F8C3
:10719000FB7A002B36D07968002019F0AEF97861BF
:1071A0007B690C337B61FB7A9B007A6913447B61BA
:1071B000FB7C83F00103DBB2002B23D0144AFB6875
:1071C0001360134B1B68FA7A1A72114B1B68FA682A
:1071D0000C325A600E4B1B685968FB7A9A000C4BB4
:1071E0001B680A441A600A4B1B685868FB7A9B00AC
:1071F0001A460021FDF758FC054B1B6879681846B4
:1072000019F07BF97B6918461837BD4680BD00BF71
:10721000B010002190B589B002AF0446084611466F
:107220001A462346FB800346BB800B467B801346F1
:107230003B80344B1B68002B03D1A5211820FEF79F
:10724000FFFF304B1B681B7A9BB2FA889A4208D228
:107250002C4B1B685A68FB889B0013441B68002B4F
:1072600002D043F2020348E03A88BB881146184630
:1072700019F005FC0346FB823A8D7B8811461846BF
:1072800019F015FC0346BB82FB8ABA8A11461846E0
:1072900019F025FC03467B821A4B1B681B687A8A0F
:1072A0001146184619F07EF9F860FB68002B01D1F1
:1072B000042322E0BA8A7B8A1946F86819F0B3FBE6
:1072C000F86819F0C3FB7A88B98A3B8D00930923CB
:1072D00019F01FFBF86819F0C4FBBA88F98A3B88DB
:1072E00000930A2319F071FB064B1B685A68FB8850
:1072F0009B001344FA681A60002318461C37BD46E9
:1073000090BD00BFB010002180B584B000AF03462F
:10731000FB80224B1B68002B03D1C6211820FEF7EF
:107320008FFF1E4B1B681B7A9BB2FA889A4208D2C9
:107330001A4B1B685A68FB889B0013441B68002B80
:1073400002D143F2020324E0144B1B685A68FB8805
:107350009B0013441B68FB60104B1B685A68FB883A
:107360009B00134400221A600C4B1B681868FB68D2
:107370005B881A46F96819F077F9FFF7CBFE0346E8
:10738000002B05D0054B1B681B68184619F0EAF85E
:10739000002318461037BD4680BD00BFB010002145
:1073A00080B582B000AF0C4B1B68002B10D00023BF
:1073B000FB7107E0FB799BB21846FFF7A5FFFB794D
:1073C0000133FB71044B1B681B7AFA799A42F1D3A3
:1073D00000BF0837BD4680BDB010002180B584B025
:1073E00000AF0346FB800023FB60144B1B68002B9F
:1073F00003D1EC211820FEF723FF104B1B681B7AEA
:107400009BB2FA889A4213D20C4B1B685A68FB88CD
:107410009B0013441B68002B0AD0084B1B685A685A
:10742000FB889B0013441B68184619F00FFBF8609B
:10743000FB6818461037BD4680BD00BFB010002164
:1074400080B584B000AF0346FB800023FB60144B83
:107450001B68002B03D1FA211820FEF7F1FE104B18
:107460001B681B7A9BB2FA889A4213D20C4B1B689A
:107470005A68FB889B0013441B68002B0AD0084BFA
:107480001B685A68FB889B0013441B68184619F058
:10749000E8FAF860FB6818461037BD4680BD00BFAB
:1074A000B010002180B586B000AF78600846114664
:1074B0001A460346FB700B46BB7013463B807B6845
:1074C000002B0CBF012300233B7400237B61FA785F
:1074D000BB781344DAB2404B1A707B68033323F055
:1074E00003027B689A4203D04E210920FEF7A8FED2
:1074F0003B881F2B03D83B889B007B821CE03B888A
:10750000FF2B0FD93B8803F1FF023B885B009A42B7
:1075100003DA3B88FF339BB202E03B885B009BB2FF
:107520007B8209E03B885B007C2B03DD3B885B00B2
:107530009BB200E07C237B827B8A03339BB223F0E7
:107540000303FB813B7C83F00103DBB2002B05D0FE
:10755000224A7B681360224AFB8913801E4B1B78EA
:107560001A4613469B001344DB001A467B691344FA
:107570007B6100237B7422E03B7C83F00103DBB260
:10758000002B15D0154B19687A7C13469B001344C9
:10759000DB000B4401221A70104B19687A7C1346E9
:1075A0009B001344DB000B4479687A690A445A60F3
:1075B000FB897A6913447B617B7C01337B74064BC6
:1075C0001B787A7C9A42D7D37B69073323F0070371
:1075D00018461837BD4680BDB4100021B8100021F0
:1075E000BC10002180B588B000AF78600B46FB70FE
:1075F0007B685B687B61FB78002B30D07B68012265
:107600005A70404B1B88184619F0B2FA0346FB81AA
:107610000023FB611FE07B68FA690C32002123F82C
:1076200012107B68FA691032F98923F81210FB896D
:10763000FA6902FB03F37A691A447968FB699B00D3
:107640000B445A607A68FB691344143300221A70A1
:10765000FB690133FB61FB69032BDCD94DE07B68DF
:1076600000225A700023BB611AE07B68BA690C32B1
:10767000002123F812107B68BA691032002123F828
:1076800012107A68BB699B00134400225A607A6822
:10769000BB691344143300221A70BB690133BB6108
:1076A000BB69032BE1D9174B1B88184619F06DFAFB
:1076B00003467B82134B1B88184619F079FA034660
:1076C0003B827B687A695A607B683A8A1A843B8A73
:1076D0007A691A447B689A607B687A8A5A847B68E4
:1076E0007A69DA607B683A8A9A843B8A7A691A44B2
:1076F0007B681A617B687A8ADA8400BF2037BD46CE
:1077000080BD00BFBC10002180B584B000AF002355
:10771000FB600023FB7217E01D4B1968FA7A1346D1
:107720009B001344DB000B441B78002B09D0184B43
:107730001968FA7A13469B001344DB000B44FB6084
:1077400007E0FB7A0133FB72124B1B78FA7A9A42FC
:10775000E2D3FB68002B03D1A9210920FEF770FDBD
:10776000FB68002B0ED0FB6802337B6000BF7B6898
:1077700000221A7000BF0121F868FFF733FFFB6891
:1077800000221A70FB6818461037BD4680BD00BF46
:10779000B8100021B410002180B582B000AF0C4BAE
:1077A0001B88184619F0E4F90346FB80084B1B8838
:1077B000184619F0FDF90346BB80FA88BB8893424E
:1077C00038BF13469BB218460837BD4680BD00BF80
:1077D000BC10002180B586B002AF78600B46FB700C
:1077E0001346BB702E23FB73BB789BB2FA7892B220
:1077F000F97B184619F0D5F80346BB817B68002B4E
:1078000013D0BB789AB2FB789BB2F87BB98900930E
:107810000346786819F097F8064A7B681360064AB1
:10782000FB781370054ABB781370BB891846103774
:10783000BD4680BDC0100021C4100021C51000212C
:1078400080B500AF054B1B68054A1178054A1278D0
:107850001846FFF7BFFF00BF80BD00BFC01000216A
:10786000C4100021C510002180B400AF024B1B687A
:107870001846BD4680BC7047C010002180B400AFE0
:10788000024B1B781846BD4680BC7047C5100021CE
:1078900080B584B000AF78600B46FB707B68002B2E
:1078A0000CBF01230023FB73FB7B83F00103DBB2DE
:1078B000002B12D07B68033323F003027B689A42CB
:1078C00003D020214120FEF7BBFC084A7B681360EF
:1078D000074AFB78137000F00DF8FA781346DB00C6
:1078E0009B1A18461037BD4680BD00BFC810002146
:1078F000CC10002180B500AF064B1868064B1B78F2
:107900001A461346DB009B1A1A460021FDF7CCF8F5
:1079100000BF80BDC8100021CC1000210122104BF7
:107920004FF0FF3000215A60C3F8080303F580537D
:107930009A60C3F80012C3F80803C3F80015C3F82F
:1079400004259A60C3F80803C3F80015C3F804259A
:1079500003F5805341F6F872C3F80825704700BF5D
:1079600000D000410A4B4FF40052C3F88020BFF30F
:107970004F8FBFF36F8FC3F880214FF48042C3F85D
:107980008020BFF34F8FBFF36F8FC3F88021704704
:1079900000E100E010B50446FFF7C0FFFFF7E2FF8B
:1079A00000F00EF8054B41F6F8722046C3F80825A2
:1079B00000F09CF8BDE8104000F0A0B800F00041D5
:1079C00010B5054C204617F086F918B127211D2067
:1079D000FEF736FC607010BDCD1000212DE9F04798
:1079E00007462B4E2B4C2A4817F079F9054608B16B
:1079F000FF2373704FF001080023DFF89C90C4F858
:107A00000480C4F80031C4F80431C4F80475C4F823
:107A10000080D4F8003113B9D4F80431E3B1D4F8BC
:107A20000431002BE8D1A5B996F8018003237570C5
:107A30004FF400523046C4F80833184BC4F80451D0
:107A4000C4F80051C3F8802117F058F9B8F1000FBD
:107A5000C9D10020BDE8F087D9F81030DB06D8D5B1
:107A60000E4B4FF40052C3F88021EFF3108A72B628
:107A70000323C4F80433D4F8003123B9D4F8043113
:107A80000BB917F046F9BAF1000FC2D162B6C0E7E0
:107A9000CD10002100D0004100ED00E000E100E049
:107AA000114B1A6870B5E2B15A680C2101250132F8
:107AB0001E680C2A28BF002205FA02F426420DD0C7
:107AC0005A60EFF3108172B61A6822EA04021A6053
:107AD00001B962B65B680360002070BD0139E6D170
:107AE0005A600520F9E700BFD0100021024B0022A8
:107AF0001A605A60704700BFD0100021014B00226D
:107B00001A707047D8100021084B10B51C784CB97A
:107B1000FCF7A6FE064BFF28187005D178211F2020
:107B2000FEF78EFB0F2010BD2046FCE7D810002189
:107B300014000021044B4FF6FF7200219A85DA856C
:107B400083F82A101A86704724110021044B4FF63F
:107B5000FF7200219A85DA8583F82A101A86704709
:107B600024110021054B9A8D824205D100214FF648
:107B7000FF7283F82A109A85704700BF24110021F4
:107B8000014BD885704700BF241100210A4A4FF6E7
:107B9000FF710346B2F82CC08C4503D0002210467A
:107BA0001A60704792F82A10012902D001201A6049
:107BB00070470020704700BF24110021064B93F846
:107BC0002A20012A06D00122D98D104683F82A20C6
:107BD000998570470020704724110021014B1886B9
:107BE000704700BF24110021074B0246B3F82CC098
:107BF000198E8C4501D00020704793F82A00002888
:107C0000FAD001201360704724110021094B998D8F
:107C10001A8E914201D0002070474FF6FF7193F801
:107C20002A209985002AF6D00022012083F82A20F4
:107C3000704700BF24110021064B998D1A8E914286
:107C400001D00120704793F82A00B0FA80F0400973
:107C5000704700BF24110021704700BF034648B998
:107C6000094B4FF0010C08688A88586003F804CB70
:107C70009A807047012800D07047034A08688988B5
:107C80009372D060118270475811002140B90C4A9C
:107C900013781BB15068128908608A8018467047B3
:107CA000012809D1064A937A002BF7D0D068128AAE
:107CB000086018468A80704700231846704700BF46
:107CC0005811002100B580EA020C1A78087891F862
:107CD00005E050404A78604493F801C082EA0C0203
:107CE00091F802C0024498788CEA000CC878944459
:107CF000DA7850400A7900EB0C0193F804C0587907
:107D000082EA0C038EEA00020B44DA420CBF012027
:107D100000205DF804FB00BF10B9054B18787047D0
:107D2000012802D1024B987A70470020704700BFAB
:107D30005811002130B503468DB0CA780D46002495
:107D400000685968EC468DF81F209A68DB68069435
:107D50008DF81C40CDE90444ACE80F002B7968464F
:107D60008DF81E306B798DF81D3019F0FDF92A78E9
:107D70009DF82F309A4202D020460DB030BD6A786F
:107D80009DF82E309A42F7D1AC789DF82D00201A3C
:107D9000B0FA80F040090DB030BD00BF30B50C46E0
:107DA000032105468DB0601852B3FEF793FC63794A
:107DB000EC4603F03F0343F0400363718DF81D3040
:107DC0000023286806938DF81C306968AA68CDE9FD
:107DD0000433E3788DF81F3023798DF81E30EB687B
:107DE000ACE80F00684619F0BFF99DF82F109DF818
:107DF0002E209DF82D3021706270A3700DB030BD23
:107E0000FEF776FCD3E700BF10B5044639B1062172
:107E1000FEF760FC637903F03F03637110BD062138
:107E2000FEF766FC637903F03F03637110BD00BF8A
:107E30001D4B996810B50A785C6802F00302A03403
:107E4000032A13D1B3F80CC00120DA894CF4006C7A
:107E500020710243A3F80CC0DA811B699847237B89
:107E6000012B0CBF00230123237310BD002AF6D081
:107E70004A78002AF3D099895C6941F400619981BC
:107E8000002CF2D0FB2A07D81A7E52B11B690021C0
:107E90002020BDE8104018475A7E42F010025A7662
:107EA00010BD0123037010BD70110021F0B5824C8C
:107EB00083B00023074665688DF8053005F1A006FC
:107EC00004F0EEFE08B36368A033DB7D002B94F86A
:107ED00046300CBF23222722934213DBFF2B11D104
:107EE00087B995F86F3095F86E108B4202D0FF205D
:107EF00015F0C2FAB37A032B00F2D880DFE803F062
:107F00000822817195F86E10F1E794F84630E5E7A4
:107F100094F847306948ADF80630A5F85430FFF7BB
:107F200063FE002840F099800DF105020DF1060175
:107F3000E06C17F0BFFEA06420B196F85130002B22
:107F400000F09E805E4B1846A364F37ADB0003F0DA
:107F50000802037803F0F3031343327B920002F02C
:107F60000402134303F0EF0203F00303032B027038
:107F700002D1C378022B11D0E06C17F0F9FF48B999
:107F8000A06C027802F00303032B07D0FFF754FE26
:107F9000002872D1A06C027842F010020270B37D0A
:107FA00013B14378002B46D115F042FE15F088F846
:107FB0006A6941F64B539A4236D8012195F86F20F1
:107FC000084615F0FDFEA26C01233E491088927808
:107FD00084F88031A4F8840184F887318A7003B072
:107FE000F0BD3648FFF700FE00285AD0A06CC378D9
:107FF0001B2BAAD1012105F1100015F06FFAA06C1E
:10800000A3E7B5F854300DF105020DF10601E06C5F
:10801000ADF8063017F04EFEA064002895D14FF45D
:1080200034712720FEF70CF995F86F20012100200C
:1080300015F0C6FEC7E7244815F0FAFD217822485E
:10804000D6E91C23B1FA81F6A16C7609C4E95A235A
:1080500084F8706114F0DAFFAAE7E3898020A16C4C
:1080600043F080032269E38190470121A06C717184
:10807000C3781B2B7FF469AFBDE7A06C02788DE756
:108080009DF805302BB1BDF8061003F0DFFDA06CA4
:108090005BE7038001218370A06C03F051FCA06CAE
:1080A000F1E740F2D9212720FEF7CAF840F2E62195
:1080B0002720FEF7C5F800BF70110021B81100217C
:1080C0008C110021F4120021C011002110B5164CB2
:1080D00015F084FC14F0F4FF0021A089236998476F
:1080E000D4F88C31617E94F88801984794F8AC31CB
:1080F0001BB9002384F8873110BD04F5C87307CB82
:108100001B88C4F89E0104F2AD10C4F8A21100212E
:10811000C4F8A6211D22A4F8AA3104F03BFB0023D9
:1081200084F8873110BD00BF70110021034B93F814
:10813000873103B97047FFF7C9BF00BF7011002135
:1081400070B50F4D6C6804F1A0062046314602F070
:10815000B3F994F82C30012B00D100B970BD6968D7
:108160001822238801F5C570A1F89431737B81F83A
:108170009631B37B81F89731BDE8704004F00ABBBB
:1081800070110021174A13787BB180B992F88411DD
:10819000C9060ED503B30021D3899B0714D5936C70
:1081A000DB78981E18BF012070470128EED0002010
:1081B0007047D2F8B81150690978C1F30011C1F1C4
:1081C000010120B1002BE7D131B101207047B2F895
:1081D000BC010028F9D1F5E7D089003818BF01208B
:1081E000704700BF7011002108B50A4B93F8872132
:1081F000022A09D193F89C2142F0010283F89C21C4
:10820000BDE80840FFF762BF40F22F212720FEF7AC
:1082100017F800BF70110021F8B5374C06466568A5
:10822000D4F8B83105F1A007A36004F039FD0028A7
:1082300039D0636894F84600A033DB7D002B52D020
:10824000262832DC272095F86F1015F015F9FB7DF4
:10825000002B38D0294815F0EBFC23782749003B48
:10826000A06818BF012384F87031D7E91E23C4E940
:108270005A2314F0CBFE3EB995F86F0010F00C00B5
:1082800018BF282015F034FD6A6941F64B539A4215
:108290001FD895F86E200021012015F091FD0223D2
:1082A00084F88731F8BD94F84600FF28CBD195F8C3
:1082B0006F10002EC9D195F86E309942C7D0FF20BB
:1082C00015F0DAF8C3E7A06815F0B2FC14F0F8FE78
:1082D000D1E7002195F86E20084615F071FD0223C4
:1082E00084F88731F8BD2228DFDC232095F86F1051
:1082F00015F0C2F8ABE700BF70110021C0110021DA
:108300002DE9F843444C06460F4694F887216568EA
:10831000012A5FFA82F805F1A00577D12B7963B1C4
:10832000E3890021042043F004032971E3812369D8
:10833000984723780BB185F80680A16C0A7802F083
:108340000302032A45D04B7813B30223AB72EB7DB3
:108350004BB32378D4F80490003B18BF012384F872
:108360007031D5E91E2394F8BE51C4E95A2304F0B4
:1083700097FC10B1232D38BF232599F86F100139D0
:1083800007293ED8DFE801F03A093D073D3D3D377A
:108390000123AB72DBE74FF0030843462A461F492F
:1083A000012014F0DDFD012F0FD176B9D4F8C031D2
:1083B0003046984748B1637E3BB93046FFF7E2FE4E
:1083C00018B9BDE8F843FFF727BFBDE8F843FFF74A
:1083D0007DBEAB7A63B9E389022043F00203E381F7
:1083E00023699847A16C0B7803F00303032BAAD1F0
:1083F0000323AB72ABE74FF00208CEE74FF0000863
:10840000CBE740F20C410620FDF71AFF40F2834112
:108410002720FDF715FF00BF70110021C8120021B1
:1084200038B50A4C94F8873163B9054603F0FF026A
:10843000012104F11C0084F8AC2103F081FAC4F896
:10844000B85138BDC7212720FDF7FAFE7011002171
:10845000054A92F8873103F0FF0013B982F8AC01A6
:1084600070470C20704700BF70110021014B0122A2
:108470001A767047701100212DE9F04383B0B74C94
:108480006D4685E8030094F887110A98002940F0AA
:10849000E381002B18BF002A00F0DE81002800F0E5
:1084A000DB8101F0FF06C4F88C01C4F8C031226101
:1084B0002676667684F8C46184F8886184F88061E1
:1084C000E681A68195E803000D4601F1A00784E846
:1084D000030015F057F814F0F3FD95F9720015F04C
:1084E000F7F8286A15F088FBA86915F0FDF897F8E9
:1084F000270015F003F92378002B00F0A880042052
:10850000FCF77CFB6A6941F64B539A4200F2BC804F
:10851000012015F04FFC4D2014F068FF95F86F1006
:10852000012016F017F8002800F0A7808C4815F0FD
:1085300069FB2888FEF784FFE0642888FEF74EFF79
:1085400095F87B30C4F8C8011BB9696F002940F069
:10855000CB80D7F88C30DFF80CC2D7F88000D7F882
:108560008410D7F88820ACE80F00D7F89030C4F812
:108570007131D7F89430CCF80D302378002B40F0CF
:108580008780636893F8B120273A012A40F2D180AE
:1085900093F8B220272A00F0CC8093F86E100429BB
:1085A00000F0148111F00C0FA88F18BF4FF4296050
:1085B00002F0A0F82B8F95F86F10834297F8179070
:1085C000B5F8408028BF03460829B5F8420008BF27
:1085D000042184F8473002F08DF80246B9F1000F0B
:1085E00001D1043292B29045FB7D28BF90465FFADC
:1085F00088F284F8BE21002B00F0DA80131D84F885
:1086000046302378002B40F0E580BB7D002B00F046
:10861000B180012395F86E1084F8703101396869D2
:10862000D7E91C23C4E95A2341F64B53984294BF1F
:1086300004200020072900F2E680DFE811F0960010
:10864000FB00E4009500E400E400E400FD000320EA
:10865000FCF7D4FA6A6941F64B539A4210D80120CC
:1086600015F0A8FB4D2014F0C1FE95F86E10002007
:1086700015F070FF00287FF459AF03B0BDE8F08318
:10868000962014F0B3FEF0E7962014F0AFFE45E715
:10869000626892F8B130A3F12701012933D992F829
:1086A000B20027282FD0A3F122011346012900F29E
:1086B000C980252840F0AC8092F8671092F85631B6
:1086C0000B4092F86E105A0700F1808013F00102FF
:1086D00078D19B077FF566AF042977D0082975D03C
:1086E000012918BF022122E0FA8F3B8993427FF4CF
:1086F00030AFB5F8782013440122FB8795F87A0053
:10870000F9F72AF825E792F8363392F86E10002B25
:108710003FF448AF082959D0042957D0082B55D029
:10872000042B53D0012901D0012B15D10121A88F91
:108730003EE793F8BA2293F86E10002A3FF432AF66
:10874000082943D0042941D0082A3FD0042A3DD02B
:108750000129EBD0012AE9D00221E8E770110021BC
:1087600034B30201C812002103263346FB223F49DD
:1087700014F0F6FB0120FFF799FB3D4BD3F8503581
:1087800023F00803032B6CD000233A4AC4F890313D
:108790009381C2E9013397F8272029883B89A4F8FF
:1087A000901184F89421A4F8923103B0BDE8F083CD
:1087B000237884F84620002B3FF427AF0120FFF7F1
:1087C0002BFDDAE7042901D0082943D108214FF411
:1087D0002960EDE6012195F86F3084F87011013BB6
:1087E000D7E91E01C4E95A01072B0CD8DFE803F0D2
:1087F00005260B040B0B0B28032633461B490120CF
:1088000014F0AEFBDAE740F20C410620FDF718FD4C
:1088100092F8563192F86E105A07D7D413F001022D
:1088200014D198077FF5BEAE0829CFD004297FF474
:1088300057AFCBE7012698E7022696E70126DCE74B
:108840000226DAE725287FF4A8AE35E70829BDD04F
:108850000429BBD011466AE740F21F112720FDF71B
:10886000EFFC4FF4ED712720FDF7EAFCC812002160
:10887000008000410013002110B5174C94F8873197
:10888000D3B123787BB194F88731022B1ED1636872
:10889000D3F8980215F002FA636893F87B200AB9BE
:1088A000596F61B910BD94F88731012BF4D04FF4A2
:1088B000F9712720FDF7C4FCFFF708FCECE711462F
:1088C00093F87A00BDE81040F8F746BF4FF4FB710B
:1088D0002720FDF7B5FC00BF70110021FFF7F6BBA4
:1088E00010B40B46074C2B2223F8042BD4F89E011E
:1088F000D4F8A211D4F8A621B4F8AA4107C31C8069
:1089000010BC704770110021014B83F8AC01704717
:1089100070110021014B93F8800170477011002104
:10892000024B9889C0F38020704700BF701100216E
:10893000014B93F8C4017047701100212DE9F041FB
:10894000374D0F46012882B06C680646A96804F1CD
:10895000A00491F8018007D995F8CC31032B5AD89F
:10896000DFE803F01E3B4D174FF0000385F8CC31D4
:1089700016D1217BD4E91E32013342F100020129D4
:10898000C4E91E320CBF00230123237302B0BDE8EB
:10899000F081D5F8C80102B0BDE8F04117F00DBD77
:1089A0006B699BB3B5F8BC2118460332FCF706F897
:1089B0000DF1020201A9A860D5F8C80117F016FD53
:1089C000019817F0B5FC012238604146D5F8C8017E
:1089D00017F090FB022ED9D0CBE76B69B3B1B5F895
:1089E000BC2118460332FBF7E9FF4146A86000228C
:1089F000D5F8C80117F07EFB022EC7D0B9E7D5F82D
:108A0000C80117F0DAFC022EC0D0B2E740F2744180
:108A10002720FDF715FC40F22E412720FDF710FC22
:108A2000701100212DE9F047002384B0A74C0546C2
:108A30008DF807300F466668CDE9023394F8873128
:108A4000A036022B5FFA83F840F0C081A38913F0AF
:108A5000400106D1236940209847A38943F0400391
:108A6000A381002D5DD0F37D002B40F03381A368FE
:108A7000597889B2A4F8BC11002940F03F81002246
:108A800062611A78F07AA389C2F3800143F480739B
:108A90008842A38100F0F8806168207801F1A00984
:108AA00099F80A10D9B1022900F07881002189F8DB
:108AB0000A1020B199F80630002B40F0598199F83E
:108AC0000530002B40F0308199F80B30012B0CBFA2
:108AD0000023012389F80B30A3681A78A38943F493
:108AE00080634FF00009A381C2F3C002337B93423D
:108AF00025D104F0D5F8002800F0E380A2681378AF
:108B000003F00303013B012B00F2DB80527894F861
:108B100046309A4240F2D580637E43F0100363767C
:108B20000DE0F27D002A40F0F08043F400734FF036
:108B30000009A38194F8C431013384F8C431B37DB2
:108B400043B3237841F64B52B3FA83F35B0984F8BD
:108B500070316368586993F86E10904294BF042096
:108B600000200139D6E91C23C4E95A23072900F261
:108B7000F780DFE811F09E000800F5009600F50090
:108B8000F500F5000A004FF001084346FB2250496A
:108B900014F0E6F9A7BB94F8C431012B30D8D4F80F
:108BA000C0310120984758B3637E4BBB0120FFF7CB
:108BB000E9FA28BB9DF80730002B40F0B080002078
:108BC000FFF774F99DF80730002B75D1B9F1000F4C
:108BD00008D02378002B40F0D580B4F89A310133C7
:108BE000A4F89A31002D00F09480B4F89631002555
:108BF000013384F8C451A4F89631FFF7A1FA1AE0C2
:108C000015F042F99DF807306BBBB9F1000F07D0A2
:108C10002378002B3AD1B4F89A310133A4F89A3171
:108C200035B3B4F896310022013384F8C421A4F896
:108C30009631FFF785FA029840B117F079FB616829
:108C400000230B220130037203F0A4FD039B33B118
:108C50006168002022221872039803F09BFD75B909
:108C600004B0BDE8F08703A90020FFF767FECCE75A
:108C7000B4F8983101252B44A4F89831DBE7FFF7CD
:108C800025FA04B0BDE8F087A9462DE7B4F896317F
:108C9000B4F8981132890B4313439BB2002BBFD019
:108CA000B9E74FF00308FB220949434614F058F98D
:108CB00070E74FF0000868E703A90220FFF73EFEC7
:108CC00084E70DF10700FFF7B3F838E770110021D2
:108CD000C812002114F038FA14F01AFAA36859786F
:108CE00000287FF4C6AE00293FD01B78327BC3F347
:108CF000C0039A4264D089B2A4F8BC11D4F8C80168
:108D000017F083F9A3686061BBE614F057FAA389F2
:108D10000BE7B4F898310133A4F898318BE703A935
:108D20000120FFF70BFE4AE74FF0000A89F805A083
:108D3000FEF76CFF002853D0E3895146082043F02A
:108D40000803E38123699847D9F870300133C9F8E3
:108D50007030D9F8743043F10003C9F87430B3E6C9
:108D600040F20C410620FDF76BFAA4F8BC1186E630
:108D7000E389102089F8061043F01003E38123698A
:108D800098479CE6B4F89631B4F8981132890B43B1
:108D900013439BB2002B3FF425AF1EE702A9E06C02
:108DA00016F0DBFFB8B1D9F8703020780133C9F87C
:108DB0007030D9F8743043F10003C9F8743075E6A7
:108DC000012384F88831FFF781F949E740F2FF4138
:108DD0002720FDF735FA40F2CA312720FDF730FA97
:108DE00040F2E1312720FDF72BFA00BF464B9A787D
:108DF0006AB393F8031181422FD0012A27D093F848
:108E00000411814229D0022A21D093F80511814210
:108E100023D0032A1BD093F8061181421DD0042AC7
:108E200015D093F80711814217D0052A0FD093F877
:108E30000811814211D0062A09D093F80911814204
:108E40000BD0072A03D093F80A21824205D01A7862
:108E5000013AD2B290421A7000D17047D200C100DC
:108E600002F2531201F2531110B59C581A4403EB4D
:108E7000010CD2F804E05C509A781978CCF804E040
:108E80006AB393F803418C422FD0012A27D093F87C
:108E900004418C422BD0022A21D093F805418C4208
:108EA00029D0032A1BD093F806418C4221D0042AF2
:108EB00015D093F807418C421FD0052A0FD093F8A4
:108EC00008418C421DD0062A09D093F809418C42F2
:108ED00015D0072A03D093F80A218A4200D010BD8A
:108EE0000722134483F8030110BD0022F9E7012291
:108EF000F7E70322F5E70222F3E70422F1E706226F
:108F0000EFE70522EDE700BF40130021044B9A78FC
:108F1000824203D9184490F84301704700207047FB
:108F20004013002108B50B4B40F2D3120021184624
:108F3000FBF7BAFD002203464FF0FF314FF461709A
:108F400083F8DC2183F8DD21A3F8DE01C3E9751184
:108F500008BD00BF401300212DE9F84FDFF804A140
:108F600005469AF80040002C6BD091F800B05346AB
:108F700091F801904FF0000E91F80280CF780E79B1
:108F8000487906E00EF1010E08335FFA8EF2944242
:108F900037D993F8532193F854C16A408BEA0C0CEB
:108FA000624493F855C189EA0C0C624493F856C1A7
:108FB00088EA0C0C944493F857217A40944493F82F
:108FC00058217240624493F859C180EA0C0C1CEBA2
:108FD000020FD7D10EF12A0E0AEBCE0E9EF80A3000
:108FE00013F001000BD19AF80120072A07D843F0AB
:108FF00001038EF80A30013201208AF80120BDE811
:10900000F88F9AF80130072B02D90020BDE8F88FBD
:10901000631C0F2C8AF8003020D82A34E3B2DB001E
:10902000043308680AEBC4044AF8030053448A88EE
:109030009A80A37A9AF8012043F00103E570A372A5
:10904000D9E79AF80130072B01D92046D7E701224A
:109050004FF4AA732A248AF80020E2E74621282048
:10906000FDF7EEF8401300212B4B2DE9F04F1E7851
:1090700085B0002E4ED00B790025074691F800B040
:10908000019328464B7991F801A0029391F8029040
:1090900091F80380204B039604E00135039AE8B26F
:1090A000824233D993F85311083393F84C4193F823
:1090B0004D2179408BEA040493F84EE18AEA0202DA
:1090C000019E214489EA0E0E93F84FC10A4493F899
:1090D000501188EA0C0C93F8514172447140029E81
:1090E0006244744011446118D7D10B4A2A35537831
:1090F00002EBC505013B5370AB7A61F30003AB7221
:10910000FFF774FE012005B0BDE8F08F002005B028
:10911000BDE8F08F3046F6E740130021014B83F89D
:10912000DD01704740130021014B93F8DD017047CA
:10913000401300215E4A1378013B5BB2002BC0F262
:10914000A48010B505E0DBB2013B5BB2591C00F016
:10915000988003F12A0002EBC0018C7AE407F2D573
:1091600092F801C0DBB291F80AE00CF1FF3C947870
:109170006FF3000E82F801C081F80AE06CB392F838
:1091800003119942E0D0012C27D092F804119942A2
:10919000DAD0022C21D092F805119942D4D0032CB8
:1091A0001BD092F806119942CED0042C15D092F81B
:1091B00007119942C8D0052C0FD092F80811994296
:1091C000C2D0062C09D092F809119942BCD0072CC4
:1091D00003D092F80A119942B6D011780139C9B278
:1091E0008B421170B0D0C900C00001F2531103309E
:1091F00052F801E011441418D1F804C042F800E01C
:1092000091781078C4F804C000299DD092F80341E9
:1092100084423ED0012997D092F8044184423AD04A
:10922000022991D092F80541844238D003298BD08D
:1092300092F80641844230D0042985D092F8074143
:1092400084422ED005293FF47FAF92F80841844232
:1092500029D006293FF478AF92F80941844224D0FE
:1092600007293FF471AF92F80A1181427FF46CAF85
:109270000721114481F80331013B5BB2591C7FF493
:1092800068AF002382F8DD3110BD002382F8DD31A4
:1092900070470021EDE70121EBE70321E9E7022117
:1092A000E7E70421E5E70521E3E70621E1E700BF61
:1092B000401300212DE9F04F85B000250393514B59
:1092C00015701F780292002F70D00B792E4691F8FE
:1092D00000B000934B7991F801A0019391F80290AE
:1092E00091F80380474B03E00135EEB2BE425DD2F8
:1092F00093F85311083393F84C4193F84D214140B2
:109300008BEA040493F84EE18AEA0202214489EAD6
:109310000E0E93F84FC10A4493F8501188EA0C0CD2
:1093200093F851419644009AE6445140019A7144A1
:1093300054406118D8D10A463249029801EBC5055C
:1093400095F85A31C3F3000303708B7873B32D483B
:1093500090F80311B1422ED0012B27D090F80421B0
:10936000B2423DD0022B21D090F80521B2423AD032
:10937000032B1BD090F80621B24237D0042B15D016
:1093800090F80721B24234D0052B0FD090F8082175
:10939000B24231D0062B09D090F80921B2422ED02A
:1093A000072B03D090F80A31B34203D0012005B057
:1093B000BDE8F08F07221346039921B10A701149C5
:1093C00089789142F2D90F4A134493F83B2193F8DC
:1093D0004B01012A08BF40F0010005B0BDE8F08F45
:1093E00001221346E8E702221346E5E7032213466B
:1093F000E2E704221346DFE705221346DCE70622F4
:109400001346D9E7401300212DE9F04F6A4D85B08E
:10941000044628780391CDE90123002800F0BE809E
:109420004B794FF0000E91F800B00093F44691F89C
:1094300001A02B4691F8029091F803800F7907E084
:109440000EF1010E08335FFA8EFC604540F29B80FE
:1094500093F8541193F853218BEA01066240911955
:1094600093F855618AEA0606721893F8561189EA4C
:1094700001018E1893F8572188EA0202911993F896
:109480005821009E7A400A4493F85911714066466B
:10949000D142D5D1AC78002C4AD095F80321624551
:1094A00078D0012C44D095F80421624572D0022C6A
:1094B0003ED095F8052162456CD0032C38D095F844
:1094C0000621624566D0042C32D095F8072162450A
:1094D00060D0052C2CD095F8082162455AD0062C76
:1094E00026D095F80921624554D0072C20D095F854
:1094F0000A0160450CBF1220072005B0BDE8F08FBF
:10950000431C0F282B7052D800F12A02D3B2DB0083
:1095100004330399064605EBC2020868E8502B4461
:1095200089889980937AD4706FF30003AC78937232
:109530002701DDF80480621C2C44F81C4146AA7007
:109540001022284400F006FF07F18300102228446F
:10955000029D294600F0FEFE1021284600F08EFEF6
:1095600003461021404684F8433100F087FE002373
:10957000024684F80361184684F83B3184F84B2195
:1095800005B0BDE8F08FAB78072BB9D9072005B03F
:10959000BDE8F08F122005B0BDE8F08FAB78072B47
:1095A000F4D801232A222B704FF4AA73B1E7462185
:1095B0002820FCF745FE00BF40130021774B1A78A6
:1095C000002A75D02DE9F04F85B00B79002691F86F
:1095D00000B001934B79374691F801A091F80290C1
:1095E00091F8038002936D49039204E00136039BD6
:1095F000F7B2BB4258D991F85341083191F84C5118
:1096000091F84D3144408BEA050591F84EE18AEA24
:109610000303019A2C4489EA0E0E91F84FC12344AA
:1096200091F8504188EA0C0C91F851517344544020
:10963000029A634455401C442D19D7D1574A90785B
:1096400098B392F80331BB4235D001282CD092F860
:109650000431BB4200F09280022825D092F80531F7
:10966000BB4200F08E8003281ED092F80631BB4228
:1096700000F08A80042817D092F80731BB4200F02E
:109680008680052810D092F80831BB4200F0828015
:10969000062809D092F80931BB420BD0072803D025
:1096A00092F80A31BB4266D0002005B0BDE8F08FC9
:1096B0001046704706252B46421EDFF8E0C0D2B2A6
:1096C0009A428CF8022049D01001E3462B01C41CB9
:1096D00002EB420103F1030E6244A4445BF804A0D0
:1096E0000BEB0E048330DCF808808333DCF8049045
:1096F0004900DCF80CC04BF80EA001F20B11C4F8C5
:109700000CC0C4F80490C4F808805C465BF8008084
:1097100004445846D4F804E01844D4F808C0E46877
:109720004BF8038005EB4503C0F804E05D44C460DA
:109730005B00C0F808C05C4692F8030103F20B130B
:1097400085F8030160185BF801104BF803105B44C7
:109750008188998092F83B3185F83B310F4B03EBC0
:10976000C60696F85A5115F001009ED13846FFF70B
:109770003DFB012099E707252B469DE701252B4658
:109780009AE702252B4697E703252B4694E7042505
:109790002B4691E705252B468EE700BF401300219D
:1097A0007D4A9378013B59B20029C0F2E58002EB73
:1097B00001102DE9F04F01EB410E01F582750330E8
:1097C00002EB4E0E15440EF20B1E09E00139103863
:1097D000AEF1060E49B24B1C00F0CC809378013BF1
:1097E000DBB2C9B293708B4215F801CD38D01E019F
:1097F000F41C833602EB040852F80490971903EB2B
:109800004304D8F808A01344D8F804B06400D8F88A
:109810000C80C0F8009004F20B14C0F804B0C0F83B
:1098200008A0C0F80C8052F806A0D7F80490FE6893
:10983000D7F80880C0F88C601619C0F880A0C0F86E
:109840008490C0F8888093F803712F701459CEF873
:109850000040B488AEF8044093F83B3185F83830C6
:109860000CF12A0302EBC304A47AE407AED4947883
:1098700074B392F803616645A8D0012C28D092F801
:1098800004616645A2D0022C22D092F8056166459B
:109890009CD0032C1CD092F80661664596D0042C0F
:1098A00016D092F80761664590D0052C10D092F83A
:1098B000086166458AD0062C0AD092F8096166458F
:1098C00084D0072C04D092F80A4164453FF47EAF5F
:1098D0001478013CE4B2A44514703FF477AFE4007F
:1098E000DB0004F253140333165914446468D65051
:1098F00013445C6093781478002B3FF467AF92F8C0
:109900000361A64239D0012B3FF460AF92F80461A5
:10991000A64234D0022B3FF459AF92F80561A6421B
:1099200031D0032B3FF452AF92F80661A64228D003
:10993000042B3FF44BAF92F80761A64225D0052BCC
:109940003FF444AF92F80861A64220D0062B3FF4C2
:109950003DAF92F80961A6421BD0072B3FF436AF0A
:1099600092F80A31A3427FF431AF0723134483F8FE
:1099700003C12BE7BDE8F08F70470023F6E7012312
:10998000F4E70323F2E70223F0E70423EEE70523DD
:10999000ECE70623EAE700BF40130021014B83F800
:1099A000DC01704740130021014B93F8DC01704744
:1099B00040130021421E4AF2B711034692B28A4276
:1099C00004D8034A0120A2F8DE3170470020704716
:1099D00040130021014BB3F8DE0170474013002112
:1099E000444B2DE9F04F1F7885B0002F6FD00B79D5
:1099F000002591F800B001932E464B7991F801A013
:109A0000029391F8029091F803803A4B039703E098
:109A1000EEB2039AB2425AD993F85311083393F82D
:109A20004C41013593F84D2141408BEA040493F8F1
:109A30004EE18AEA0202019F214489EA0E0E93F860
:109A40004FC10A4493F8501188EA0C0C93F8514125
:109A500072447940029F62447C4011446118D7D11E
:109A6000244B9B789BB3234890F80321B24234D017
:109A7000012B2CD090F80421B24230D0022B26D0FA
:109A800090F80521B2422CD0032B20D090F806216B
:109A9000B24220D0042B1AD090F80721B24222D033
:109AA000052B14D090F80821B2421ED0062B0ED000
:109AB00090F80921B2421AD0072B08D090F80A1169
:109AC000B1420CBF0720082005B0BDE8F08F082088
:109AD00005B0BDE8F08F0320FAE70846F8E701205B
:109AE000F6E70220F4E70420F2E70520F0E706207D
:109AF000EEE700BF40130021044B9A78824203D95D
:109B000003EB0010833070470020704740130021A2
:109B1000044B9A78824203D903EB0010033070475C
:109B2000002070474013002110B40D4CA3788342ED
:109B300003D8002310BC18467047204490F8033126
:109B40002A33D80004EBC3030430DB780B702118F0
:109B50002058012310BC10601846898891807047F6
:109B60004013002170B506460D4614F009F913F0B4
:109B700063F90A4B93F8DC4114B1997811B90C469A
:109B8000204670BDD81C83333246002D08BF1846CE
:109B900013F01EF913F076F9204670BD4013002132
:109BA00008B513F085F908B9FF2008BDBDE80840E5
:109BB00013F0B4B913F07CB9074B9A78824209D9F3
:109BC000184490F8032103EBC20393F85A0100F004
:109BD000010070470020704740130021F8B5414C48
:109BE0002678002E54D0002528462B4603E0013568
:109BF000EBB2B3424CD203F12A0104EBC102927AD8
:109C0000D207F4D5A2787AB394F803C19C4540D02A
:109C1000012A29D094F804C19C4547D0022A23D0B8
:109C200094F805C19C4545D0032A1DD094F806C17F
:109C30009C4543D0042A17D094F807719F4241D025
:109C4000052A11D094F808719F423FD0062A0BD004
:109C500094F809719F423DD0072A05D094F80A7103
:109C60009F423BD0102AC2D84FF0100C04EBC10326
:109C700022180135471C194682F8D4C1DA78FFB2A0
:109C8000043113F0E9FC2678EBB23846B342B2D384
:109C9000F8BD4FF0000C6346234493F83B21012AA2
:109CA000E4D093F84B31002BA1D0DFE74FF0010C4B
:109CB0006346F1E74FF0020C6346EDE74FF0030C0B
:109CC0006346E9E74FF0040C6346E5E74FF0050C07
:109CD0006346E1E74FF0060C6346DDE74FF0070C03
:109CE0006346D9E7401300212DE9F843144DAF78BE
:109CF0001FB300263146334605EB03094A1C0136E3
:109D000005EB010899F83BE1D4B20846BEF1010F1A
:109D100002D099F84B216AB199F8031188F8D4312F
:109D20002A3105EBC1031946DA78043113F094FCAB
:109D3000AF782146F3B2BB42DED3BDE8F88300BF63
:109D4000401300218C460246012108B5054B03EB68
:109D50000C1303F1830013F03BF8BDE8084013F047
:109D600091B800BF40130021074B10B593F8DC41B8
:109D700014B1997811B90C46204610BD0246D81C82
:109D800013F026F8204610BD40130021F8B5114D00
:109D9000AE7856B1002407462346E91891F84311DE
:109DA00021B10134E3B2B342F7D3F8BD03EB430171
:109DB000013405EB03133A4605EB410103F183003F
:109DC00001F20B11FDF7EAFFAE78E3B2B342E4D340
:109DD000F8BD00BF40130021004870472015002146
:109DE000084B9A7882420AD91A1892F8432132B95C
:109DF00000EB400003EB400000F20B107047002026
:109E0000704700BF4013002101EB4101044B026881
:109E1000490001F20B115A50194483888B80704716
:109E200040130021064B9A78824206D9184490F8D4
:109E30003B01B0FA80F0400970470020704700BF36
:109E4000401300212DE9F04F0C4683B00621054652
:109E50002046009200F012FA064658B14B4882782C
:109E600022B1009900F23B10FAF71EFE304603B013
:109E7000BDE8F08F454B18780028F7D094F800B073
:109E8000B64694F801A094F8029094F803802779DC
:109E900094F805C034463D4B019603E05FFA8EF41A
:109EA000A04262D993F85321083393F84C610EF124
:109EB000010E93F84D116A408BEA06068AEA010109
:109EC000164493F84E21314489EA020293F84F6117
:109ED0000A4493F8501188EA06067940164493F82C
:109EE000512131448CEA02025118D7D127480A4641
:109EF000019E8378002BB9D090F80311A1422AD09B
:109F0000012BB3D090F80421A24235D0022BADD062
:109F100090F80521A24231D0032BA7D090F806215A
:109F2000A2422DD0042BA1D090F80721A24229D023
:109F3000052B9BD090F80821A2421BD0062B95D070
:109F400090F80921A2421FD0072B8FD090F80A3138
:109F5000A3428BD107220D4B01261A443046009BA9
:109F600082F83B3103B0BDE8F08F019E304603B06C
:109F7000BDE8F08F0522EEE70122ECE70222EAE7D6
:109F80000322E8E70422E6E70622E4E74013002183
:109F9000002342F2107C828743634B1E0CFB02328B
:109FA000B2FBF1F18163704770B50D4600210646A2
:109FB00016F041FC686018B1002318462B7070BD84
:109FC00004460121304616F036FC686018B10123C2
:109FD00020462B7070BD022070BD00BF10B5044636
:109FE00031B1012958D002291FD003294DD010BD0D
:109FF0004FF45872FAF758FD012384F8B93012F083
:10A0000053FE44F62B12FE2301F0060110407F227E
:10A0100084F83C314FF6FF73C4F80201C4F806110E
:10A0200084F8AD20A4F87E3010BD0023D0F83C2386
:10A03000416942F2107CB0F84203A4F8E230B4F86F
:10A04000E63001FB03F3B3FBF2F3A4F8E630531E52
:10A050000CFB0030B0FBF2F0A4F8E400D4F8D4001C
:10A0600000FB01F1B1FBF2F1C4F8D4102849B1FBB7
:10A07000F2F10131A4F8EA10B4F8DC100CFB013362
:10A08000B3FBF2F3C4F8D83010BD00F1BA01B93017
:10A09000BDE8104000F07EBD43694FF0000C1D4943
:10A0A000B0F8E600D4F8D420194403FB00F003FB19
:10A0B00002F2A4F89EC284F893C2A4F8E2C0B1FBF5
:10A0C000F3F1B0FBF3F0B2FBF3F2C4F8D81040F6B2
:10A0D000B831A4F8E600581EC4F8D420A4F8DC1067
:10A0E00042F21071E28B01FB0200094A04F1BA014D
:10A0F000B2FBF3F2B0FBF3F3013204F1B900A4F8C0
:10A10000E430A4F8EA20BDE8104000F043BD00BFF1
:10A11000005A62027FC3C90110B5044631B101295A
:10A120005BD0022922D0032950D010BD4FF44072D9
:10A13000FAF7BAFC012384F8B93012F0B5FDFE231A
:10A1400044F62B1201F0060184F83C317F231040C5
:10A15000202284F8AD304FF6FF73C4F80201C4F832
:10A16000061184F8A922A4F87E3010BD0023D0F88F
:10A17000C822416942F2107CB0F8CE02A4F8E23065
:10A18000B4F8E63001FB03F3B3FBF2F3A4F8E630D6
:10A19000531E0CFB0030B0FBF2F0A4F8E400D4F83E
:10A1A000D40000FB01F1B1FBF2F1C4F8D410264950
:10A1B000B1FBF2F10131A4F8EA10B4F8DC100CFBA9
:10A1C0000133B3FBF2F3C4F8D83010BD00F1BA018B
:10A1D000B930BDE8104000F0DDBC436942F2107CAC
:10A1E0001A4AB0F8E6001A44D4F8D41003FB00F081
:10A1F00003FB01F1B2FBF3F2B0FBF3F0C4F8D8209B
:10A2000040F6B832A4F8E600581EA4F8DC20E28B31
:10A210000CFB02000C4AB1FBF3F1B2FBF3F2B0FB12
:10A22000F3F30132A4F8E4300023C4F8D41004F1AD
:10A23000B90004F1BA01A4F8EA20A4F8E230BDE8BC
:10A24000104000F0A7BC00BF005A62027FC3C901E2
:10A2500070B5047934F01F040ED1451E061D15F8A3
:10A26000010F02F051FE0444B542E4B2F7D1012CD3
:10A2700094BF0020012070BD002070BD002964D073
:10A280004B1E062B00B562D98B0800F1040E024666
:10A290004FF0000C013BDBB20EEB830E52F8043B97
:10A2A000724543EA0C0CF9D1CCF30723CCF30742F7
:10A2B0004CEA0303134301F0FC0243EA1C6331F050
:10A2C000FC0CDBB23CD010F802C043EA0C0302F1F4
:10A2D000010C5FFA8CFC614532D910F80CC043EADE
:10A2E0000C0302F1020C5FFA8CFCDBB2614527D94A
:10A2F00010F80CC043EA0C0302F1030C5FFA8CFC6B
:10A3000061451DD910F80CC043EA0C0302F1040C9E
:10A310005FFA8CFC614513D910F80CC043EA0C03BA
:10A3200002F1050C5FFA8CFC614509D9063210F880
:10A330000CC0D2B243EA0C03914201D9825C1343B0
:10A34000B3FA83F040095DF804FB01207047002256
:10A350001346B8E762B102F1FF3C0A44431E5FFABC
:10A360008CF1084412F8011D03F8011F9842F9D13D
:10A37000704700BF30B51C468DB0C37B1546427890
:10A380008DF80030837B8DF80E208DF80130437BF3
:10A390008DF80230037B8DF80330C37A8DF80430DA
:10A3A000837A8DF80530437A8DF80630037A8DF87C
:10A3B0000730C3798DF8083083798DF809304379F7
:10A3C0008DF80A3003798DF80B30C3788DF80C3096
:10A3D00083788DF80D30037868468DF80F30CB7B8D
:10A3E0004A788DF810308B7B8DF81E208DF8113057
:10A3F0004B7B8DF812300B7B8DF81330CB7A8DF8B8
:10A4000014308B7A8DF815304B7A8DF816300B7A24
:10A410008DF81730CB798DF818308B798DF819308D
:10A420004B798DF81A300B798DF81B30CB788DF87D
:10A430001C308B788DF81D300B788DF81F3016F09E
:10A4400093FE8DB39DF82F009DF82E109DF82D20C2
:10A450009DF82C30207061709DF82B009DF82A101B
:10A46000A270E3709DF829209DF828302071617159
:10A470009DF827009DF82610A271E3719DF8252014
:10A480009DF82430207261729DF823009DF82210FF
:10A49000A272E3729DF821209DF820302073617331
:10A4A000A273E3730DB030BD08AD0FCD20606160C5
:10A4B000A260E3600DB030BD30B583B005460C46F8
:10A4C0000DF1070013F06AFC18B97F23637303B022
:10A4D00030BD9DF9071094F8272094F90F30A2732E
:10A4E000CA1A617395F82D00002AB8BF524292B281
:10A4F000824201D3FF2802D1002003B030BD227C6C
:10A50000A3F17F030132B3FA83F3D2B25B09227461
:10A5100095F82E5095422CBF184643F001000028B4
:10A52000EAD00023E1732374D1E700BFA0F10C034C
:10A53000042B08D9A0F122032E2818BF062B94BFA4
:10A540000120002070470120704700BF0C2900F255
:10A550008480DFE801F00D11171D232939454B5286
:10A56000595F0700A2F12A00B0FA80F04009704755
:10A57000B2FA82F040097047083A012A8CBF0020E5
:10A58000012070470C3A022A8CBF0020012070473E
:10A590000F3A012A8CBF002001207047123A0C2A82
:10A5A0008CBF002001207047002B3CD1A2F1140386
:10A5B000012B4AD990F85230002B48D0153A082A7E
:10A5C0008CBF002001207047A2F11203032B3CD95D
:10A5D00090F852001E2A8CBF002000F00100704746
:10A5E000A2F10400B0FA80F0400970473BBBA2F131
:10A5F0000100B0FA80F040097047D3B9A2F105001C
:10A60000B0FA80F0400970471F3A022A8CBF002040
:10A6100001207047A2F122002E2A18BF062894BFFD
:10A62000012000207047133A0B2A8CBF0020012024
:10A630007047A2F11100B0FA80F040097047A2F112
:10A640000700B0FA80F04009704701207047193ABE
:10A65000042A8CBF0020012070470020704700BFF3
:10A66000F8B504460D46D0E90467F7F7C1FA08B318
:10A67000DDB1236962699B1B62EB0702012B72F15A
:10A68000000114DB6FF001000021984271EB02021F
:10A6900015DB6A1E1344B3FBF5F303FB05F5AE1996
:10A6A0001D4647F10007C4E904672846F8BD0025A8
:10A6B0002846F8BD40F22D212920FBF7C1FD40F2CC
:10A6C00037212920FBF7BCFD904238B5044606D25D
:10A6D000121A742A38BF742215188D4202D92546E1
:10A6E000284638BD03211046F8F75AFB0028F6D15A
:10A6F000F6E700BF11F00C030CD04B0712D44FF457
:10A70000747340229842194612D9401A90FBF2F015
:10A7100080B2704702290DD0702809D97038C0F373
:10A72000CF00704740F20E23102298421946ECD811
:10A73000002070473C28FBD93C38C0F38F0070479D
:10A740000B68C0F86A307047034610F0010007D16B
:10A750009A0704D413F0040018BF082070470220A1
:10A76000704700BF2DE9F84F8946074608469246D4
:10A7700001F048FA0546484601F048FA10F0010495
:10A78000064659D1820700F1928010F0040474D17A
:10A79000A34615F001084CD1AB0700F1838015F0FA
:10A7A000040803D04FF0010B4FF0080812F082FAB2
:10A7B0000640F6B2002E08BF002412F07BFA0540D6
:10A7C00097F86E30EDB2002D08BF4FF00008A3429D
:10A7D00026D08AF8004097F86F3043452FD044EADE
:10A7E0000803DBB28AF80180002B4CD0D4B3082CCC
:10A7F00006D05846BDE8F88F042B01D0082B37D17E
:10A8000097F85431012BF4D1B7F85831012B97F850
:10A810006E3050D0082BECD008238AF80030E8E7DF
:10A8200000238AF8003097F86F20424529D043462C
:10A83000D8E74FF0010BB9E74FF0010BA9E7002370
:10A840008AF80130002CD2D1484601F0E5F9B7F87A
:10A85000A83047F6FD72DB4303449BB2934288BFA6
:10A860004FF0000B97F86E30022BC5D8002BC0D1EB
:10A8700040F2C2210620FBF7E3FC4FF0010B082455
:10A8800087E78AF80130484601F0C6F9B7F8A830E2
:10A89000DB43184447F6FD7380B2984288BF4FF0FF
:10A8A000000BA3E74FF0010B4FF002087EE74FF0DB
:10A8B000010B02246DE7042BAED004238AF800308C
:10A8C00097E700BF012805D0022803D010F00C0044
:10A8D00018BF0420704700BFC1F3072384B05FFA9C
:10A8E00080FC012B0190C9B2C0F307201ED10129C1
:10A8F0001CD10CEA000001400B401A46990731D4E4
:10A9000013F0010102D113F0040131D190072DD4CD
:10A9100012F0010303D112F0040318BF0823002032
:10A9200061F3070063F30F2004B07047022901D1DF
:10A93000022BDED0042901D1042BDAD0BCF1010FA7
:10A9400001D10128D5D0BCF1020F01D10228D0D00D
:10A95000BCF1040F01D10428CBD00CEA030300EAB8
:10A960000102CBE790074FF00201D1D50223D6E7D1
:10A9700093070DD412F0010303D112F0040318BFA2
:10A980000823BDF80620012A14BF08210421C6E7C8
:10A990000223F6E7082908BF012884460CBF0120DE
:10A9A00000200FD0A1F10400BCF1010FB0FA80F03B
:10A9B0004FEA501008BF002000B9704708211380EB
:10A9C000518070470421138051807047162A01D0AE
:10A9D00000207047A0F10D02032A0CD9222806D0CE
:10A9E0000029F5D00A78012A05D9162AF0D12322A8
:10A9F00001201A7070472A2201201A70704700BF88
:10AA0000013908B5072914D8DFE801F0071013044D
:10AA10001313130440F6A66008BD034640F2E24259
:10AA200040F6C410002B08BF104608BD40F6C41005
:10AA300008BD40F2BD312920FBF702FC41F27073E2
:10AA4000A0F57A729A4205D9064BA3FB0030C0F3F9
:10AA50008F207047044BA3FB0030800900F5506045
:10AA600080B270475917B7D1D34D62106FF450635D
:10AA7000C318062B04D940F2E24303FB00F07047F1
:10AA80004FF47A73A0F5506003FB00F0704700BFED
:10AA900041F64B53994208D9C0EB401300EB8300B9
:10AAA00000EB8000400080B2704700EB800000EBBC
:10AAB00080008000704700BF41F64B53994205D992
:10AAC000054BA3FB0030C0F387207047034BA3FB6B
:10AAD0000030C0F3471070475917B7D11F85EB51AD
:10AAE00041F64B53994294BF642340F2E24303FB87
:10AAF00000F0704741F64B53994205D9054BA3FB33
:10AB00000030C0F38F207047034BA3FB0030C0F32D
:10AB10004F1070475917B7D11F85EB51A0F5DB7067
:10AB2000884294BF091A491A1868012910B400EB29
:10AB3000510494BF002001201C60136810BCA3EBDB
:10AB400051011160704700BF074B1A7803463AB9AC
:10AB50000649012208680979186010461971704782
:10AB600000221046704700BF301500211800002158
:10AB7000034606494FF0FF0C054A00681B7982F82E
:10AB800000C008600B71002313707047180000218B
:10AB90003015002170B5441C05468C4204D00B686A
:10ABA000C0F801300B7923716B790022AE1D03F0E0
:10ABB0001F03EA726B7114F8010B02F0A5F9207102
:10ABC000B442EB7A1844E872F5D170BD81EA1141C4
:10ABD000844689B24A4008B5D3B293FAA3F3120A65
:10ABE00092FAA2F2120E1B0E43EA022303EB0313A6
:10ABF0000B449AB2DBB293FAA3F3120A92FAA2F2CE
:10AC0000120E1B0E43EA022303EB03130B449AB20A
:10AC1000DBB293FAA3F3120A92FAA2F2120E9E4842
:10AC20001B0E43EA022303EB03130B444B409BB27E
:10AC3000A0FB03201A1A00EB5200400900EBC002EF
:10AC400000EB82000122181AC0F3C40100F0070EC5
:10AC5000614402FA0EF2497811422AD19CF80B1095
:10AC60009CF8062001FB03F3180C1914431CDBB2FB
:10AC7000934220D99B1ADBB29CF807209A4254D207
:10AC80009B1ADBB29CF80820934240F28C809B1AFE
:10AC9000DBB29CF80920934240F2C2809B1ADBB2DF
:10ACA0009CF80A209A4280F0F980F9214620FBF7AF
:10ACB000C7FAC0B208BD9CF8012012F0010F03D002
:10ACC000002900F03A810346900704D5013B13F0B8
:10ACD000FF0300F02D81510704D5013B13F0FF0362
:10ACE00000F02981100704D5013B13F0FF0300F0A9
:10ACF0001581D10604D5013B13F0FF0300F0158147
:10AD0000900604D5013B13F0FF0300F0EE805106DE
:10AD100004D5013B13F0FF0300F0F3801206ABD51E
:10AD2000013B13F0FF03A7D1B4E09CF8022012F01E
:10AD3000010104D0013B13F0FF0300F0FE809007F7
:10AD400004D5013B13F0FF0300F0F180510704D557
:10AD5000013B13F0FF0300F0ED80100704D5013B29
:10AD600013F0FF0300F0F280D10604D5013B13F08D
:10AD7000FF0300F0F380900604D5013B13F0FF03BE
:10AD800000F0F680510604D5013B13F0FF0300F0FC
:10AD9000ED8010067FF576AF013B13F0FF037FF4E3
:10ADA00071AF012376E09CF80320D10704D5013B65
:10ADB00013F0FF0300F0C480900704D5013B13F0AB
:10ADC000FF0300F0BF80510704D5013B13F0FF03E0
:10ADD00000F0BA80100704D5013B13F0FF0300F028
:10ADE000B980D10604D5013B13F0FF0300F0C28007
:10ADF000900604D5013B13F0FF0300F0BF8051061D
:10AE000004D5013B13F0FF0300F0858010067FF5A9
:10AE100040AF013B13F0FF037FF43BAF022339E067
:10AE20009CF80420D10704D5013B13F0FF0300F088
:10AE30008F80900704D5013B13F0FF0300F08C8056
:10AE4000510704D5013B13F0FF0300F08B8010077E
:10AE500004D5013B13F0FF0300F09280D10604D526
:10AE6000013B13F0FF0300F08D80900603D5013BFA
:10AE700013F0FF0354D0510603D5013B13F0FF0339
:10AE800050D010067FF50CAF013B13F0FF037FF4A9
:10AE900007AF0323072029E04D91CFBA9CF8052086
:10AEA000D10703D5013B13F0FF035DD0900703D515
:10AEB000013B13F0FF0353D0510703D5013B13F0BF
:10AEC000FF0359D0100703D5013B13F0FF0324D033
:10AED000D10603D5013B13F0FF0325D0900609D519
:10AEE000013B13F0FF0305D10423052000EBC30051
:10AEF000C0B208BD510606D5013B13F0FF0302D1D5
:10AF000004230620F2E712067FF5CFAE012B7FF473
:10AF1000CCAE0423BEE70223F3E704230320E5E7D6
:10AF20000323E2E70323ECE704230420DEE7012305
:10AF30000120DBE701230220D8E70B460020D5E7FC
:10AF40000223FBE70223F3E70223F4E70123E5E70B
:10AF50000323F3E70223E1E70323E9E70123E4E71F
:10AF60000423E5E70323E6E70423E7E70123C8E733
:10AF70000123BAE70223D8E70423DCE70223B4E77E
:10AF80000323CBE70323D0E790F824C00CF1FF3371
:10AF9000242B13D882B110B50446407E80B101281D
:10AFA00052D1228904F119008969FFF70FFE034687
:10AFB000002084F8273010BD1046704712207047DB
:10AFC00094F8251094F8263002FB0132964B83FB4F
:10AFD0000213012113445B1103EBC30E03EB8E0339
:10AFE000D21AD2B204EBD20384F8262093F81AE0E6
:10AFF00002F0070301FA03F31EEA030F63D1E17FB6
:10B00000B2FBFCF30CFB1322D2B2531CDBB28B421B
:10B010005CD95B1ADBB294F820209A4280F09180D0
:10B020009B1ADBB294F82120934240F2C7809B1A0E
:10B03000DBB294F82220934240F2F8809B1ADBB2F4
:10B0400094F823209A4201D21F2010BDA27FD1077D
:10B0500004D5013B13F0FF0300F04881910704D5AC
:10B06000013B13F0FF0300F04381510704D5013B7E
:10B0700013F0FF0300F03E81110704D5013B13F0EC
:10B08000FF0300F04181D10604D5013B13F0FF031B
:10B0900000F03C81910604D5013B13F0FF0300F062
:10B0A0003781510604D5013B13F0FF0300F03281D4
:10B0B0001206C9D5012BC7D10423072202EBC30313
:10B0C00084F8273010BD84F8272010BDA17E11F030
:10B0D000010F03D0002A00F0F08013468A0704D540
:10B0E000013B13F0FF0300F0D7804A0704D5013B72
:10B0F00013F0FF0300F0D3800A0704D5013B13F0DF
:10B10000FF0300F0CF80CA0604D5013B13F0FF0314
:10B1100000F0CB808A0604D5013B13F0FF0300F05A
:10B12000C7804A0604D5013B13F0FF0300F0C3803B
:10B130000A067FF570AF013B13F0FF037FF46BAF9E
:10B14000BBE7E27E12F0010104D0013B13F0FF03E4
:10B1500000F0B680910704D5013B13F0FF0300F027
:10B160009A80510704D5013B13F0FF0300F096804D
:10B17000110704D5013B13F0FF0300F09280D106C4
:10B1800004D5013B13F0FF0300F08E80910604D537
:10B19000013B13F0FF0300F08A80510604D5013B08
:10B1A00013F0FF0300F0868012067FF53BAF013BF2
:10B1B00013F0FF037FF436AF01237EE7227FD10730
:10B1C00003D5013B13F0FF037CD0910703D5013B6E
:10B1D00013F0FF0378D0510703D5013B13F0FF03B1
:10B1E00074D0110703D5013B13F0FF0370D0D106D3
:10B1F00003D5013B13F0FF0370D0910603D5013B4B
:10B2000013F0FF036CD0510603D5013B13F0FF038D
:10B2100078D012067FF50DAF013B13F0FF037FF4EA
:10B2200008AF022349E700BFA7C867DD627FD107E7
:10B2300003D5013B13F0FF034CD0910703D5013B2D
:10B2400013F0FF0348D0510703D5013B13F0FF0370
:10B2500048D0110703D5013B13F0FF0344D0D106BA
:10B2600003D5013B13F0FF0346D0910603D5013B04
:10B2700013F0FF0342D0510603D5013B13F0FF0347
:10B280003ED012067FF5DCAE013B13F0FF037FF4E6
:10B29000D7AE032311E7012301220FE70123022286
:10B2A0000CE70123032209E70123042206E7012317
:10B2B000052203E70123062200E703460022FDE6FC
:10B2C0000B46FBE70223F9E70223E5E70223E6E763
:10B2D0000223E7E70323F1E70323DDE70223E4E7A3
:10B2E0000223E5E70323DAE70323DBE70423E5E7AB
:10B2F0000423D1E70423D2E70323D6E70323D7E7C8
:10B300000323D8E70223D6E70423CBE70423CCE7C3
:10B310000423CDE70423CEE708B5037801F00F023C
:10B3200023F00F0313430370082917D8DFE801F057
:10B33000080508050813080B10000C23437008BD0E
:10B340000623437008BD00220123C270437008BD6C
:10B350000E23437008BD2223437008BDAC212A2070
:10B36000FAF76EFF0B68C0F803308B88A0F807303F
:10B37000704700BFD0F803300B60B0F807308B8007
:10B38000704700BF0B68C0F809308B88A0F80D30FB
:10B39000704700BF8B01017803F0400321F04001AA
:10B3A00019430170704700BF0078C0F380107047E8
:10B3B000037803F07F0343EAC1130370704700BFB3
:10B3C0000078C009704700BF1F2A38B507D8144657
:10B3D000054609300634F9F7F1FA6C7038BDF221F0
:10B3E0002A20FAF72DFF00BF1F2A38B507D81446C8
:10B3F000054609300634F9F7E1FA6C7038BD4FF4B0
:10B400008A712A20FAF71CFF0278034602F00F0225
:10B41000032A18D0052A14D190F820C0C27F90F8D2
:10B42000210042EA0C0293F822C0024393F8230061
:10B4300042EA0C0220F01F00024302D05A78222A6E
:10B4400008D0002070474078A0F10C00B0FA80F0DE
:10B450004009704710B56FF45060B3F81920B3F885
:10B46000174002EB000C93F816E0BCF1060F8CBFFE
:10B47000002001F0010088B9911F40F67A4C89B292
:10B4800061450AD80EF1FF31072906D8944298BFCA
:10B49000964534BF0120002000D310BDB3F81B2017
:10B4A000B2F5FA7F0AD2B3F81D0040F676430A38A7
:10B4B00080B298428CBF0020012010BD002010BD3A
:10B4C00010B5002900F0898014461A46C37813F09D
:10B4D0003F033CD090F804E01EF0010F3CD0002C5C
:10B4E0006BD01EF0020F41D14FF00B0C012C2ED06F
:10B4F0001EF0040F41D0022C4FD00CF1010C1EF0B5
:10B50000080F5FFA8CFC3DD0032C46D00CF1020CE6
:10B510001EF0100F5FFA8CFC39D0042C3DD00CF1DA
:10B52000030C5FFA8CFC1EF0200F40D0052C34D0A9
:10B530000CF1120C5FFA8CFC1EF0400F3AD0062C76
:10B540002BD00CF1010C5FFA8CFC072C39D040F2A7
:10B550002A312A20FAF774FE002CF8D01EF0020FD0
:10B5600018D0012C36D04FF00B0CC1E7012C2DD098
:10B570001EF0040F4FF0110CBDD1022CE7D01EF0CD
:10B58000080FC1D1032CE2D01EF0100FC5D1042C3E
:10B59000C9D1DCE74FF0050CA8E7ACF10404144472
:10B5A0003F2C1FDC6044BDE81040F9F707BA052CBA
:10B5B000C2D1CCE7062CC8D1C9E701244FF0050C55
:10B5C000EDE7ACF10404A342E9DAC0E707244FF049
:10B5D0000B0CE4E74FF0050CE1E740F229312A209B
:10B5E000FAF72EFE40F22B312A20FAF729FE00BF8F
:10B5F000C378844613F03F005CD09CF80430DA072F
:10B600002FD5002953D09A0732D40B2201294CD0D0
:10B6100000B513F0040E32D0022942D0013213F0EB
:10B62000080ED2B230D003293BD0023213F0100EF4
:10B63000D2B22ED0042934D00332D2B213F0200E6D
:10B6400039D005292DD01232D2B213F0400335D0B3
:10B65000062926D00132D2B207291FD000205DF87A
:10B6600004FB11B39A0717D5012920D00B22CFE78D
:10B67000012926D0112200B513F0040ECCD10229E5
:10B68000ECD013F0080ECED10329E7D013F0100E42
:10B69000D0D10429D2D1E1E70522B7E7131F9842A0
:10B6A000DCDB0CEB02005DF804FB00207047052199
:10B6B0000CEB010070470529C7D1CFE70629CBD194
:10B6C000CCE70B21F4E700BFC07800F03F007047E3
:10B6D000C37803F03F0343EA8113C370704700BF90
:10B6E000C1F3801CC1F380036344C1F3001C0CEB65
:10B6F0004C0C6344C1F3401C0CEBCC0C00B503EBC9
:10B700004C03C1F3400EC1F3000C1344F444C1F3E5
:10B71000C00E0CEB4C0CF44403EB4C0313F0FF0392
:10B7200019D003F1010E023301715FFA83FC0EF0B0
:10B730003F015FFA8EF380F801C090F803C02CF04F
:10B740003F0C41EA0C01C1701AB10433511E9B1A1F
:10B75000C1545DF804FB19464FF0010CEBE700BF44
:10B7600003464078DB78013803F03F03C01AC0B2CB
:10B77000704700BF10B5864690F803C0D8439EF8C6
:10B7800001400CF03F0C0444A4EB0C04E4B29442DE
:10B7900028BF144641B10CF1040C084622469C44D3
:10B7A0000EEB0C01F9F70AF9204610BD00B5C3787D
:10B7B000017913F03F0318BF012303EA511201EA94
:10B7C000030E03EA510C03EAD10002EBC202F44477
:10B7D00010440CEB4C0C00EB0C0203EA910003EA62
:10B7E000911C03EA1113604403EB4303034403EB8E
:10B7F000420010F0FF0001D00130C0B25DF804FB40
:10B8000038B503780446407803F00F03072B11D8AE
:10B81000DFE803F0041204101010040A06381F2891
:10B820008CBF0020012038BD0028FCD0E3789A09A5
:10B83000032A07D1002038BDA0F10C00B0FA80F037
:10B84000400938BD03F03F05A842F3D92046FFF771
:10B85000ADFF8542EED30DB32379D8061ED503F094
:10B860000102002A15BF11220B220B21052113F022
:10B87000020F08BF0A46590748BF01321B0701D50E
:10B880000232D2B2A35C144403F03F03242BD1D87C
:10B89000A0785F288CBF0020012038BD012038BD72
:10B8A00038B50378044603F00F03072B05D0082BA7
:10B8B0003BD0042B32D0002038BDC3789A09032A2C
:10B8C000F9D003F03F054378AB42F4D9FFF76EFFA0
:10B8D0008542F0D3002D2FD02379D8062CD503F044
:10B8E0000102002A15BF11220B220B21052113F0A2
:10B8F000020F08BF0A46590748BF01321B0701D58E
:10B900000232D2B2A35C144403F03F03242BD2D8FA
:10B91000A0785F288CBF0020012038BD4078063811
:10B920001F288CBF0020012038BD4078A0F10E00F8
:10B93000B0FA80F0400938BD012038BD407870472A
:10B9400001F00303017821F00301194301707047EE
:10B95000007800F0030070474B01017803F02003EA
:10B9600021F0200119430170704700BF0B788370EC
:10B97000704700BF43785BB1C278252A06D80549D5
:10B98000885CC01AB0FA80F0400970470120704707
:10B990001846704744B30201252908B5C17003D881
:10B9A000064B5B5C437008BDFF2902D10123437045
:10B9B00008BD40F274412A20FAF742FC44B3020168
:10B9C0001B2A08B507D8844603308CF80120BDE84F
:10B9D0000840F8F7F3BF40F27E412A20FAF730FC26
:10B9E000B0F80700704700BFB0F80900704700BF0B
:10B9F0000B0AC17203737047B0F80B00704700BFA9
:10BA000030B5B0F80730B0F80940B0F8055090F8FC
:10BA100004E0B0F80B206FF4506003EB000CBCF1B5
:10BA2000060F8CBF002001F0010088B9991F40F675
:10BA30007A4C89B261450AD80EF1FF31072906D840
:10BA4000AB4228BF73458CBF0120002000D830BD19
:10BA5000B4F5FA7F08D20A3A40F6764091B28142B4
:10BA60008CBF0020012030BD002030BD0B6843603A
:10BA70000B790372704700BF43680B60037A0B7148
:10BA8000704700BFB0F80900704700BF00797047E9
:10BA90000A684B6842608360704700BF42688368F1
:10BAA0000A604B60704700BF0B888381704700BFFE
:10BAB00083890B80704700BF0A684B68C0F80E206E
:10BAC000C0F81230704700BFD0F80E20D0F8123006
:10BAD0000A604B60704700BF0B68C0F816307047B3
:10BAE000D0F816300B6070470A684B68426083607C
:10BAF000704700BF426883680A604B60704700BFB0
:10BB00000B68C360704700BFC3680B60704700BF1D
:10BB1000007970470A684B6842608360704700BFD5
:10BB2000426883680A604B60704700BF0B0A01716E
:10BB3000437170470B0A8171C37170470B0A017220
:10BB4000437270470B0A8172C372704780887047D6
:10BB5000C0887047008970474089704703891A2B55
:10BB60000DD94389B3F5A47F09D383881A2B06D94D
:10BB7000C088B0F5A47F34BF0020012070470020AA
:10BB8000704700BF043001F1200310B50C6810317C
:10BB900051F80CEC103051F808CC51F8042C9942B3
:10BBA00040F8104C40F80CEC40F808CC40F8042C5D
:10BBB000ECD10B88038010BD0A684B68426083603B
:10BBC000704700BF426883680A604B60704700BFDF
:10BBD0000379024613F0070004D0507910F00700F3
:10BBE00018BF0120704700BF0379024613F0070019
:10BBF00004D0507910F0070018BF0120704700BF33
:10BC00000171704700797047417170474079704702
:10BC10000B0A8171C3717047C088704702794379FC
:10BC200002F0070203F00703501E591E02400B40AA
:10BC300013430CBF01200020704700BF0171704703
:10BC4000007970474171704740797047FB2901D8EE
:10BC5000417070474FF4D8612A2008B5FAF7F0FA1E
:10BC600003781BB1406890F8923203B97047002303
:10BC700080F8923204F090BB024B987DC04300F0F4
:10BC80000100704734150021034B987D80F00200BD
:10BC9000C0F34000704700BF34150021034B9B7D6B
:10BCA000C3F38003184380F001007047341500216E
:10BCB0002DE9F043047987B0CCB1012C12D107886B
:10BCC00004A94688D0F808803846FEF76DF928B9EF
:10BCD000059DA03576BB01231C462B76204607B078
:10BCE000BDE8F0830024204607B0BDE8F083068855
:10BCF00002A9448887683046FEF756F900284FD1DC
:10BD0000039DA035002CE6D03046FBF799FB064694
:10BD1000002800F08380214613F007FF18B1434B41
:10BD20005B88A34241D2012400F01AFA204607B0F2
:10BD3000BDE8F0833846FBF783FB074600286DD04B
:10BD4000314613F0F2FE0028EDD0384B5B88B34249
:10BD5000E9D3014601AA38464FF0000914F0CEFAA3
:10BD6000019BA3F8009083F802902B7E01984B452D
:10BD70000CBF21460221FFF7E3FD01984146324600
:10BD80000330F8F71BFE3146384613F04DFF0446EA
:10BD9000002847D09DF810307BBB00232B769DE711
:10BDA0000124204607B0BDE8F08301466A463046CC
:10BDB0004FF0000814F0A2FA009B0221A3F80080C3
:10BDC00083F802800098FFF7BBFD009822463946B1
:10BDD0000330F8F7F3FD2146304613F025FF044603
:10BDE00000B39DF80830002BD7D0039890F892321A
:10BDF00073B90023A0F88A32CFE7059890F8923201
:10BE0000002BF6D080F8929204F0C6FA0598F0E77D
:10BE100080F8928204F0C0FA0398EAE768212B20A8
:10BE2000FAF70EFA7D212B20FAF70AFA34150021D1
:10BE300008B5002800F09680053A0B4600F5C57E4F
:10BE4000162A00F28A80DFE802F00C1788882A366A
:10BE5000883E888888434E88888888885970887684
:10BE60008200082223F8042BDEF86A00DEF86E1048
:10BE7000DEF8722007C308BD1A4609214FF0000CF6
:10BE800022F8041BA0F82AC0DEF88410DEF8800037
:10BE900003C2BEF88810118083F804C008BD0D22CB
:10BEA0001A809EF8F4C001889EF8F82083F804C038
:10BEB000D9801A7208BD0E221A809EF8F4100288EA
:10BEC0001971DA8008BD10221A8002889A8008BD94
:10BED000152223F8042BDEF82200DEF82610DEF807
:10BEE0002A2007C308BD1A46162122F8041BDEF8D3
:10BEF0005A00BEF85E105860918008BD9C461E2313
:10BF00002CF8043BDEF8DF20DEF8E330DEF8D70063
:10BF1000DEF8DB10ACE80F00BEF8E7209EF8E93051
:10BF2000ACF800208CF8023008BD26221A80DEF81A
:10BF30000A00586008BD282223F8042BDEF83800D8
:10BF4000DEF83C10BEF8402003C31A8008BD292249
:10BF50001A70DEF84C00586008BD40F24F211020E6
:10BF6000FAF76EF940F222211020FAF769F900BFC2
:10BF700030B583B0002958D0002208800C464A71A1
:10BF8000FBF72CFA054614F05FF90146002847D06C
:10BF900001AA284614F0B2F9608000283BD0FB28A3
:10BFA00034D80198FFF7D4FC012801D0022819D118
:10BFB0002071A068D8B1019962880331F8F7FEFCBE
:10BFC000284614F0C0F9E0B100222846114613F0CB
:10BFD00019FF88B1174BDA7D12B11A8B013A1A8317
:10BFE00003B030BD40F20E311020FAF729F940F2CB
:10BFF00017311020FAF724F940F221311020FAF716
:10C000001FF94FF447711020FAF71AF940F2FD2199
:10C010001020FAF715F940F2FA211020FAF710F97A
:10C0200040F2F5211020FAF70BF94FF43B71102084
:10C03000FAF706F934150021074900238C464B60B6
:10C040008B610CF8040BCB60CCF80430C1F81B30CA
:10C05000C1E90433704700BF501500210549002392
:10C060008B614B60CB60C1F81B308B60C1E904333E
:10C07000704700BF50150021054A06490648074B86
:10C0800010B4074C1160074A04601A6010BC704776
:10C090005800002171BF00015C00002174000021E4
:10C0A00031BE0001E1880001014B024A1A6070476D
:10C0B0005000002119E7000110B40748074C084B55
:10C0C000084A04601A6008490848094B094A10BC2C
:10C0D00008601A60704700BF5000002119E7000196
:10C0E0005C00002131BE00015800002171BF000139
:10C0F00074000021E1880001014B024A1A60704778
:10C1000068000021A55C0101104B5A7DC2B95A7329
:10C110009A73DA731A745A749A74DA741A75EFF39C
:10C12000108172B65A6862B1986803F10D0202601C
:10C130009A6001B962B6202218785A75F8F7ACBB3C
:10C14000704703F10D02C3E90122F2E75015002107
:10C15000024B587D003818BF012070475015002150
:10C16000014B01221A737047501500212DE9F04F41
:10C17000854D89B006462F7B002F40F08381DFF884
:10C180000C826C68002C3BD0237A222B3CD0EFF33E
:10C19000108372B66A6812686A605BBB62B6227A04
:10C1A0005AB3531ED2B2212B00F29381DFE813F071
:10C1B0003500F8005E008D00350035005601350071
:10C1C000350035003500350091015E008D003500E9
:10C1D00035005E008D009F009F009F0035003500F8
:10C1E0005E00350035003E014F015E004901DD0073
:10C1F000CF00BF00227A002AD3D16C68002CC6D1B0
:10C20000002009B0BDE8F08F98F81730002BBED0A1
:10C21000B8F81830002BBAD1F2E7D4F80490B9F18D
:10C22000000F00F0A582CB463BF8A0AB1A2B00F222
:10C230005581DFE813F0DD01530153015301530130
:10C2400053015301530153015301B00153015301F1
:10C2500053015301C30153015301530153015301CE
:10C260005301530153015301EE011502484B1B6862
:10C27000002B00F0F0803146606898473378142B2B
:10C2800000F00881172B2CD13379002B00F0E380CC
:10C29000606802F0A5FD20BBF5880121284614F056
:10C2A000CAFA0346002800F0D6800088FBF75AFC43
:10C2B00001212846FAF794FE0346002800F0CB80BF
:10C2C00040F255111020F9F7BBFF324B1B68002BD1
:10C2D00000F0C1803146002098473378182B00F0D9
:10C2E000DD8000230420237209B0BDE8F08F2A4BC3
:10C2F0001B68002B00F0AF80152A00F0F9816568FB
:10C3000031462846984733781B2B05D0192BE8D1A6
:10C310003379002B00F09F8004212889FAF760FE12
:10C32000002840F02E82042009B0BDE8F08F1B4B9E
:10C330001B68002B00F0B7816268002A00F01382AE
:10C34000108831469847022009B0BDE8F08F1D23C0
:10C3500026F8043BD4F80900D4F80D1003C60023D6
:10C360000420237209B0BDE8F08F30461423202248
:10C37000002120F8043BF8F797FB022333710023D8
:10C38000042023723DE700BF501500213415002121
:10C3900050000021680000216400002158000021A5
:10C3A000C24B1B68002B56D0022231460020984712
:10C3B00010F066FC0028B6D03378052B40F0DD8104
:10C3C000B47BE30640F1AE8106F1040ADFF8E092A7
:10C3D00096F80C80D4464F46BCE80F000FC79CE887
:10C3E000070087E80700424606F1200109F11C001A
:10C3F000F8F7E4FA14F0040740F0AA805346042545
:10C4000099E80700357003C31A8014F0080300F0A0
:10C410005B81B573B8F11F0F00F292814246A549C6
:10C4200006F10F00F8F7CAFA0420EAE6A24B1B68EF
:10C430008BB1002231461046984700230420237216
:10C44000DFE62D233380002304202372D9E69B4BA3
:10C450001B68002BEDD104202372D2E663680A2208
:10C4600032801A88B280D3F85013D3F85423C6F818
:10C470000610C6F80A20B3F85833F38100230420CD
:10C480002372BEE6032101220023018002710420F1
:10C490002B73B6E63379002BDDD0FDE63379012B23
:10C4A0007FF41FAF0021F08814F0C5F9054600287D
:10C4B00000F025810088FBF755FB00212888FAF75A
:10C4C0008FFD03460028C6D04FF48B711020F9F77A
:10C4D000B7FE40F271411020F9F7B2FE082A40F091
:10C4E000FB805046FAF77AFF13F0E2FC002800F0D8
:10C4F0002B815046724FFBF735FB00215046FAF76F
:10C500006FFD01215046FAF76BFD3B6893B1B9F816
:10C510007E500421284614F08EF958B13B689847A4
:10C52000002840F0FA8028460421FAF759FD002837
:10C5300040F0EE8019F1A00F3FF4D3AE0C23A6F823
:10C5400005A03380002333719BF83130F371C8E6C6
:10C5500095F83330FE2B7FF451AF1322737395F8A7
:10C560002030B9F81810327033710123B9F8062061
:10C57000686B7182A6F80B2095F8291095F8212098
:10C580007371D5F82230C6F80E0004203175B271EF
:10C59000C6F8073035E65046FAF752FF002800F09B
:10C5A000C580012300220F21A6F806A03381318027
:10C5B0001146337113F026FC042022E699F8B601E7
:10C5C000019200F00100FFF769FB019A002845D1B4
:10C5D0003C4B1B68002B3FF484AED4F804903146EA
:10C5E000484601929847019A0B2A7FF47AAE9AE660
:10C5F00019F1A00F3FF475AE0123A6F805A0338012
:10C60000002333719BF85D30F371DBF85E30B3606B
:10C6100067E60192FFF738FB019A0028D8D002A9FB
:10C620005046277215F0B7F9002840F09780BDF802
:10C630000E3005A8ADF814A0ADF81630BDF81030D6
:10C64000ADF81830BDF80A30ADF81A30BDF80C302E
:10C65000ADF81C3015F06CF900287AD1277290E5FE
:10C660000192FFF709FB019A0028B1D027725046CA
:10C6700005A9ADF808A0FDF797FC00285BD1069B43
:10C68000022102A8B3F86A20ADF80A20B3F86C3092
:10C69000ADF80C3014F08CFF0028DFD040F27B1195
:10C6A0001020F9F7CDFD0220ABE500BF68000021A6
:10C6B000701500218C150021540000217400002108
:10C6C0006C0000215C00002104F00304032C01D065
:10C6D00047B10123B3739DE62C4B1B68002B7FF4FD
:10C6E0007EAF81E7022C0DD074B90323B37391E6BA
:10C6F000274B0022314660681B68984713E60420E8
:10C7000025727EE5B47385E6FB211020F9F798FDCC
:10C710004FF492711020F9F793FD40F2231110208D
:10C72000F9F78EFDBA211020F9F78AFD40F2931136
:10C730001020F9F785FD40F265111020F9F780FD12
:10C74000FE211020F9F77CFD40F29D211020F9F721
:10C7500077FD40F28B111020F9F772FD4FF4C17193
:10C760001020F9F76DFD40F256411020F9F768FDF1
:10C770004FF417711020F9F763FDB9211020F9F774
:10C780005FFD40F2EA311020F9F75AFD5C0000210C
:10C790006000002110B5E0B10346007AA8B9187016
:10C7A00058709870D8705960EFF3108072B60B49CA
:10C7B0004C685CB18C6823608B6000B962B61A72F9
:10C7C0000878BDE81040F8F767B810BDC1E901333B
:10C7D000F3E740F297411020F9F732FD50150021A0
:10C7E0004068704710B590F86E40B1F804E014F05E
:10C7F0000C0FB1F808C022D193B3137813F00C0FCB
:10C8000004D0BEF5296F38BF4FF4296E90F86F3011
:10C8100013F00C0F03D1537813F00C0F04D0BCF5B8
:10C82000296F38BF4FF4296CCB884A88A0F84EE0B6
:10C83000A0F84C20A0F85030A0F852C010BDBEF5B2
:10C84000296F90F86F4038BF4FF4296E14F00C0F29
:10C85000E5D1002BE8D0537813F00C0FE4D0DEE7DD
:10C8600090F86F3013F00C0FD9D1DDE7BDF800C0A0
:10C870008182C2820383A0F81AC070471B234FF045
:10C880001B1203848383426103828260C0F82A20E2
:10C89000838451B94FF4A472064B4284C2838361EE
:10C8A0004282C360C0F82E3070474FF42962024BB9
:10C8B000F3E700BF48014801900A900A0346B0F828
:10C8C0004420B0F8500010B5824293F86F105C8F8E
:10C8D00028BF024611F00C0FD88F4FD1B3F8481083
:10C8E000B3F852C0614528BF6146884208BF9442F0
:10C8F000B3F842C0D98714BF0120002061455A8790
:10C90000B3F838E038BF6146B3F83CC0A3F8421032
:10C91000B3F840108A4238BF0A46B3F84C10A3F867
:10C920004020B3F846208A4228BF0A4693F86E108A
:10C9300011F00C0F1FD1B3F84A10B3F84E40A142CA
:10C9400028BF214693F86440022C09D172454FF06C
:10C95000000428BF7246614583F8644028BF6146E1
:10C96000964518BF40F001001A8799878C4518BF7B
:10C9700040F0010010BD4FF42961E3E74FF4296155
:10C98000B3E700BF00B58E46944619461A22BEF89A
:10C990001430ACF80A00ACF80C30BEF81630BEF813
:10C9A0001800ACF80E30BEF81A30ACF81000604633
:10C9B0005DF804EBACF81230FFF7ECBE8C4619467C
:10C9C00070B5BCF80840BCF82E505081BCF80E0081
:10C9D000BCF80CE0BCF80A3085429481A2F80EE065
:10C9E0001382508212D00126157D66F3000515755D
:10C9F000ACF82E001046ACF82C401022ACF830E019
:10CA0000ACF82A30BDE87040FFF7C4BEBCF82A502D
:10CA10009D42E8D1BCF830507545E4D1BCF82C609B
:10CA2000361B18BF0126DFE7F0B5436941F64B5EC0
:10CA300090F86E4073458CBF4FF0960E4FF04D0E40
:10CA400090F86F7014F00C05068F54D0B6014FF4B7
:10CA5000296306F57476B6B29E42B0F840C028BF8E
:10CA60001E4617F00C0F26D04FEA8C1C34480CF5EC
:10CA7000747C00781FFA8CFCBCF5296F634628BFD4
:10CA80004FF4296368B14FF44960834238BF0346CD
:10CA900075BB022C0CBFC8204FF4C470864238BF4F
:10CAA00006460632334402EB4E0E73448B4294BF6B
:10CAB000C81A0020F0BD022F2ED0B0F852300CF171
:10CAC0000E0CB0F848004FEACC0C83421FFA8CFCE5
:10CAD00028BF03461A486345007828BF63460028EC
:10CAE000DFD04FF4C470834238BF0346002DD0D04E
:10CAF0004FF44960D2E7022C0AD00E36F600B6B2E7
:10CB0000B0F84A30B0F84EC0634528BF6346A3E78B
:10CB10000F36B600B6B2F3E7B0F852700CF10F035F
:10CB2000B0F848009B00B8429BB228BF3846834209
:10CB300028BF0346024800780028B2D0C820A4E7E6
:10CB4000AB1500212DE9F04141F64B55446990F8B1
:10CB50006E60AC4294BF4D25962590F86F8016F01C
:10CB60000C07038F64D09B014FF4296C03F5747399
:10CB70009BB29C45B0F840E028BF9C4618F00C0FD3
:10CB800032D04FEA8E1E0EF5747E1FFA8EFE73466B
:10CB9000BEF5296FDFF8ECE028BF4FF429639EF85B
:10CBA00000E0BEF1000F0ED04FF4496E734538BF60
:10CBB0007346002F39D1022E0CBFC8264FF4C4761D
:10CBC000B44538BFB446063263442A441344026B6A
:10CBD000944294BFC1EB0401C1EB02018B4238BF08
:10CBE0000B464363BDE8F081B8F1020F31D0B0F8D5
:10CBF00052300EF10E0EB0F848804FEACE0E43458B
:10CC00001FFA8EFE28BF4346734528BF7346DFF8E0
:10CC100074E09EF800E0BEF1000FD4D04FF4C47E63
:10CC2000734538BF7346002FC5D04FF44966C7E738
:10CC3000022E0AD00E33DB009BB2B0F84AC0B0F827
:10CC40004EE0F44528BFF44693E70F339B009BB2B8
:10CC5000F3E70EF10F03B0F85280B0F848E09B0004
:10CC6000C6459BB228BFC646734528BF7346DFF84A
:10CC700014E09EF800E0BEF1000FA4D04FF0C80E03
:10CC800094E700BFAB150021006801F19C039842B6
:10CC900003D9401A9C38400870470020704700BFF5
:10CCA000014B1878704700BFAB150021C34300EA61
:10CCB000400203EA430302EA420203EA430302EAB0
:10CCC000420203EA430302EA420203EA430302EA9E
:10CCD000420203EA430302EA420203EA4303134324
:10CCE0000FD1C31683EAA0635A1E1A4210B5044638
:10CCF00005D0E3B25A1E13405A1E134203D100203E
:10CD000010BD00207047A0B200F02EF90B28F6D815
:10CD1000204600F00BF91828F1D8A3B2B3EB144F5A
:10CD200007D0074B63405A1E1A4214BF012000204F
:10CD300010BD84EA142313F0FF1FE0D0F1E700BF19
:10CD4000D6BE898E2DE9F0434FF0000885B023262A
:10CD5000424F00F0B7F80446FFF7A8FF0546002849
:10CD600065D001A9002013F085FD03E0039B9B69BA
:10CD70009C4251D001A8FAF781F90028F6D001A908
:10CD8000012013F077FD03E0039B9B699C4243D095
:10CD900001A8FAF773F90028F6D001A9032013F0CF
:10CDA00069FD03E0039B1B689C4235D001A8FAF79C
:10CDB00065F90028F6D001A9042013F05BFD03E01B
:10CDC000039B1B689C4227D001A8FAF757F900285B
:10CDD000F6D000214FEA144907EA94284FF0160EC6
:10CDE0004FF01F0C084610E04FEAC832BEF1010EAA
:10CDF0004FEACC3392B29BB24FEA58084FEA5C0C30
:10CE000042EA500043EA510113D089EA000361EA83
:10CE100003030133E8D1A046013E01D0002D98D193
:10CE2000B8F1000F15D0404605B0BDE8F0830125EC
:10CE3000F2E70B4B29F4004542F6AA22A0464B44E8
:10CE4000954218BF012B8CBF0125002585F00105F7
:10CE5000E2E740F26B110F20F9F7F2F9E0FF3F0033
:10CE6000ACAAFFFF38B5094C08212046F9F740FC71
:10CE7000D4E900231343F7D0054D08212846F9F7DC
:10CE800037FCD4E902231343F7D038BDAC15002199
:10CE9000B415002109490A48D1E90023534002FB97
:10CEA00000F083EAB2124FEAF06082EA43224FEACE
:10CEB000F34300EB8000C1E900237047AC1500216B
:10CEC000BB79379E09490A48D1E90223534002FB46
:10CED00000F083EAB2124FEAF06082EA43224FEA9E
:10CEE000F34300EB8000C1E902237047AC15002139
:10CEF000BB79379E002802DB884203DA704749423B
:10CF00008842FBDA08B27047430800F0550003F08E
:10CF100055031844830800F0330003F0330303443F
:10CF200003F00F0000EB1310704700BF80EA6003AE
:10CF3000580803F0553300F055301844830800F0CA
:10CF4000333003F033331844030900F00F3003F09B
:10CF50000F331844030A00F0FF1003F0FF131844C6
:10CF600000EB1040C0B2704740F34E0345F2555CF1
:10CF700043F233319BB2584040F60F730CEA500233
:10CF800000EA0C00104400EA010201EA90010A44A0
:10CF900002EA030003EA1213184400EB1020C0B2A7
:10CFA000704700BF144B421E082933F811304FEA76
:10CFB000C21203F2E73310B4104CA4FB03434FEA50
:10CFC000931311D0042908D00229134410BC14BFB4
:10CFD000F021602101FB0030704740F2BE21134474
:10CFE00010BC01FB003070474FF4D261134410BCF9
:10CFF00001FB0030704700BF6CB30201D34D6210DB
:10D0000030B5BDF80CE01EF0030F3AD01EF0020F51
:10D0100001F5A57126D0082A00F0D080042A00F07E
:10D020001781022A14BF4FF4147C4FF4967C12F03F
:10D030000C0F614400F09E8001F6D44C1EF0010FED
:10D040000CF1980100F0A880082A00F0F780042A6B
:10D0500000F00181022A0CBF6420C020014401F5C8
:10D06000937030BD002B68D0082A00F09181042A0B
:10D0700000F09C81022A40F6480C08BF4FF4856CF2
:10D08000D5E701F5A57C13B3082A00F01881042A1E
:10D0900000F0E580022A40F6480108BF4FF48561A0
:10D0A000EB28614410D9EB38C24B40F2725480B285
:10D0B000F63083FB0053034440F69210DB11022A42
:10D0C00018BF044604FB031101F5937030BD082A14
:10D0D00000F00581042A00F0C880022A00F05B817C
:10D0E000FF2803464FF028014FF0080428BFFF2314
:10D0F00005339BB204FB0311EB286144E4D9EB3800
:10D10000AD4B022A80B2A3FB003CA0EB0C030CEB5E
:10D11000530CCCF3C71C00F01C81CCEB4C1340F635
:10D120009212CCEBC30302FB0C11C31A9BB2002B6F
:10D13000CAD0053328220824FAE0082A00F0AD817D
:10D14000042A00F07281022A00F01481FF2884462C
:10D150004FF0080528BF4FF0FF0C0CF1050C1FFA2B
:10D160008CF44FF0280C04FB05CC12F00C0F61443A
:10D170007FF462AF082A65D0042A66D0022A14BF61
:10D180004FF4BC7C4FF0C00C9C311EF0010F8C445E
:10D190000CF198017FF458AF9BB1082A00F08B8105
:10D1A000042A00F03681022A40F6480308BF4FF4F3
:10D1B0008563EB2819443FF676AF85E741F2D02C22
:10D1C00035E7082A00F03F81042A00F0F780022AA0
:10D1D00000F0B480FF2803464FF028044FF0080504
:10D1E00028BFFF2305339BB205FB0343EB281944FB
:10D1F0007FF66AAFEB38704C022A80B2A4FB003491
:10D20000A0EB040304EB5304C4F3C71400F05F81E4
:10D21000C4EB441340F69212C4EBC30302FB0411A7
:10D22000C31A9BB2002B3FF44FAF053328220820CE
:10D2300001F5A57103FB0023194445E74FF4CA60CB
:10D2400001440CE74FF4416C9EE740F21E4C9BE713
:10D2500040F2CE5CEBE640F2AE200144FFE641F244
:10D260000834EB28214430D82EE7FF28014628BF98
:10D27000FF21EB2801F1050189B20CEB011101F549
:10D28000BF717FF621AFEB384B4B41F2083480B2CF
:10D29000A3FB0023C21A03EB5203C3F3C713C3EB70
:10D2A000431204FB0311C3EBC203C31A9BB2002B4E
:10D2B0003FF40AAF05334FF4BF72102438E044F254
:10D2C000DA34EB2821447FF6FFAEA0F1EB02394BB4
:10D2D00092B2F63283FB02031344DB11F2E6FF281D
:10D2E000014628BFFF21EB2801F1050189B20CEBB3
:10D2F000811101F5C8717FF6E7AEEB382E4B44F291
:10D30000DA3480B2A3FB0023C21A03EB5203C3F347
:10D31000C713C3EB431204FB0311C3EBC203C31ACD
:10D320009BB2002B3FF4D0AE05334FF4C8724024BB
:10D3300001F5A57103FB04231944C5E6FF28034644
:10D340004FF018044FF0040528BFFF2305339BB2AC
:10D350004AE7CCEB4C1340F27252CCEBC30302FB16
:10D360000C11C31A9BB2002B3FF4AEAE053318224A
:10D370000424DDE7FF2884464FF0040528BF4FF062
:10D38000FF0C0CF1050C1FFA8CF44FF0180CEAE6B8
:10D3900044F2902C4BE6FF2803464FF018014FF063
:10D3A000040428BFFF2305339BB2A3E641F2BE1C51
:10D3B0003DE600BFC9F9A98491F35309FF2803464C
:10D3C00028BFFF23EB2803F105039BB201EB0311F8
:10D3D00001F5BF717FF678AEA0F1EB03444A41F24C
:10D3E00008349BB2A2FB0302981A02EB5002C2F36C
:10D3F000C712C2EB421004FB0211C2EBC0029B1A1F
:10D400009BB2002B3FF460AE05334FF4BF72102087
:10D410000EE741F25621EB2861447FF655AEA0F1AC
:10D42000EB02344B41F2083452E7FF2884464FF0B8
:10D43000100528BF4FF0FF0C0CF1050C1FFA8CF4FF
:10D440004FF4BF7C8FE6FF28034628BFFF23EB285D
:10D4500003F105039BB201EB831101F5C8717FF65F
:10D4600033AEEB38224B44F2DA3480B2A3FB002314
:10D47000C21A03EB5203C3F3C713C3EB431204FBFB
:10D480000311C3EBC203C31A9BB2002B3FF41CAEC3
:10D4900005334FF4C8724020CAE6FF2884464FF097
:10D4A000400528BF4FF0FF0C0CF1050C1FFA8CF45F
:10D4B0004FF4C87C57E644F22831EB2861447FF6EC
:10D4C00003AEA0F1EB020B4B44F2DA3400E7C4EBFD
:10D4D000441340F27252C4EBC30302FB0411C31A9B
:10D4E0009BB2002B3FF4F0AD0533182204209FE6D9
:10D4F00091F35309C9F9A9842DE9F8432B4E4FF054
:10D50000000815460746D6F800C062F307080C4627
:10D51000DCF80F3062F30F288B619CF815309CF813
:10D5200014201B0443EA02239CF8132013430B62CC
:10D53000BCF81900FDF79AFA336881466061987D5E
:10D540004946FDF7A5FA336820854946B3F8170028
:10D55000FDF7C6FA33686062B3F81B20A283B3F804
:10D560001D20E283D3F81F20C4F8BA2093F82320AB
:10D5700084F8BE2093F82430A4F86E8003F01F02D4
:10D580005B0984F8C52084F88432FF2315F00C0F62
:10D5900004F1300084F8703014BF01210021FFF73E
:10D5A0006DF93B7C84F87230BDE8F883BC1500212E
:10D5B00010B5FF290378044680F8CF301ED0084606
:10D5C00004F1D10204F1D001FCF7AEFA60B394F893
:10D5D000D03043F0020384F8D03094F93F307F2BF1
:10D5E0001DD07F20214684F8D730192284F83F00CF
:10D5F00004F1C600BDE81040FFF7CCB80D4B196828
:10D600000B4613F8032BC2F3801280F8D020D1F818
:10D610000320C0F8D1209B88A0F8D530DDE740F684
:10D62000BE512D20F8F70CFE40F655712D20F8F76D
:10D6300007FE00BFBC150021F8B50446C07E0E46AB
:10D64000FCF75AFAA37E0BB1054680B994F87A30FC
:10D6500063B1237F53B194F86030012B1CD0314665
:10D6600004F16100BDE8F840FAF7CEBBF8BDE07EFA
:10D67000FBF74CFC0028E9D104F16107012328469F
:10D680003246394684F86030FAF788FBE17E384646
:10D69000BDE8F840FCF7B8BB94F8663003F0C0036F
:10D6A000402BDCD1FCF798FB324604F16101BDE868
:10D6B000F840FAF773BB00BF2DE9F043924D89B0F3
:10D6C000924B00266A6A0446914904A8526804F104
:10D6D000280704938F4B6E7184F879600792069344
:10D6E00005912E82AE60AE7110F08CFA0FF04AFFF9
:10D6F0000FF0E6FF10F044FB0FF09EFB86480FF0A2
:10D70000F3FF864810F078FA3046F7F777FA384694
:10D7100001F0DEFC384601F0E1FC0FF0EFFF21796B
:10D7200025200FF0A9FE94F910000FF0D1FF217908
:10D73000304610F00FFFE86028B901232B7100205C
:10D7400009B0BDE8F08304F14801606C13F001FCFE
:10D75000064604F15001606C13F00AFC07462EB136
:10D7600094F8243013B14FF0010802E0002F7FD16C
:10D77000B846237F23B9A37E13B9638858073DD5E4
:10D780006FF00043D4E916129A4208BFB1F1FF3F8F
:10D7900071D0F4F7E3F9D4E91623904271EB030357
:10D7A00069D3FCF717F98046F4F7D8F94FEA481324
:10D7B0004FEAD862B3EB080362F10002520242EA78
:10D7C000D3525B0213EB080342F1000C9A014FEABB
:10D7D0008C1ED21A4EEA936E6EEB0C0C12EB080301
:10D7E0004CF10002181842EB0101C4E916010121B5
:10D7F0002046FFF721FF6388590760D43E4394F821
:10D800007C30F6B2002E3FD1002B3DD1FCF7E6F97B
:10D8100028680330FCF7A8FA6388A874DB078ED564
:10D82000012001A913F026F8002867D1266AFF23FA
:10D8300006F10A072B7701A8F9F720FC00287FF4EE
:10D840007EAF039CA642F6D03B46727A04F10A01F1
:10D85000607AFAF737FA0028EDD0A278304B2A77B1
:10D86000D4F80320C5F81D20B4F807209A8066E795
:10D8700094F825807DE7B8F1000F92D13E4394F8EB
:10D880007C30F6B2002EBFD06388DA06BED4E66BD9
:10D89000C6F30B26FFF7FEFAC0F30B039E42F9D046
:10D8A00094F83E30C0F30321002284F83D0023F0B9
:10D8B0000F030B4384F83E3084F87C20A6E7E07E1B
:10D8C000FCF726F98046002898D01021FCF7D6FCFA
:10D8D000002893D14FF00109404604F16F084A46F1
:10D8E00084F86E904146FAF759FA41462868FDF7E8
:10D8F00049FD49462868FDF75BFD7FE740F64E117C
:10D900002D20F8F79DFC00BFBC150021E5E00001CB
:10D9100009DD000101DB0001D6BE898E5555550099
:10D92000D915002103292DE9F8430446164632D0C3
:10D9300090F878302BB100250FF0D0FE2846BDE8D6
:10D94000F8830D460FF0CAFE0746052D41D0DFF8DB
:10D95000F0804FF0010998F8123053BBD8F800104E
:10D9600004F1680394F8672011F8030BC0F38010EA
:10D97000FAF7A8F933780546FF2B3ED018B3638831
:10D980005907DBD4AFBB637C3BB34B4525D00025A7
:10D990002846BDE8F8830FF0A1FE638807469B0781
:10D9A000F5D5DFF89C804FF0020998F81230002B73
:10D9B000D4D0FCF7F5F8FF283070CFD0FCF7FCF896
:10D9C0000743FFB2CAE7E57EED1AB5FA85F56D09A2
:10D9D000D5E76388DA07BAD4D9E7D8F8001011F888
:10D9E000030BC0F38010FBF7FBFF0446FCF71AFAA9
:10D9F000E0B901252846BDE8F8830028BFD0D8F853
:10DA0000001011F8030BC0F38010FBF7E9FF064686
:10DA1000FCF708FA0028B2D03046FCF779F8002865
:10DA2000ADD01021FCF72AFC0546A8E72046FCF7FC
:10DA30006FF80028DDD01021BDE8F843FCF71EBCCC
:10DA4000BC15002138B5B0F8403004462B4D0133E9
:10DA5000AA7CA0F84030B2B900232B7194F8793039
:10DA60005BB9637B1BB1B4F840209A4212D22046C6
:10DA70000021BDE8384002F027BE20460121BDE864
:10DA8000384002F021BE10F07BF90FF0D5F90023E9
:10DA9000AB74E1E70121204602F016FE6388DB0744
:10DAA0000FD5236A1D880FF0EBF868B9217843225F
:10DAB000637BA4F8B45084F8B31084F8B22093B117
:10DAC0000FE00FF0DDF800B138BD20784FF6FF71A0
:10DAD0004322637B84F8B300A4F8B41084F8B22026
:10DAE0000BB194F84030214604F1A80084F8B63018
:10DAF0001222BDE83840FEF74DBE00BFBC15002124
:10DB000060B951B1074A084B92F804C0D2E9091034
:10DB100063440A6952F8233018477047014B986AEA
:10DB2000FFF790BFBC150021FCFFFF3F2DE9F0413E
:10DB3000744D84B0FF2204462B6805218DF8072020
:10DB40000DF10702D3F8030013F8037B029020467F
:10DB50009B88ADF80C30FFF7E5FE002800F09280BE
:10DB600062792046216AFFF7C7FC94F88630266A5E
:10DB70009DF80780002B40F0BB8084F88830338804
:10DB80007069A4F88A30FCF759FFB38BA4F8A000A1
:10DB9000A4F8A230F38BA4F8A43096F8843284F869
:10DBA000A630A37E002B74D194F87A3023B194F878
:10DBB0006030012B00F094800023C4F89430A4F866
:10DBC00098302A68B8F1FF0F1378C3F3801384F8F4
:10DBD0008D3077D0D2F80330404604F18D01C4F87F
:10DBE0009A30B2F8073004F18E02A4F89E30FBF7A9
:10DBF0009BFF002800F0818094F88D3043F00203F1
:10DC000084F88D30206A0122214600260388A4F87A
:10DC1000C23090F8B93084F8C43002F019FD286899
:10DC200008210680FDF778FB31462868FDF750FD96
:10DC3000324628684FF00301FDF752FD32460623B5
:10DC400004F161012868FDF73BFC94F86010286836
:10DC5000FDF7A0FBC7F380112868FDF7A9FB062399
:10DC6000012202A92868FDF72BFC6179FF200FF043
:10DC700003FC28680FF0DCFF092301202B7104B09E
:10DC8000BDE8F0812046FFF7DDFE012004B0BDE8CD
:10DC9000F08194F86030012B8ED194F8663003F057
:10DCA000C003402B05D094F87A20002A84D0002BA2
:10DCB00082D1D4F86130C4F89430B4F86530A4F857
:10DCC00098307EE7D2F80330C4F88E30B2F80730CF
:10DCD0000022A4F89230C4F89A20A4F89E2091E77C
:10DCE00094F8663003F0C003002B7FF465AFE0E7E3
:10DCF00040F6BE312D20F8F7A3FA40F6DF312D2093
:10DD0000F8F79EFABC150021F0B5554C85B00646D3
:10DD10002379022B03D02379032B40F09580A56A49
:10DD20002B7B002B39D12F6A0FB197F8737096B9FE
:10DD3000A37C1BB110F024F80FF07EF8A06A02F06B
:10DD4000D9FA002833D00FF049FE636A9B6805B00A
:10DD5000BDE8F0401847216805F1610395F860209F
:10DD600011F8096BF009F9F7ADFF0028E0D006F0D3
:10DD70000F062068052E30D03946FDF745FB0028F8
:10DD8000D6D02379A06A022B17D02379032B14D085
:10DD900040F655412D20F8F753FA05F13F000FF0FA
:10DDA000FDFF10B97F2385F83F30A56ABBE7A06A65
:10DDB00005B0BDE8F040FFF745BE636A31462579FE
:10DDC0005A69284B2B4452F823309847A37C002BE8
:10DDD0003FD10028B2D105B0F0BD90F8243003F057
:10DDE0001F03102BC8D9A56AEB7B002BC4D0FF23DF
:10DDF0000DF10F02314628468DF80F30FFF792FDE6
:10DE0000002895D0226805F1E101D31C2332D3F814
:10DE100000C0103353F80C7C103153F8086C53F8E1
:10DE2000040C934241F810CC41F80C7C41F8086C8A
:10DE300041F8040CEBD11B881E2205F1D8000B80A1
:10DE40002946FEF7A7FC73E740F67C412D20F8F742
:10DE5000F7F901900FF094FF0EF0EEFF0198B8E78C
:10DE6000BC150021FEFFFF3F2DE9F04104460E46A0
:10DE7000002940F088806E4D0023286894F86E7069
:10DE800003806388103B0D2B00F2C880DFE803F0AD
:10DE900076C6711EC607C6C6C6C6C6C6C607012157
:10DEA000FDF73AFA2868037823F0200343F02003B3
:10DEB0000370002F00F0958004F16F01FDF762FA06
:10DEC00028680121FDF774FA286809E00021FDF7B0
:10DED00023FA2868037823F0200343F0200303701B
:10DEE00004F16101FDF73EFA94F860102868FDF72F
:10DEF00051FA638823F008039BB2152B5FD1286881
:10DF00000FF096FE04232B71EEB16388102B73D0B3
:10DF100004F12807D5F80C80384601F077F9064659
:10DF20003846013E01F04AF928226188301AC0B211
:10DF300001F0ACF9638880441B0762D42279414622
:10DF400000200FF0E1FB6388103B0D2B6BD8DFE85E
:10DF500003F00E6A07076A076A6A6A6A6A6A6A07EA
:10DF6000227901210020BDE8F0410FF029BFBDE872
:10DF7000F0810621FDF7D0F92868B1E70221FDF70D
:10DF8000CBF92868ACE700F12807384601F016F90C
:10DF9000E0B963881A073CD5384601F037F90546E1
:10DFA000384601F00BF9281A214DC0B201F068F98A
:10DFB000AB6803443846AB6001F08AF807E094F898
:10DFC0004C20A16C2868FDF7FFF998E7184D3846FA
:10DFD00001F084F80FF092FB217925200FF04CFA24
:10DFE0004AE704F16801FDF7CDF9286894F8671055
:10DFF000FDF7DEF9286873E72179002010F0AAF90F
:10E00000A1E7AB68984401F013F94044C4F8180143
:10E0100094E72046BDE8F041FFF714BD40F20F61E0
:10E020002D20F8F70DF940F60B512D20F8F708F9DF
:10E03000BC15002138B54388102B20D0124D044662
:10E04000AB7C63B928680FF0F3FD618811F004011F
:10E050000BD000200FF04CFE02232B7138BD0EF0C8
:10E06000CFFE40200FF080FEECE7084622790FF04B
:10E07000A7FE00200FF03CFE02232B7138BD0121CA
:10E08000BDE83840FFF7F0BEBC1500210121FFF7C5
:10E09000EBBE00BF024B0121986AFFF7E5BE00BF4F
:10E0A000BC15002170B50C4E337963B90378054671
:10E0B000FF2B08D0FFF700FB044610B93379012B82
:10E0C00004D1204670BD0C24204670BD0146284670
:10E0D000FFF7CAFE204670BDBC1500210121FFF7E5
:10E0E000C3BE00BF70B51C4CA56A2B7B23BBA37CB1
:10E0F000EBB9A06A02F0FEF8A0B1A06A438803F071
:10E10000180383B12379022B02D02379032B1DD16D
:10E110002179626A114BD2680B44BDE8704052F815
:10E1200023301847A06ABDE87040FFF78BBC0FF0A2
:10E1300027FE0EF081FEDCE705F13F000FF02EFE1A
:10E140000028D4D17F2385F83F30D0E740F68A31CC
:10E150002D20F8F775F800BFBC150021FEFFFF3F2A
:10E1600038B5244C2379002B38D02379A56A022BAB
:10E170001ED02379032B1BD0F6F782FD1E4B1B7894
:10E180008BB1284602F0B6F868B1A46A63881B0711
:10E190001ED404F1280001F011F8C8B92046BDE8EA
:10E1A0003840FFF74FBC2846BDE83840FFF74ABC6F
:10E1B0002B7BA3B9A37C002BDED00FF0E1FD0EF08A
:10E1C0003BFEF6F75DFD0C4B1B78002BD9D1EAE73F
:10E1D00020460121BDE83840FFF746BE38BD05F1B5
:10E1E0003F000FF0DBFD0028E4D17F2385F83F30AE
:10E1F000E0E700BFBC1500211D00002130B5054639
:10E20000086883B0002851D00C4600F0FFFF94F856
:10E210000CE0627BBEF1040F37D0274B042A27495C
:10E2200033F81E3003F2E7331FD0A1FB0313BEF116
:10E23000080F4FEA931C00F1FF334FEAC31321D0BC
:10E24000BEF1020F14BFF0216021634401FB0031D5
:10E25000A388284600930023FEF7D2FEA3688342DA
:10E2600034BF0020012003B030BDA1FB0323BEF169
:10E27000080F4FF008024FEA931C00F1FF334FEAFA
:10E28000C313DDD14FF4D261DFE7042A00F1FF337D
:10E2900005D0DB014FF02C0C4FF4D261D5E74FF0E5
:10E2A0002C0CDB0108224FF4D261CEE740F2AE31F4
:10E2B0002D20F7F7C5FF00BF6CB30201D34D6210EC
:10E2C0002DE9F84390F878302BB100260FF006FACC
:10E2D0003046BDE8F883044603F0FF060FF0FEF970
:10E2E0000746638813F00108F2D0AF4DAB7C002BDA
:10E2F00040F0DF80296804F1680394F8672011F882
:10E30000030BC0F38010F9F7DDFC002840F0178103
:10E3100063885B07DCD44FF0FF097FB9637C012B76
:10E32000D6D8296811F8030BC0F38010FBF758FB0F
:10E330000746FBF777FD002840F0E78029689B4BF4
:10E3400011F8030B2A7FC0F38010F9F7BBFC0028FB
:10E35000BED1216A20462B681A7891F8B93003EAB9
:10E360005213012203F0010381F8B930FFF7C4F81A
:10E3700094F88630266A002B40F00C8184F88830AF
:10E3800033887069A4F88A30FCF758FBB38BA4F883
:10E39000A000A4F8A230F38BA4F8A43096F884323D
:10E3A00084F8A630A37EA3B994F87A30B3B194F878
:10E3B0006030012B12D194F8663003F0C0036BB9C2
:10E3C000D4F86130C4F89430B4F86530A4F89830CB
:10E3D00009E094F86030012B00F0A4800022C4F81A
:10E3E0009420A4F898202B68B9F1FF0F1A78C2F393
:10E3F000801284F88D2000F0B480D3F803204846C2
:10E4000004F18D01C4F89A2004F18E02B3F80730AC
:10E41000A4F89E30FBF788FB002800F0C08094F839
:10E420008D3043F0020384F88D300E22214604F132
:10E430007E00FEF7AFF9236A214604F1B8001A887E
:10E44000A4F8C220032293F8B93084F8C430FEF750
:10E45000A1F9236A1E880EF013FC88B92278637B29
:10E46000A4F8B46084F8B20084F8B320002B49D13A
:10E470001222214604F1A80084F8B630FEF78AF98A
:10E4800000222146206A46462A7102F0E1F82B68F4
:10E490003046226AD3F80310C2F80310B3F807100D
:10E4A000A2F807101B78226AC3F380139370BDE8AB
:10E4B000F883FBF775FBFF2881463FF41BAFFBF7A2
:10E4C0007BFB2968074304F1680311F8030B94F8F8
:10E4D0006720FFB2C0F38010F9F7F4FB20B1638826
:10E4E00058073FF52BAF18E7E07EA0EB0900B0FA24
:10E4F00080F0400963885A077FF50FAF00283FF48A
:10E50000E7AE1BE794F84030B2E73846FBF700FB74
:10E5100000283FF413AF1021FBF7B0FE00283FF4B2
:10E52000D7AE0BE794F8663003F0C003402B3FF4FE
:10E5300047AF94F87A20002A7FF441AF4EE729686C
:10E5400011F8030BC0F38010FBF74AFA8146FBF782
:10E5500069FCA0B963884FF0FF0959073FF5EEAE9B
:10E56000DBE6D3F80320C4F88E200022B3F80710AE
:10E57000C4F89A20A4F89210A4F89E2055E74846C3
:10E58000FBF7C6FA0028E5D010214FF0FF09FBF792
:10E5900075FEAFE740F6BE312D20F7F751FE40F68D
:10E5A000DF312D20F7F74CFEBC150021D9150021D5
:10E5B0000329F8B509D0052921D1554B1B6803B3B0
:10E5C000984780F00100C0B2F8BD04460FF086F80D
:10E5D000054663889E0712D54E4EB37C9BB93168C1
:10E5E00004F1680394F8672011F8030BC0F380105E
:10E5F000F9F768FB002870D163885B073FD50120DD
:10E60000F8BD1846F8BDFBF7CBFAFF280746E6D061
:10E61000FBF7D2FA3168054304F1680311F8030BE4
:10E6200094F86720EDB2C0F38010F9F74BFB002897
:10E6300043D06388580723D5237B1BB194F8CE3091
:10E64000002B45D03068002504210580FCF764FECE
:10E6500004F161013068FCF785FE94F860103068C1
:10E66000FCF798FE94F85420216D3068FCF7BCFE4E
:10E670000523306833710FF0DBFA2846F8BDFF2719
:10E68000002DD9D1637C13F0FD0FB8D1316811F89A
:10E69000030BC0F38010FBF7A3F90546FBF7C2FBA1
:10E6A0000028C9D02846FBF733FA0028C4D010212F
:10E6B000FBF7E4FD0028A2D0BEE7E07EC01BB0FA65
:10E6C00080F0400963885A07DAD5002897D0B3E76D
:10E6D00039462046FEF76CFFB4E7316811F8030BAA
:10E6E000C0F38010FBF77CF90746FBF79BFB20B9D2
:10E6F0006388FF2759079FD4C2E73846FBF708FA1B
:10E700000028F5D01021FF27FBF7B8FDDAE700BF9E
:10E71000A4000021BC150021033A8C4638B50346FD
:10E720001B2A5ED8DFE802F00E5D5D5D5D5D5D5D1C
:10E730005D5D5D165D5D5D275D5D5D5D5D5D335DB0
:10E740005D5D5D410722ACF80020D0F8C200CCF836
:10E75000040038BD6446142200F188054FF0010E14
:10E7600024F8042B0FCD0FC495E80F0084E80F00A8
:10E770008CF808E038BD6246172122F8041BD0F857
:10E78000B200B3F8B630CCF80400938038BD27222D
:10E790002CF8042BD3F8D310D0F8CF0093F8D7304F
:10E7A000ACE803008CF8003038BD2C2200F1E10EFB
:10E7B00000F201152CF8042BDEF800000EF1100E0B
:10E7C0005EF80C1C64465EF8082C0CF1100C5EF828
:10E7D000043CAE450FC4EFD1BEF80030ACF80030B9
:10E7E00038BD40F29D212D20F7F72AFD08B590F89D
:10E7F00086304BB990F8B00000B908BD0EF040FA71
:10E8000080F00100C0B208BD012008BD094810B564
:10E81000037913B10C24204610BD03F0FF0420221D
:10E8200004302146F6F740F90FF0AAFA0EF004FB87
:10E83000204610BDBC150021002310B50D4C2371DE
:10E840002379206023B140F2D5212D20F7F7F8FC81
:10E8500003F0FF012022201DF6F726F90FF090FAB1
:10E860000EF0EAFA636A03B110BD4FF436712D2041
:10E87000F7F7E6FCBC15002130B54FF4AC7285B05B
:10E880000D4600210446F6F70FF91323FF217F22DE
:10E890006380217084F83F20F8F736FF002201469C
:10E8A0006064684612F0ADF900220121606C12F03C
:10E8B000A6FA0422616C684612F0A3F90022606C8B
:10E8C000114612F09CFA04F12800257400F0DEFBDA
:10E8D00002A8FCF739F930B102A904F12E00FCF7C7
:10E8E00059F905B030BD40F2F1212D20F7F7A8FC11
:10E8F000FF23486C0B7012F078B900BF014B024A3D
:10E900005A627047BC150021880000210349044861
:10E91000044B054A08601A60704700BFA40000213C
:10E92000C1E20001A00000212DDB00010078FF38CA
:10E9300018BF0120704700BF70B5044682B0283070
:10E9400000F064FC6588E90611D4AA0721794CBF60
:10E95000B4F85460B4F84C60FEF724FB62790146C9
:10E96000012330460095FEF74BFB02B070BD282214
:10E97000294602B0BDE8704000F05EBC438813F049
:10E98000180F01D00120704730B585B084688288A7
:10E9900000F12805084669460095ADF80430029458
:10E9A000ADF80C20FFF72AFC05B030BD8068704739
:10E9B000407C003818BF0120704700BF10B5837C31
:10E9C00004469A1E012A08D913F0FD0003D1BDE8C0
:10E9D0001040F9F7A1B9607E10BD00F1680190F810
:10E9E0006700FAF7FDFF082801D0012010BDA37CC5
:10E9F000EAE700BFF8B5837C044613F0FD0546D175
:10EA000000F1610184F860502846F9F73FF90028C9
:10EA100000F08580A37C082194F86020023BE17619
:10EA2000DBB2012B8CBF00210121012AA17645D048
:10EA3000012B25774BD9FAF7CDFF0646F3F78EF871
:10EA400000257301F20E9B1B62F10002520242EAA2
:10EA5000D3525B029B1942F1000C9A014FEA8C1EC3
:10EA6000D21A4EEA936E6EEB0C0E93194EF1000221
:10EA70001B18204642EB01022946C4E91632FEF774
:10EA8000DBFD638884F86E505B0728D4F8BD012154
:10EA9000427E80F86010002A46D0023B0822D0F85F
:10EAA0001300DBB2E276B4F81710012BC4F8610052
:10EAB000A4F865108CBF00220122A27694F866505B
:10EAC000012B6FEA0505C5F3C0152577B3D804F10E
:10EAD000680194F86700FAF783FFE076ABE7E07E21
:10EAE000FBF716F805460028D0D01021FBF7C6FB2F
:10EAF0000028CBD1012604F16F070246284684F88E
:10EB00006E6039460B4CF9F749F939462068FCF735
:10EB100039FC31462068BDE8F840FCF749BC40F2BA
:10EB200055412D20F7F78CFB40F259412D20F7F786
:10EB300087FB00BFBC1500210B680122C0F8133011
:10EB40008B884276A0F81730704700BF2DE9F04F50
:10EB5000844697B00C4690F8058090F80EA00546C4
:10EB60000CAF06AEBCE80F000FC7BCE80F000FC724
:10EB70009CE8030087E80300304600F087FA237D15
:10EB80002278013B617894F80AB0DBB20392022B41
:10EB900000F2D9806E4A01F07F07C906134493F84A
:10EBA000149008D4A37D013BDBB2022B00F2CB8092
:10EBB000134493F81480BAF1010F09D1B9F1080F89
:10EBC00008BF4FF00409B8F1080F08BF4FF0040860
:10EBD000617A304600F062FA237D022B71D0012168
:10EBE000A27E30460132D2B200F05AFA3A076CD512
:10EBF0000023227E0293A2F10103686CB3FA83F32F
:10EC00005B090593A37C049312F094FA8246686C26
:10EC100012F09DFA029B504538BF504680B2002842
:10EC20003BD1049AAC46ADF832700CAF8DF8412060
:10EC30004FF0000E039A0E93059B8DF842B08DF8AD
:10EC400030208DF834908DF835808DF83C300FCF22
:10EC5000ACE80F000FCFACE80F0097E803008CE89A
:10EC6000030096E8030095F83E30A862A985E27A91
:10EC700012F0FD0F14BF0122724685F86720E2688A
:10EC8000AA66228AA5F86C20E27D62F3071385F854
:10EC90003E30704617B0BDE8F08F17F0180F089699
:10ECA000ADF824700A938DF82C908DF82D80B8D192
:10ECB00008A9FFF7A3FA029B0028B2D14FF0450E36
:10ECC000E7E7617D0131C9B28AE7304600F09EFA7C
:10ECD00063788246DB0626D52822394600F0ACFA56
:10ECE00000F2EF221B482179A0FB0232E37843EACD
:10ECF00001236179520A43EA014340F2712101FB89
:10ED000002F201FB03F39A427FF673AFE079A37935
:10ED100043EA0023207A43EA004301FB03F39342D2
:10ED200028BF134665E7F8F737FD034650464946C6
:10ED30009A46FEF737F901230146424650460097AE
:10ED4000FEF75EF9CCE74FF435710620F7F778FA55
:10ED50006CB302015917B7D1438813F0100005D0E6
:10ED600013F0040F14BF00201F2070479A0702D42D
:10ED7000DB0701D5EE207047F8F70EBD08B54388D4
:10ED800013F0100004D083F00403C3F3800008BD27
:10ED90009A07FCD413F00100F9D1F8F7FDFC003814
:10EDA00018BF012008BD00BF438800221D2BA0F81A
:10EDB000402008BF11464173704700BF007B704779
:10EDC00090F91000704700BF408800F001007047C4
:10EDD0004088C0F3400070474088C0F3401070473F
:10EDE0004088C0F3C00070474388DA0610B50CD4E1
:10EDF00083F00203C3F34004406C12F013F90028BF
:10EE00000CBF204644F0010010BD0124F4E700BF10
:10EE10004088C0F3001070474088A0F10900B0FAA4
:10EE200080F04009704700BF40797047024B5A6A32
:10EE300098621368184700BFBC15002190F8603035
:10EE400001624B72D0F86130C1F80A30B0F8653019
:10EE5000CB81704738B52F4C2379012B01D000208E
:10EE600038BDB0F840300546A27C0133A0F84030F0
:10EE7000B2BB0023237195F8793063BB6B7B1BB168
:10EE8000B5F840209A4204D20021284601F01CFC2B
:10EE9000E5E70121284601F017FC6B88DB0726D542
:10EEA0002B6A1C880DF0ECFE0028D8D1297843226B
:10EEB0006B7BA5F8B44085F8B31085F8B2200BB190
:10EEC00095F840301222294605F1A80085F8B630A1
:10EED000FDF760FCC3E70121284601F0F5FBBEE722
:10EEE0000EF04EFF0DF0A8FF0023A374C1E70DF054
:10EEF000C7FE0028B3D128784FF6FF7143226B7B01
:10EF000085F8B300A5F8B41085F8B220002BD9D04D
:10EF1000D6E700BFBC15002138B5B0F84030044634
:10EF20002B4D0133AA7CA0F84030B2B900232B71DD
:10EF300094F879305BB9637B1BB1B4F840209A42F6
:10EF400012D220460021BDE8384001F0BDBB20466A
:10EF50000121BDE8384001F0B7BB0EF011FF0DF004
:10EF60006BFF0023AB74E1E70121204601F0ACFB0D
:10EF70006388DB070FD5236A1D880DF081FE68B911
:10EF800021784322637BA4F8B45084F8B31084F84A
:10EF9000B22093B10FE00DF073FE00B138BD2078C0
:10EFA0004FF6FF714322637B84F8B300A4F8B410DA
:10EFB00084F8B2200BB194F84030214604F1A80047
:10EFC00084F8B6301222BDE83840FDF7E3BB00BF3D
:10EFD000BC15002138B5438804461A0730D4DB0736
:10EFE0001AD5236A1D880DF04BFE88B921783C2282
:10EFF000637BA4F8B45084F8B31084F8B220E3B96A
:10F000001222214604F1A80084F8B630FDF7C2FBB5
:10F01000012384F8793038BD0DF032FE0028F7D195
:10F0200020784FF6FF713C22637B84F8B300A4F88C
:10F03000B41084F8B220002BE2D094F84030DFE71F
:10F0400090F88630006A6BB93C230E22214684F882
:10F050008830038804F17E00A4F88A30FDF79AFB1B
:10F060006388BCE740F6BE312D20F7F7E9F800BF12
:10F0700080F87810704700BFFF2380F87C3070471D
:10F0800080F8241080F82520704700BF002240F24D
:10F090000113C0F802200380704700BF81707047E1
:10F0A00008B590F802C00170CCF380034270CCF335
:10F0B00040000CF0010C0344634403FB01F101FB2D
:10F0C00002F2FE2A00DC08BD5C212E20F7F7B8F81A
:10F0D00000234371A0F80330704700BF08B5827861
:10F0E0000346D1070DD5C07810F0010C09D159792C
:10F0F00093F801E00131C9B28E45597142D0252003
:10F1000008BD900703D5D97811F0020C23D0510720
:10F1100013D4597958780131C9B28842597108D14C
:10F12000D87800219042597103D11A79D9700132EF
:10F130001A7139212E20F7F783F8D97811F0040CD1
:10F14000E7D1587993F801E00130C0B28645587193
:10F1500026D0272008BD587993F801E00130C0B2CD
:10F160008645587101D0262008BD41F0020183F880
:10F1700005C08A42D970F6D11A7983F803C00132EA
:10F180001A71F0E740F0010083F805C08242D870A0
:10F19000B5D11A79252083F803C001321A7108BD50
:10F1A00041F0040183F805C08A42D970D1D11A799F
:10F1B00083F803C001321A71CBE700BF00B5837832
:10F1C00090F801C0C3F3400EC3F3800103F00103C4
:10F1D000C278714490F804E019440378A3EB0E035D
:10F1E00090F805E003FB0CF0C2F3800301FB00F094
:10F1F000C2F3400102F001020B44A0EB0E001344E5
:10F2000003FB1C00C0B25DF804FB00BF827890F8DD
:10F2100001C0C2F34001C2F38003007802F0010292
:10F220000B440CFB00F0134403FB00F0C0B270472A
:10F2300040F2EF20704700BF0138022808B519D806
:10F24000132907D811290CD810290FD10B4B33F8EB
:10F25000100008BD152909D1084B03EB40000089B7
:10F2600008BD064B03EB4000008A08BDD8212F20C3
:10F27000F6F7E6FFCA212F20F6F7E2FF84B302017A
:10F2800040F25A3303FB00F0704700BF08B5431E3D
:10F29000DBB2012B01D91D2924D110390D291CD82D
:10F2A000DFE801F00C1B07071B161B1B1B1B1B1B9E
:10F2B0001B110E4A02EB4303188C08BD0B4A02EBEC
:10F2C0004303188B08BD40F25A3303FB00F008BD1E
:10F2D000064A02EB4303988B08BD4FF481712F203F
:10F2E000F6F7AEFFEE212F20F6F7AAFF84B3020156
:10F2F00040F27531062008B5F6F7A2FFF0B583B0ED
:10F30000002800F0F7800446082900F2E680DFE8D4
:10F3100001F094A15F5F8FE48956E0006B26002125
:10F32000012594F81031A4F8306184F8281184F88C
:10F330003351002B00F0B98004F59476D4E94E32B5
:10F34000304613F57A7342F10002C4F83831C4F83C
:10F350003C21FBF785F9B4F84031082B00F29E8080
:10F360001D44D4F80C31ADB2A4F8405113B1082DAE
:10F3700000F29980022294F8503184F83221F3B9D6
:10F380006FF00043D4E952129A4208BFB1F1FF3F37
:10F3900078D02046D4E94E57FFF7CEFAD4F848315A
:10F3A00000F24710D4F84C215B1B62EB07021B1ADA
:10F3B00062F10002002A65DA2046FFF70BFE94F89E
:10F3C0000801F2F7A5FB002384F8203103B0F0BD5B
:10F3D000FFF71EFD0028A1D02046FFF7F5FC00280E
:10F3E0007FD0532749260DF10600F6F7B7F90DF146
:10F3F00007009DF90650F6F7B7F99DF807301D4351
:10F400006DB2002D18BF3E46F5F76AFC002886D085
:10F410001836B6B283E70321E81AF3F7C1FCC4F843
:10F420002C5128B3204603B0BDE8F040FFF774BD6F
:10F4300003B0BDE8F0400EF037BDFFF7F7FC002841
:10F440005CD1D4F82C01A0F59B7003B0BDE8F0406E
:10F45000F3F788BBFFF7C4FC50B92046FFF76CFAFE
:10F46000D4F82C3100F247159D42D4D8C4F82C5161
:10F470002046FFF7EFFC0028A8D040F2A921302059
:10F48000F6F7DEFE314694F80801F2F71FFD00287A
:10F490009CD140F2A3613020F6F7D2FED4F80C31B3
:10F4A000002B3FF467AF012265E7204604F5947610
:10F4B000FFF77CFA0146D4E94E321B18304642F180
:10F4C0000002C4F83831C4F83C21FBF7C9F8451CE8
:10F4D00041E7E7213020F6F7B3FEEB213020F6F7C5
:10F4E000AFFE2046FFF774FC00287FF47AAF4C276C
:10F4F000422678E7C7213020F6F7A2FE40F27621B7
:10F500003020F6F79DFE00BF2DE9F04F044689B08C
:10F510000020174600930E4694F86F300590039331
:10F5200012F079FF94F884220B2A00F27D83AF4B0E
:10F5300094F8B21033F8125087F001020191284478
:10F54000029285B22FB3B4F808A304F53878B4F862
:10F55000A890A6EB0A0AA6EB09090FFA8AFA0FFA95
:10F5600089F9BAF1000FC0F2CF81A14ADDF800B0ED
:10F57000127802F0FF07002A40F0D78194F8C432D5
:10F58000032B00F25883DFE813F03701FC009700EB
:10F590002F0094F8C422032AD5D10F29D3D1B4F86F
:10F5A0003423B242CFD1B4F80A232046B4F89E12D5
:10F5B0000A44C4F8C022D4F8CC22C4F8B822626944
:10F5C000C4F8BC2203F0A6FDD4F838236262B4F874
:10F5D00036232285D4F83C236261D4F84023E261CB
:10F5E000022284F8C422AEE76569009B05FB0AF29B
:10F5F000002B40F00C8294F8DB32002B00F0B68236
:10F600007B4B5868D4F8CC32D71BEB1A0597A3F57F
:10F61000DB75D4F80033854228BF0546DF19D4F8DE
:10F62000043304F13000C4F8985243F10003C4F8E5
:10F63000F072C4F8F432002384F8E0327323A4F8A3
:10F64000E832FDF7CDF80544A4F80863C4F8E452A5
:10F65000D4E9BC23C4E9C02303F046FD20B1D4F8AB
:10F66000E4321E33C4F8E432B4F8881200238E1B4F
:10F6700084F8EA3236B29E4202DD022384F8EA328E
:10F68000019A0F2A009A00F03582002A40F0358254
:10F6900094F8C432002B40F05782414694F80C0392
:10F6A000F2F714FC002800F0BA82029B002084F8D4
:10F6B000D83209B0BDE8F08F636A2946D4F8BC029D
:10F6C00018440FF0ECFA2946C4F8C80260690FF03C
:10F6D000E6FA41F64B53626994F86F909A42454DB1
:10F6E00098BF0230C4F8CC0248460EF0F5FD4DF646
:10F6F000417219F00C0F4FF4A07102442046A5FB93
:10F70000023214BF2823002303EB9212C432FDF708
:10F7100019FAB4F89E321BB9009B002B40F02B82E3
:10F72000D4F8BC32626AD4F8C85213445B1B059308
:10F73000D4F8B832D4F8C02294F86FA002FB035575
:10F74000238D1AF00C0F05F1300503EB450540F051
:10F7500058814AF2A13950460EF0BEFD254B814436
:10F76000A3FB09394FEA99194D4450460EF0ACFD00
:10F770001F4B2844059A65695860012384F8C432F8
:10F7800040E7D4F8CC226369D4F8C0129B1AB4F8CD
:10F790009E520AFB03F3A944D4F8C8520593CB4305
:10F7A000303594F86FA09944D4F8B8321AF00C0FA1
:10F7B00003FB015502FB0959258D05EB490540F076
:10F7C0001D814AF2A13950460EF086FD094B814455
:10F7D000A3FB09394FEA99194D4450460EF074FDC8
:10F7E000034B2844059A586065690BE7A8B30201EA
:10F7F000E8150021D34D621094F86F104AF2A13B36
:10F8000094F89702FBF7FCF88146606A2946DFF816
:10F810002CA348440FF043FA2946C4F8C802606993
:10F820000FF03DFA626941F64B5307A99A4298BF1F
:10F830000230C4F8CC0206A80EF02EFBDDE9062348
:10F84000D4E9C001F3F720FD94F86F30054618465F
:10F8500003930EF041FD039B4DF641724FF4A071EE
:10F8600013F00C0F02442046AAFB023214BF2823D7
:10F87000002303EB9212C432FDF764F9D4F810337D
:10F88000626A94F86F00059303920EF025FD5844C8
:10F89000039AAAFB0031059BA3F12000D4F8C832DB
:10F8A0001044C01A4844B4F82890401B03F13005B6
:10F8B00094F86F3009F12209A0EB911013F00C0FAE
:10F8C0004FEA4505059040F09F80184603930EF0DF
:10F8D00003FD8344AAFB0B3A039B4FEA9A1A4D445B
:10F8E00018460EF0F1FC964B5544059A2844586092
:10F8F000D4F81033D31AB3F5067FBFF475AF40F2D6
:10F90000E1413020F6F79CFC0022CA464FF0010B83
:10F9100084F8DB228A4AD4E9BE011278C4E9C00126
:10F9200002F0FF07002A3FF429AEF4F7C9FC0746AE
:10F9300000283FF423AEB4F8B022012A40F2CB8075
:10F9400094F8C422022A00F0C68094F8DA22002A31
:10F9500040F0C180606941F64B57B84240F23E81A9
:10F9600094F884220B2A00F25F81764B33F8125010
:10F9700094F8C43205F5C865012BADB240F0308172
:10F9800094F8B530032B40F03F81D4F8BC02676A8D
:10F99000074429460FF083F9D4F8B83202463846B6
:10F9A000D4F8C0722946D31AC4F8B82203FB07F76B
:10F9B0000FF075F9D4F8C8322946C4F8C802C31A42
:10F9C00060691F440FF06BF9636941F64B52934233
:10F9D000B4F89E32D4F8C0224B4498BF0230D243D0
:10F9E000A3EB0A031344D4F8CC22C4F8CC02801A47
:10F9F00000FB0377012384F8DA32BFE54FF0650995
:10FA0000EAE64FF06509AFE64FF0650A67E7B4F83C
:10FA10009E32002B7FF4EFAD84F8DB32D4F8CC12A9
:10FA200001FB1A2A94F8B120272ACDF814A054D04B
:10FA300094F8B220272A50D0BBF1000F27D033BB57
:10FA4000D4F814B3BBF1000F00F0F08094F86F000D
:10FA500010F00C0F40F0C0800EF03EFC4AF2A133D3
:10FA6000364D0344D4F814B394F86F00A5FB033566
:10FA7000AD091035AAF1100A0EF026FCB4F89E323A
:10FA80000AEB0B02D4F8CC12551B2D1A059503EB8B
:10FA9000090B039801FB0BFB10F00C0F0BF1300B63
:10FAA0004FEA4B0B65D14AF2A1350EF015FC234B02
:10FAB0000544A3FB0535AD0903980EF005FC05448C
:10FAC0001F4B05EB0B006569586041F64B539D4297
:10FAD00075D9059A96E5002750E5B4F83423B21A93
:10FAE0001204A9D4039894F83723002A18BF1046AB
:10FAF0000390A1E7002A3FF4D0ADB4F8B022CAB118
:10FB0000B4F8B20294F8B41200FB011101308A4239
:10FB10007FF7C3AD002B3FF4C0AD0023A4F8B202C1
:10FB200084F8EA32FDF7B6F900F00700013084F8F6
:10FB3000B402B2E5A4F8B222AFE500BFD34D621023
:10FB4000E8150021A8B30201D4F8CC32404661691F
:10FB5000C91AFAF785FD83B2002B3FF49EAD129AC5
:10FB60000120002A3FF4A5AD1380A2E5B4F89E322F
:10FB700054E76525A0E7D4F8BC32626A94F86FB008
:10FB800003EB020A58460EF0A7FBAAF12003D4F8B3
:10FB9000142381465846D4F8C8B203EB020A0EF08B
:10FBA00093FB4AF2A132AAEB0B034A441B1AA5FBB2
:10FBB0000225A3EB9513D4F8C8520593B8E528465F
:10FBC00005AB1F4A5946FAF7A9FF1E4B84F8DB0222
:10FBD000059A5868656915E575254BE71746CDE424
:10FBE00029460FF05CF86369BB42B4F89E72D4F802
:10FBF000CC3298BF02304F44C4F8CC02A7EB0A07BE
:10FC0000C01A00FB07F7F5E6676A94F86F1094F8DE
:10FC10009702FAF7F5FE0744D4F8BC02B9E640F2C1
:10FC200091513020F6F70CFBFFF762FB40F23351A5
:10FC30003020F6F705FB4FF4A9613020F6F700FB02
:10FC4000EC150021E81500212DE9F04700260546B6
:10FC5000012782B080F810618A46D0F80C0139463D
:10FC6000D5E94E8980F8972285F8206185F82171C1
:10FC7000FAF7B4F9D5F80C41324631462046C4E9CA
:10FC8000BE8995F80831C4F810A384F80C333346C4
:10FC900084F8C462A4F80863C4E9C0890096FFF739
:10FCA00033FCC8B984F8C472C4F8C002C4F8B802FE
:10FCB000A4F8D602A4F8D402B4F8A83084F8D90283
:10FCC000013BA4F80A03A4F8A8300DF029FF02B004
:10FCD000BDE8F047F1F75ABD40F21A213020F6F79F
:10FCE000AFFA00BF70B584B0002800F03C81044634
:10FCF000082900F22481DFE811F08A00D70009000A
:10FD000009006C002201710079001E01F1F726FF45
:10FD1000D4E9BE23801A61EB0301012871F10003CD
:10FD2000C0F233816FF00102002382428B41C0F2A6
:10FD3000278163690BB1B0FBF3F394F8B2200F2A6B
:10FD400000F0F080B4F8A820B4F8D61213449BB2A7
:10FD5000C81A00044CBF591C013194F8D93289B239
:10FD6000A4F8D61223B9B4F88C328B4200F0EE809E
:10FD7000B4F8E430B4F8E250013BB4F80A035B1B7A
:10FD800001301344A4F80A039EB2731A1A0400F156
:10FD9000A6800DF10E050023204600951A46FFF7B8
:10FDA000B3FB002840F08580636F73B3B4F8DE20A6
:10FDB000B4F8D6329B1A1BB2002B26DDB4F87810AB
:10FDC0000B44013BB3FBF1F303FB0123A4F8DE304A
:10FDD0001BE004B0BDE870400EF066B80120F1F7FA
:10FDE000ABFC04B0BDE87040F8F778BD90F8C432C1
:10FDF000042B40F0C180002394F80C0384F8C43233
:10FE0000F1F786FE202384F80C3304B070BD002285
:10FE100090F8D832C0F81423002B72D0B0F8D63244
:10FE2000B0F8A820934200F096809A1AA0F8A83063
:10FE3000A0F88E222046D4E9BC23C4E9BE2303F0F7
:10FE400009F8F1F75BFE94F86F20D4F8CC3202F099
:10FE50000C02216B03F2A115002A15BF28230023F1
:10FE60004FF40F724FF4057273282CBF2D187335A1
:10FE700020461D44FCF7D8FD034661692A4620460A
:10FE80001D46FCF7D1FD0246D4F8E43241499542C3
:10FE9000A3F1B4008A6028BF1546C1E9035004B03D
:10FEA000BDE87040F2F75EBE04B0BDE8704003F0FC
:10FEB0000DB901285BD1B4F8D612B4F888228B1A98
:10FEC00013F4004FBDF80E30194489B2A6EB0103BC
:10FED00023D11BB2A4F8D612002BBFF65CAF94F866
:10FEE000B530082204F1C8002146002B0CBF3E2388
:10FEF000134684F8D130FCF74DFC204603F0FCF8A3
:10FF000079E7B0F8D432B0F8A810B0F8D4225B1A70
:10FF1000A0F8A820A0F88E328CE71B0413D4A4F814
:10FF2000D61238E7B4F8D612B4F8A820013189B255
:10FF3000A4F8D6121CE7BB213020F6F781F9BF21C7
:10FF40003020F6F77DF9B31A1146C2E7013189B2C4
:10FF5000A4F8D6120CE7B0F88C22D31AA0F8A82087
:10FF6000A0F88E3266E793213020F6F769F940F267
:10FF70004E613020F6F764F9B5213020F6F760F9CC
:10FF800040F20F613020F6F75BF940F20E6130204D
:10FF9000F6F756F9E8150021D0F80C01704700BFBC
:10FFA0002DE9F04186B00220694610F063FC00287C
:10FFB0005DD101266846F7F761F8044620BB029D33
:10FFC00095F82031002BF5D00121284685F85061A5
:10FFD000FFF74EF895F82031002BEBD095F808018B
:10FFE000F2F72EFB95F80801F2F7FCFF95F80801EF
:10FFF000F1F78EFD002849D085F820416846F7F7D3
:020000040101F8
:100000003DF804460028DAD0DFF88C8001234FF653
:10001000FF77202688F8143018E0059BDBB193F8B1
:10002000C422C2B11888B8421BD0012110F003FCD1
:10003000054608B390F80C03F2F7D4FF95F80C03CB
:1000400085F8C442F1F764FD85F80C6303A901202B
:1000500010F010FCA8B903A8F7F710F80446002820
:10006000DBD0002088F8140006B0BDE8F0814FF422
:100070009A713020F6F7E4F84FF490713020F6F7DB
:10008000DFF84FF480713020F6F7DAF840F20621FD
:100090003020F6F7D5F800BFE8150021034B002209
:1000A00001215A7519701A75FFF77ABFE8150021FA
:1000B00090F82031002B40F0E3802DE9F041044618
:1000C00082B00E4601467248154603F0FF08F1F76C
:1000D000D7FC2028074638D04146502204F58470CA
:1000E000F4F7E2FC012384F80871C4F80C6184F889
:1000F000203136B1FCF7E6FE00F00700013086F84B
:10010000B4022046FEF784FE18B32046FEF75CFEDC
:10011000002800F0AB804FF0530849260DF106008F
:10012000F5F71CFB0DF107009DF90670F5F71CFBB8
:100130009DF807301F437FB2002F18BF4646F4F7E3
:10014000CFFD38B11836B6B204E00C2002B0BDE8DD
:10015000F0816B264FF481730027A4F83061A4F876
:10016000323184F82871F4F70BF80646F1F7C6FC33
:10017000B4F83031DF3683422CBFF61836182046EB
:10018000B6B2FEF72DFE00283FD012F044F900F57C
:10019000CD6128464FF0010889B20EF080FD284459
:1001A000C4F82C01F1F7DAFC301884F8097141F138
:1001B0000001C4F8380184F810812046C4F83C11CD
:1001C000FEF72AFE002847D0A5F243552046FEF749
:1001D000B3FB2D1AC4F814514FF0FF326FF00043F7
:1001E000C4E9522304F5947194F80801F1F76EFE06
:1001F000002847D0002520462946A4F84051FEF7A4
:1002000037FF284602B0BDE8F0812046FEF794FB98
:10021000012300F2471084F80931C4F82C01F1F7EA
:100220009DFC80460F46FCF74DFE1A4BA3FB0023B6
:1002300042F210725B0B02FB13031E4416EB08061E
:1002400047F10007C4E94E67002DC5D0AE1947F14C
:100250000007C4E95267C5E74046FFF711F86FF49D
:10026000A3731D442D1AC4F81451B5E72046FEF7B8
:10027000AFFD00287FF44FAF4FF04C0842264DE70A
:100280000C20704740F2E9113020F5F7D9FF00BF8C
:10029000FDF200015917B7D190F820310BB90020B9
:1002A0007047012110B5044680F85011FEF7E0FEBA
:1002B00094F820310BB9002010BD94F80801F2F732
:1002C000BFF994F80801F2F78DFE94F80801F1F7F0
:1002D0001FFC20B10023002084F8203110BD40F223
:1002E00006213020F5F7ACFF014B5875704700BF71
:1002F000E815002190F8502182B910B502F0FF04F2
:1003000090F8102112B90122104610BDD0E94531F4
:100310009942F9D9FEF75EFE2246F5E70022104623
:10032000704700BF2DE9F041144C0746E568D4F84A
:1003300008800DF09BF8637D0646C3B9E368AB42C5
:1003400005D02069C01A28442061F2F70BFCB542A1
:10035000E56009D37A6941F64B539A4204D9207D6E
:1003600080F00100BDE8F0810020BDE8F081284662
:1003700041463246FAF7A8F90546DFE7E8150021BD
:1003800040F25A2108B5FCF77FFCB0F5296F28BF71
:100390004FF4296080B208BD90F89332002B65D1EC
:1003A00070B503F0FF0590F8C43284B00446032B07
:1003B00001D004B070BDF1F7D1FBD4E9BE23801A9F
:1003C00061EB0301012871F10003F2DB6FF001031F
:1003D000834275EB01034CDB6369B4F8A820002B62
:1003E00045D0B0FBF3F080B20132B4F88C32104447
:1003F00080B2A4F8D402B4F8D4229B1A1BB2002B0A
:10040000D7DD94F80C03F2F71BF90028D1D0B4F82B
:10041000A850FF23B4F8E410B4F8E2200D4484F8A7
:10042000D932B4F8D432013DAD1AADB2EB1A1A0488
:10043000BFD40DF10E06B4F8D412002301222046D9
:1004400089B20096FFF760F80028B2D0012815D1D4
:10045000B4F8D432BDF80E2013449BB2A4F8D432C1
:10046000B4F8D432EB1A1B04E5D5A2E7704718465E
:10047000BAE740F2C5513020F5F7E2FE40F2FE51F6
:100480003020F5F7DDFE00BF2DE9F047044682B0CD
:10049000052900F2D280DFE801F04C1603131C306E
:1004A000042384F8C4320DF03BFBF1F76FF900230D
:1004B000B4F8A820A4F80A33A4F8D62284F8D932D4
:1004C00002B0BDE8F087032380F8C43202B0BDE873
:1004D000F0870CF0C5FF054694F86F00C4F814537C
:1004E0000DF0F2FE574B2D1AD3E902212944154491
:1004F000C3E9025102B0BDE8F08790F86F50524E48
:1005000028460DF0E9FE4DF64172034615F00C0F3A
:1005100020464FF4A0711A4414BF28230023A6FBE1
:10052000024203EB9212C43202B0BDE8F047FCF77E
:1005300009BBD0F814339BB9424B1B7D03F0FF027B
:10054000002BADD1B4F88C12012320460092FEF7A7
:10055000DBFF0028A7D040F2CA613020F5F770FE1B
:1005600090F8DA32002BE7D090F8C432032BE3D1B5
:1005700090F86F9011F04FFF94F884320B2B5AD8FB
:10058000324AD4F8145332F81330C61803F5C8634E
:1005900048469FB20DF098FE19F00C0FA5EB00082D
:1005A000B6B248463BD10DF097FEDFF89CA000F2B2
:1005B000E733D4F898524846AAFB0323A8EB9318D4
:1005C0000DF082FE2D1A48460DF086FE4AF2A13348
:1005D0000344AAFB03239B09EB1AA3F160025B0807
:1005E00006FB02F22933B2FBF7F26032A3EB5201B1
:1005F000520841451CD81344434519D3314660691C
:100600000EF04DFB41F64B5362699A424FF00003E6
:1006100098BF023084F8DA32C4F8CC028CE7D4F800
:100620009852A8F13C080DF04FFE65232D1AD3E730
:100630000EF050FBE2E7FEF75BFE40F25671302011
:10064000F5F7FEFDE8150021D34D6210A8B30201B5
:10065000012A70B5064609D0022A14460D461ED05E
:100660004AB14FF4F0613020F5F7EAFD0CF0FEFEE0
:10067000C6F8100370BD0CF0F9FE2246014628466C
:10068000FFF7E2FA32460F4995F80801F1F724FA2C
:100690000028EFD140F269713020F5F7D1FDD0F894
:1006A000101301222846FFF7CFFA3246054995F884
:1006B0000801F1F711FA0028DCD140F27A713020FC
:1006C000F5F7BEFDE5FC0001F0B5044683B061B16D
:1006D000012940F08E80002380F810310DF020FABF
:1006E00003B0BDE8F040F1F751B890F80951002D82
:1006F00074D12046D4E94E76FEF758F928440022FA
:100700004FF48173C01984F8282146F10006C4F81B
:100710003801A4F832312046C4F83C61FEF778FB7A
:10072000E8B12046FEF750FB00284FD0532749255B
:100730000DF10600F5F712F80DF107009DF90660BE
:10074000F5F712F89DF807301E4376B2002E18BF59
:100750003D46F4F7C5FA18B11835ADB200E06B2587
:1007600094F85031A4F830517BB96FF00043D4E9CC
:1007700052129A4208BFB1F1FF3F10D104F59471B3
:1007800094F80801F1F7A2FBC0B30023A4F84031AC
:100790000DF0C6F903B0BDE8F040F0F7F7BF204612
:1007A000D4E94E56FEF7C8F8D4F8483100F24710A5
:1007B000D4F84C215B1B62EB06021B1A62F10002AB
:1007C000002ADBDA2046FEF705FCDEE72046FEF7CE
:1007D000FFFA0028AAD14C274225A9E70A4DFCF7C9
:1007E00059FB42F21073A5FB00256D0B03FB1505A9
:1007F0007FE74FF4F2613020F5F722FD40F2EA6125
:100800003020F5F71DFD00BF5917B7D190F8200132
:10081000704700BF064B5B6893F8B220142A04D1DE
:100820001522002083F8B22070470220704700BFD5
:10083000001600210A4B5A68D2F8A03013F0040CBD
:100840000CD192F8F01043F004036046A2F8EEC019
:100850000131C2F8A03082F8F010704701207047D3
:100860000016002110B5074C01236068194690F866
:10087000B320A030F9F76AFE18B96368092283F83B
:10088000B32010BD0016002138B5374D6C68D4F880
:10089000A03099073DD494F8F3309A0747D5DB0789
:1008A0001CD4D4F8A03013F0020158D143F0020355
:1008B00094F8F020A4F8EE10C4F8A030013294F8B7
:1008C000B13084F8F020072B13D094F85A211AB1D4
:1008D000002284F85A21BBB1002038BD214604F122
:1008E000F4000122FBF756FF6C6894F8B130072B37
:1008F000EBD1002394F85A2184F8B13084F8EC301D
:10090000002AE9D084F85A310023184684F8EC30E4
:1009100038BD012394F8B120082104F1A000F9F7B3
:1009200015FED0B16C6894F8F3309A07B7D4A86874
:10093000FBF7EEF8AA6884F8FD006C68B2F80510C1
:1009400094F8F330A4F8FE1043F00203B2F8072045
:1009500084F8F330A4F80021A1E7012038BD4FF45A
:1009600041713120F5F76CFC0016002138B52C4C94
:1009700001230021606890F8B220A030F9F7E6FD6D
:1009800080BB606890F8B220152A38D190F8F23018
:100990006BB300F52871A068FBF796F8D4E9011055
:1009A00001F59871FBF79CF8636893F84C538DBB85
:1009B0001A8803F55471A068A3F84E23FBF76EF86C
:1009C000D4E9011001F55671FBF772F8616807224E
:1009D00001F55170FBF7DEFE63681722284683F8A5
:1009E000B22038BD606890F8F230002BD1D190F879
:1009F000F020A0F8EE30531C80F8F030C9E7012356
:100A00000521A030F9F7A2FD002814BF0825012513
:100A1000284638BD40F2C6213120F5F711FC00BF51
:100A200000160021344A402838B5938943EA000370
:100A3000938155D000F00303032B57D010F002032D
:100A400011D0C407116110D4CB78052B22D00B2B09
:100A500004D1536893F8B210132928D0850601D524
:100A60000823137538BDC407F8D591F803C0916009
:100A7000BCF1060F26D0BCF10B0F05D1516891F8DF
:100A8000B2C0BCF1140F16D0002BE7D01169CB789F
:100A9000052BDCD1536893F8B2101829DED100245D
:100AA00000250121C3E9464583F8B710D6E70021A8
:100AB00083F8B710D2E7002481F8B640012481F80A
:100AC000F240E1E7516891F8B2C0BCF11A0FDBD1F6
:100AD00000240025C1E94445012481F8B640D3E74C
:100AE00004215068BDE83840FFF7CEBC40F6FD4118
:100AF0003120F5F7A5FB00BF0016002130B585B009
:100B0000044601A8F7F742F8002800F0E9802A22FD
:100B100000210198F3F7C8FF019D03212846FAF749
:100B20000FFF01982146037823F010030370FAF7B2
:100B300033FF1B2C22D8012C40F2C880023C192C18
:100B400000F2C480DFE804F00DC29E13130DC2ACA6
:100B5000C213555B62C2C272131327274E41C2C231
:100B6000C280624A019B526892F83E211A71F7F7DF
:100B700025F8002800F0AF8005B030BDFF2C40F014
:100B8000A5805A4B01985B6893F82F23D3F8301354
:100B9000FAF716FFEBE7554C01986368B3F850106D
:100BA000FAF7C4FF63680198B3F84011FAF7C2FF7F
:100BB00063680198B3F84C10FAF7C0FF63680198B6
:100BC000B3F83E11FAF7BEFFD1E7484B5B6893F8E4
:100BD0005421012A14BFB3F86A20B3F85621019BAF
:100BE0009A80C4E7414A019B5268B2F856219A8024
:100BF000BDE7019B21223E491A725960B7E73B4A83
:100C0000019B526892F83A211A71B0E70CF04CF847
:100C100044F62F1402460B46019802A9224003F025
:100C20000603CDE90223FAF775FFA0E72F4C0198E0
:100C3000636893F83B11FBF701F86368019893F838
:100C40003A11FAF7FFFF92E70023284601218DF8B9
:100C50000830FAF781FE254A28469DF8083002A997
:100C6000556803F020042A7C6B7C032A03F01F03E1
:100C700008BF002243EA821323438DF80830FAF7B5
:100C800075FE74E7194C0198616801F52A71FAF74D
:100C90002BFF6168019801F59A71FAF731FF66E759
:100CA0000CF002F844F62F140B46104A204002A91B
:100CB00003F006035268CDE9020392F802310340C3
:100CC00001988DF80830FAF777FF50E740F6A42135
:100CD0003120F5F7B5FA40F6A8213120F5F7B0FA42
:100CE00040F628213120F5F7ABFA00BF00160021AD
:100CF0000C5900D04FF4D171312008B5F5F7A0FAA6
:100D000008B5094B5A6892F8F030D2F8A010013BB0
:100D100021F004015BB2C2F8A010002B82F8F03081
:100D200000DB08BDFFF7E6FF0016002108B50B4BFE
:100D30005A6892F8B2301A2B0CD192F8F030013B7D
:100D40005BB2002B82F8F03006DB1E23002082F815
:100D5000B23008BD022008BDFFF7CCFF001600210D
:100D600008B5074B5B6893F8B220182A03D11C2200
:100D700083F8B22008BD40F22C713120F5F760FAFB
:100D80000016002108B50F4B5B6893F8B2202F2A9C
:100D900005D0182A10D11C2283F8B22008BD93F880
:100DA000F0200021013A83F8B21052B28A4283F84F
:100DB000F020F3DAFFF79EFF40F241713120F5F7A2
:100DC0003FFA00BF0016002108B5074B5B6893F897
:100DD000B220182A03D11A2283F8B22008BD40F2AB
:100DE00026713120F5F72CFA0016002108B5094BC1
:100DF0005B6893F8B220172A06D10121182283F8E4
:100E0000F11083F8B22008BD40F21F713120F5F7D0
:100E100017FA00BF0016002108B5094B5B6893F86C
:100E2000B220132A06D10121142283F8F11083F88D
:100E3000B22008BD40F217713120F5F701FA00BF6A
:100E40000016002108B50D4B5A68D2F8A010CB0748
:100E50000CD592F8F030013B5BB2002B82F8F030F9
:100E600009DB21F00101C2F8A01008BD40F20371B6
:100E70003120F5F7E5F9FFF73DFF00BF001600212F
:100E8000194A08B55368116993F8B12009790B2AFA
:100E90001AD0D3F8A02012F0080007D1FF291DD1E5
:100EA000302283F82C0383F8B12008BD93F8F010AA
:100EB00022F008020139C3F8A0204AB2002A83F8C0
:100EC000F020F2DAFFF716FF93F839218A42E0D1D9
:100ED000002283F8B12083F8EC2008BD40F2FD61C8
:100EE0003120F5F7ADF900BF0016002140F6AD2125
:100EF000312008B5F5F7A4F908B50E4B5A68D2F8B9
:100F0000A01001F03003102B0CD192F8F03021F03A
:100F10001001013BC2F8A0105BB2002B82F8F03048
:100F200005DB08BD40F2A2713120F5F789F9FFF722
:100F3000E1FE00BF0016002108B5084B5B6893F87E
:100F4000B220242A00D01AB9252283F8B22008BD85
:100F500040F2B5713120F5F773F900BF001600219A
:100F600010B50A4C01230021606890F8B120A03030
:100F7000F9F7ECFA20B16368042283F8B12010BDC0
:100F800040F211713120F5F75BF900BF0016002126
:100F900010B50A4C01230021606890F8B120A03000
:100FA000F9F7D4FA20B16368112283F8B12010BD9B
:100FB00040F28E713120F5F743F900BF0016002191
:100FC00010B5184C606890F8F31011F0020115D0BC
:100FD000002380F8EC3080F85A31D0F8A0309A071E
:100FE0000BD590F8F020013A52B2002A80F8F02098
:100FF00010DB23F00203C0F8A03010BD90F8B12040
:101000000123A030F9F7A2FA30B16068072380F815
:10101000B130E2E7FFF76EFE40F27A713120F5F76A
:101020000FF900BF0016002110B50A4C0123092159
:10103000606890F8B120A030F9F788FA38B1636899
:10104000002283F8E02083F8EC2083F8B120002010
:1010500010BD00BF0016002110B5144C0123002163
:10106000606890F8B220A030F9F770FA80B1636838
:1010700093F8B70058B193F8F020002113240132FF
:101080000846A3F8EE1083F8B24083F8F02010BDB4
:1010900060680123052190F8B220A030F9F756FAD4
:1010A000002814BF0820012010BD00BF0016002139
:1010B00010B50A4C01230021606890F8B120A030DF
:1010C000F9F744FA20B163681F2283F8B12010BDFC
:1010D00040F29B713120F5F7B3F800BF00160021F4
:1010E00010B50A4C01230021606890F8B120A030AF
:1010F000F9F72CFA20B16368222283F8B12010BDE1
:1011000040F2AE713120F5F79BF800BF00160021C8
:1011100010B51D4C616891F8B2301E2B2FD1002202
:1011200091F87C3281F8F12023BB91F8F2200888F5
:1011300082B9012381F87E22A1F88002092281F878
:10114000823201F51D70FBF725FB6368002283F8EE
:10115000B22010BD0A2281F8F23081F87E32A1F867
:10116000800201F51D70FBF715FB6368002283F810
:10117000B22010BD40F256713120F5F761F840F20F
:1011800052713120F5F75CF8001600212DE9F0418D
:101190001F4D82B001230721686890F8B120A0306C
:1011A000F9F7D4F918B9012002B0BDE8F081A868B8
:1011B0006946FAF707FDD5F804800024DDE90067E9
:1011C0000BF072FD6D6806400F406B4644F62F1021
:1011D00007F0060705220640C8F80671C8F8026144
:1011E00085F8EC4085F8B14085F8F44103CB2B88B5
:1011F000C5F8F80105F5F570C5F8FC112946A5F804
:10120000F631FBF7C7FA204602B0BDE8F08100BF17
:101210000016002130B5184D83B06B68D3F8A0409C
:1012200014F0010402D0012003B030BD6946A86863
:10123000FAF776FC0BF038FD6B6802462046A3F8FF
:10124000EE40009C224044F62F14224093F8F040D8
:10125000C3F802210134D3F8A02083F8F04042F013
:101260000102C3F8A020019A114001F00601C3F861
:10127000061103B030BD00BF0016002170B5374C19
:1012800001230021606890F8B220A030F9F75EF9E0
:1012900008B9012070BDD4E9013093F87310FAF752
:1012A000AFFB002844D0D4E90110B1F8A820B0F871
:1012B0000D30D243A1F83433134447F6FD729BB28C
:1012C000934209D9282301F1C800082281F8D130BE
:1012D000FBF760FA002070BDFAF782FBF9F7C6FB56
:1012E00005460146D4E90163C6F83C031879F9F7CD
:1012F000CFFBA3682946A6F83603B3F80500666855
:10130000F9F7EEFB0346D4E90150C6F83833FAF793
:101310006BFBA5F84003D4E90150FAF76DFB636855
:1013200001460F220020A5F8421383F8B22070BDB9
:101330006368D3F8A02012F00800AAD193F8F01047
:1013400042F00802A4680131C3F8A020E278A3F8B3
:10135000EE0083F8F01083F8382170BD00160021EC
:1013600038B5194C01230021606890F8B220A030F4
:10137000F9F7ECF808B9012038BDD4E90150FAF7C3
:1013800081FB6168A5F8340347F6FD72B1F8343388
:10139000B1F8A800013B1B1A9BB2934209D928233C
:1013A00001F1C800082281F8D130FBF7F3F90020E1
:1013B00038BDA06801F23631FAF75EFB63680C2293
:1013C000002083F8B22038BD0016002138B50B4C40
:1013D00001236068194690F8B320A030F9F7B6F8F9
:1013E00048B9D4E90150FAF751FB6368082285F83F
:1013F000B40083F8B320002038BD00BF00160021E0
:10140000104B1A7DB2B958B95B6841F64B52596915
:10141000914204D9B3F854101A8F91420ED97047F3
:101420009A89120708D55B6893F8B300093818BF8A
:101430000120704700207047012070471846FEF7D2
:1014400071BF00BF001600212DE9F0413D4C82B074
:101450006368D3F8A03013F0300F03D0012002B03E
:10146000BDE8F081A068FAF779FBB8B96368D3F8F2
:10147000A02012F00800F1D193F8F01042F0080219
:10148000A4680131C3F8A020E278A3F8EE0083F845
:10149000F01083F8382102B0BDE8F081D4E90150A2
:1014A000FAF758FB0646A0683035FAF74FFB0746B7
:1014B000A068FAF751FB8046A068FAF749FB43465B
:1014C00000903A4631462846FBF7D0F9A3899B079E
:1014D00020D4636893F8B1201F2A20D093F86420A9
:1014E000012A05D093F84B2112B993F84A21D2B1C1
:1014F000D3F8A02042F01002C3F8A020002193F8F6
:10150000F02008460132A3F8EE1083F8F02002B074
:10151000BDE8F0812369DB78142BDAD163680122FE
:1015200083F86420E4E7D3F8A020194642F02002B3
:1015300031F8300BC3F8A02003F5DC72FBF722FA78
:101540006368DBE70016002110B53B4C01230B213B
:10155000606890F8B220A030F8F7F8FF00284BD16F
:1015600001466068012390F8B220A030F8F7EEFF42
:1015700000283FD0636893F8B130272B3CD0A06897
:10158000FAF726FBD0B3D4E9011091F8023143F009
:10159000040381F80231427902F0070281F86720E2
:1015A000037991F8550103F0070381F86630A0B97B
:1015B00091F85401012810D091F86F00984233D06F
:1015C000088881F8D9211B22A1F8D60101F5E6701F
:1015D00081F8D831FBF7DEF8616891F8F03000222D
:1015E00024240133104681F8B240A1F8EE2081F89E
:1015F000F03010BD012010BD202010BD6368D3F86D
:10160000A02012F00800F5D193F8F01042F0080283
:10161000A4680131C3F8A020E278A3F8EE0083F8B3
:10162000F01083F8382110BD91F86E009042C7D1B8
:10163000022381F85431D0E70016002110B5194C6F
:10164000616891F86E30B1F800C05A1E81F8E4016B
:10165000A1F8E6C1072A20D8DFE802F005051F043B
:101660001F1F1F04032391F86F0081F8E831431E08
:10167000072B12D8DFE803F005051104111111043E
:101680000320112281F8E90101F5ED70FBF782F8E2
:101690006368002283F8542110BD40F2C221062065
:1016A000F4F7CEFD0016002138B5164CD4E9012020
:1016B00092F8023143F0040382F80231FAF7C0FADB
:1016C0000546A068FAF7C0FA162D01D0002038BDF3
:1016D000656895F8B130232B0BD02E2BF6D1012362
:1016E00095F8B2200B2105F1A000F8F72FFF10B9F3
:1016F0002A20FFF7A3FF6368002283F8B12083F854
:10170000EC20E3E70016002170B52A4C636893F8DB
:10171000361393F8372381BB93F86E505ABB93F876
:101720006F0083F86E5083F86F00FF2083F870001D
:10173000606890F85431012B18D051EA020315D19A
:101740003030FBF74DF8052106466068FEF79CFE39
:1017500060683030FBF744F8864205460FD3606876
:101760000125FBF7ABF8D8B9284670BD0020FFF77C
:1017700065FF6068E4E71046D3E70D46CEE7F1F772
:10178000FFFA0146A81B742838BF7420F1F708FB44
:10179000B0FA80F560686D09FBF790F80028E3D097
:1017A00061680B4601F5D17231F8300BFBF706F991
:1017B000284670BD001600212DE9F041954C82B0FD
:1017C000636893F8B22093F8B150252A3ED0232DB8
:1017D00038D103F1B10693F80221A06842F0040267
:1017E00083F80221FAF71AFA98BB636893F8542138
:1017F000012A00F08D80002283F85421232D00F06F
:101800008B8000233370636893F9F0104A1E52B244
:10181000002A83F8F020C0F2CE80D3F8A02012F086
:10182000080571D142F00802A068C3F8A020C27870
:101830002846A3F8EE5083F8382183F8F01002B060
:10184000BDE8F081022002B0BDE8F08103F1B206EC
:10185000C1E7A7683846FAF7D5F9034638461F4668
:10186000FAF7D4F98046F8F76FFF28B3636893F866
:101870006E20904220D093F85411012970D093F833
:101880006A1018EA010FB1D0232D15D093F8671014
:1018900018EA010F10D1002A00F0AD80042A00F0F0
:1018A0009580042800F09280082A00F08F80082894
:1018B00000F08C80904299D33846F8F745FF636872
:1018C00058B193F86F20824207D093F85421012A2F
:1018D00077D093F86B20174288D001AAA1681846E8
:1018E000F8F740FF002841D1656895F85431012B85
:1018F00024D085F8540105F1B2039E425DD0002347
:10190000184685F8EC309AE7012002B0BDE8F08176
:101910001E20FFF793FE71E7D4E90132D278182A2E
:1019200083F8392171D10B2193F8EC2083F8B110A1
:10193000002A65D0002002B0BDE8F081B5F8A830DB
:1019400005F54D7295F86E10B5F85801F9F722F8C3
:10195000054600284AD06568292385F8B130CAE7D2
:1019600093F8561118EA010F8ED13FE7D4E90150E0
:10197000FAF752F96168A5F83403B1F83433B1F8D5
:10198000A820013B9B1A47F6FD729BB2934221D8D7
:10199000BDF804202723A1F836233370656805F1CC
:1019A000B2039E42ABD195F8F030013B5BB2002B05
:1019B00085F8F030BEDAFFF79DF9002385F8B230E4
:1019C000F1E793F85721174287D10FE790427FF64E
:1019D00073AF0BE72823082201F1C80081F8D1304A
:1019E000FAF7D8FE656805F1B203DAE7FFF726FEDD
:1019F000357065687FE740F295110620F4F720FC0A
:101A000040F227413120F4F71BFC40F21F41312006
:101A1000F4F716FC0016002110B5124C606890F81F
:101A2000B130232B15D02E2B01D0002010BD232B3D
:101A30000FD090F8B22001230B21A030F8F786FDDB
:101A400060B163680022002083F8B12083F8EC20A5
:101A500010BDA3681879FFF7F1FDF2E72A20FFF720
:101A6000EDFDEEE7001600212DE9F041254C82B096
:101A700001230A21606890F8B120A030F8F766FDD4
:101A800018B9012002B0BDE8F081A068FAF766F845
:101A9000D8B96168002491F8643081F8EC40012BDA
:101AA00081F8B14006D10223204681F8643002B0AB
:101AB000BDE8F0810B4601F5D17231F8300BFAF731
:101AC0007DFF204602B0BDE8F081D4E9013003F18A
:101AD0003008FAF73FF80546A068FAF737F80646E7
:101AE000A068FAF739F80746A068FAF731F83B46DC
:101AF0000090324640462946FAF7B8FE6068FAF789
:101B0000DDFEC6E7001600212DE9F043BF4D87B08A
:101B100007460E466B681888F5F792FC002800F01F
:101B20001386AB8980466C68D90500F14581B4F80D
:101B3000E2200132A4F8E22094F8B720002A00F055
:101B400045811A0500F15781D4F8D420D4F8D81073
:101B500001328A42C4F8D42040F25B82012084F82A
:101B6000E0008A420AD30023214604F5CC700C22FF
:101B7000C4F8D430FAF70EFEAB896C6813F4407FDA
:101B800094F8B5200FD0002A00F0E082032A0AD191
:101B900002232046012184F8B530FEF775FC6C68FD
:101BA000AB8994F8B520012A00F02981002F40F07C
:101BB000AC80580600F1B081B4F8B022013292B284
:101BC000A4F8B022002E00F0AD81B1462B7D18079D
:101BD00000F1CC8246EA0906EB69F6B2002B58D038
:101BE0000023CDE90133CDE90333059394F86F0069
:101BF0000CF072FB6B68044693F86F000CF064FB0A
:101C000004F5FA74824BA3FB04346B681A8800EB6A
:101C100094145869ADF80420B3F8A820ADF80A4030
:101C2000ADF80820F8F70AFF6B68ADF8060093F8E6
:101C30002E23002A40F0638293F82D2301A89DF8FB
:101C40000C3062F300038DF80C30EB6998470023E9
:101C50006C68A4F82D33049BDBB194F82C23C2B933
:101C600094F8B120302A14D09DF814208AB1197844
:101C7000FF2900F0F48307290BD1022A09D15978F2
:101C8000FF2906D1C4F83033012384F82F2384F8C8
:101C90002C3394F83C31FE2B02D1002E00F0A782A9
:101CA000B4F890320133A4F8903294F89432002BB7
:101CB00000F07E81F6F734FE002840F0B2816868BB
:101CC0000123002190F8B220A030F8F73FFC6C68A7
:101CD000002840F0128194F8B2300D2B00F00D81F5
:101CE00094F8B530002284F892220122002184F871
:101CF0009612B4F8A810012B0A4492B2A4F88C22D0
:101D000000F28880AB89A4F888225A0640F1B4809A
:101D10000023A4F89E3294F84831002B00F0B880DC
:101D2000B4F8E630B4F88E221344A4F8E63094F800
:101D3000EC2032B1B4F8E830B4F88E120B44A4F8B9
:101D4000E83094F9F010002906DDB4F8EE30B4F86C
:101D50008E020344A4F8EE30002F40F0A6802B7EC4
:101D6000022B00F04781012B00F01B82002E40F077
:101D70000B82002A40F05981002906DDB4F8EE20DC
:101D8000B4F8EA309A4280F05781B4F8E430B4F8FD
:101D9000E6209A4204D394F84821002A40F04C816E
:101DA00094F8B520002A40F08D82B4F8E230052B7B
:101DB00040F285803E2379E00022A4F8E22084F8F6
:101DC0009C2294F8B720002A7FF4BBAE012394F83C
:101DD000B22004F1A0000621F8F7B8FBAB89002877
:101DE0003FF4CBAE19056C687FF5AEAE94F8B72022
:101DF000002A3FF4A9AE0022C4F8D420BEE65A055A
:101E00007FF5D4AE022284F8B520CFE6001600217B
:101E1000D34D6210023B012B00F2138594F8B330CE
:101E2000092B00F07581B4F8E220B4F8E430511CBD
:101E3000994204DA9B1A9BB2022B40F052824FF077
:101E4000000894F8E030002B00F06F8194F8B12086
:101E500004F1A00001230921F8F778FB6C68002841
:101E600040F063818046B4F88C324344A4F8883251
:101E7000AB895A063FF54CAFB4F89E32B4F88E22C7
:101E80001344A4F89E3294F84831002B7FF448AFF5
:101E9000012394F8B32004F1A0001946F8F756FB8B
:101EA0006C6800287FF43CAF41E73D23214604F1F4
:101EB000C80084F8D1300822FAF76CFC6C6894F8FA
:101EC000D010B1B1002394F89322A4F8B13084F873
:101ED000B530002A00F0898002212046FEF7D4FAAE
:101EE0006B68002283F8932207B0BDE8F043F5F752
:101EF0008DBE2046FEF7C8FAF2E7012394F8B12020
:101F000004F1A0000021F8F721FB002840F09680A2
:101F10006C6894F8B530E5E63A46A4F8B022002E95
:101F20007FF453AE19071CD594F83C21FE2A00F02B
:101F3000B68594F8B200FE221C2884F83C2100F0FB
:101F4000088294F8B120222A00F01282302A00F090
:101F5000CC8194F8B320092A03D102222A7684F88E
:101F60003C21DA0700F16C81590705D594F8B320BC
:101F7000082A01D101222A769A070DD52A69D2783A
:101F8000252A00F21181AD4B53F82230002B00F0CE
:101F9000C8819847AB896C6813F010093FF416AEFE
:101FA00094F8B2300C2B00F0C1814FF000090DE61F
:101FB000F6F7B0FC28B16B6893F896320BB9A4F829
:101FC0009032F6F7B5FC00283FF479AE94F89C32D5
:101FD0000133DBB2022B84F89C327FF670AE002313
:101FE000A4F8903284F89C3269E603212046FEF77B
:101FF0004BFA75E794F83E31214604F1C8000822F7
:10200000062B18BF162384F8D130FAF7C3FB6C688F
:1020100055E7E88AA1EB020C053084453FF6A1ADF7
:102020009CE50023A4F8903249E6B4F8E820B4F81F
:10203000EA309A42FFF4A0AE222337E76868012312
:10204000002190F8B320A030F8F780FA6C6894F87B
:10205000B53000283FF446AE022B7FF443AE94F82F
:102060009C22002A7FF43EAE40460DF021FF6C68B2
:1020700000283FF435AE94F83C31FE2B7FF430AEAF
:10208000B4F88A32012B7FF62BAEB4F8E43001218C
:10209000B4F8E220981E84F89212824280F268839B
:1020A000013BB4F890029B1AEA8A90429BB2C0F0BE
:1020B00065830A469A4228BF1A46012A00F06283C5
:1020C00094F87B306BB9636F5BB1B4F8A810B4F8C7
:1020D000DE305B1A19B29BB2002902DD8A42A8BF2A
:1020E0001A4695F82030002B00F05983012A40F25F
:1020F0005683012294F8B53084F89622F9E5A86851
:10210000C31C0493F9F71AFC6B688DF8140093E56F
:10211000B4F8E230022B7FF6F5ADB4F8E4301944A0
:10212000AB890131A4F88812EFE594F8B730002BA1
:1021300000F00281D4E93523911C8B42C0F0DE808F
:102140009B1A022B00F0DA80033BD8E001212046E5
:1021500084F8B510FEF798F96C68AB8994F8B5204F
:10216000012A7FF423AD4AE64FF0010994F8B2202A
:1021700004F1A00001230521F8F7E8F90446E8B1CD
:102180006C684FF0080925E50822214604F1C800D3
:10219000FAF700FBF3061FD56C681E2384F8D130D4
:1021A0008DE694F8B43081E6FF2A40F0BA80302200
:1021B00084F8B120002284F82C23EDE601A90190D7
:1021C000F6F7BCFB019B2BB11C72222269680198B7
:1021D000FAF7E0FA6C68FDE4370700F19D80B40679
:1021E00040F1FD806C68232384F8D13067E6012339
:1021F00094F8B32004F1A0001946F8F7A7F96C6829
:1022000000287FF44DAD94F84861002E00F0F48072
:1022100094F84931A4F8E60084F83E3194F83C3152
:10222000FE2B40F04D8402230646A4F8E80084F813
:102230003C31012384F8EC3032E500BF400100213D
:10224000AB6804F1A00094F8B220052193F8039044
:102250000123F8F77BF980B1A9F102095FFA89F946
:10226000B9F1090F00F21A81012303FA09F940F2CA
:10227000333319EA030F00F01181A868F9F77AFBEC
:10228000002800F0D480AB6893F80390B9F1010FF7
:1022900078D86B6893F8B100F8F748F9002800F097
:1022A000E5806C6894F8B130222B00F0DF80232B9E
:1022B00000F0D980B9F1160F0CBF4FF020094FF094
:1022C000020983E4B4F8E2209A42FFF4F8AD082250
:1022D000214604F1C80084F8D120FAF75BFA6C6853
:1022E000EDE5033B1FFA83F8ABE5002284F8B1204B
:1022F00084F8EC20012284F82D232AE60023984557
:1023000088BF1FFA83F8B8F1000F3FF4ACAD08F1B5
:10231000FF331FFA83F8A6E56C683D2384F8D130BB
:10232000CDE54FF4FC613120F3F78AFF0D234FF028
:10233000000984F8B23049E494F8B22004F1A00016
:1023400001230621F8F702F96C6800287FF4F2AE49
:10235000D9E794F8F02084F8F160013A52B2002AEB
:1023600084F8F020C0F2A883304684F8B260E8E533
:10237000F8F7DCF86C68002839D02E2384F8B130E7
:10238000AB89E6E5B9F1160F83D0B9F1250F6DD908
:10239000B9F1FF0F00F046816C68D4F8A03013F05B
:1023A000080C40F0308143F0080394F8F010D4F8A2
:1023B0001C21C4F8A0300131D4F81831A8680133C9
:1023C000C07842F10002C4F81831A4F8EEC0AB891D
:1023D00084F8F01084F83801C4F81C21C4E5B00773
:1023E00000F070836C682A2384F8D13067E52323DA
:1023F00084F8B130AB89ACE594F8B22004F1A000C8
:1024000001230421F8F7A2F86C68814600285FD107
:10241000D4F8A030D90746D594F83C31FE2B40F0D3
:102420004F830923A4F8EE6084F83C3138E46C68EB
:10243000D4F8A03013F0080240F0E18043F0080324
:10244000A968C4F8A03094F8F030C9780133A4F832
:10245000EE2084F8381184F8F030AB8984E51B2A2B
:102460007FF610AC15E42E2384F8B130CE4B53F830
:102470002930002B90D098476C688146D4F81831E9
:102480000133C4F81831D4F81C3143F10003C4F807
:102490001C3100287FF49AABAB8965E56C684FF07E
:1024A0000809FFF793BB9A0740F1F98094F83C3193
:1024B000FE2B40F0058394F8F330A4F8EE6043F06F
:1024C000010384F8F3300C2384F83C31FFF7E8BBB8
:1024D00094F8B230133B0B2B07D8DFE803F0640607
:1024E00006063E71060606060631686801230021CD
:1024F00090F8B120A030F8F729F8002800F0A68065
:1025000068680123042190F8B220A030F8F71EF883
:10251000002840F09B806C6894F8E020002A00F0CE
:10252000958094F83C21FE2A40F0CA821223A4F838
:10253000E80084F83C31012384F8EC30FFF7B0BBAD
:1025400094F83C31FE2B40F0BB82062384F83C31EA
:102550000023A4F8EE30FFF7A3BB94F84221072A2A
:1025600040F2E081686890F84221A2F10803DBB2F2
:10257000032B40F2C8816C6894F842310B2B7FF634
:102580008FAB0C2B40F0A38294F83C210023FE2A51
:1025900084F8423140F09482A4F8EE30042384F8A9
:1025A0003C31FFF77DBB94F83C31FE2B40F0888234
:1025B0000B2384F83C310023A4F8EE30FFF770BB06
:1025C00094F81833012B00F0F180022B7FF468ABF4
:1025D00094F8F220002A00F0BC81062284F83E2103
:1025E00094F83C21FE2A40F06B8284F83C310023B1
:1025F000A4F8EE30002384F81833FFF751BB4FF0F6
:102600000109FFF7E3BAD4F818314FF0010901339B
:10261000C4F81831D4F81C3143F10003C4F81C315C
:10262000FFF7D4BAEB696C68002B59D0012384F80A
:102630002E33D4F818310133C4F81831D4F81C31D2
:1026400043F10003C4F81C31AB898DE46C6894F845
:10265000B1200B2A64D0B9F1000F7FF421AB04F153
:10266000A00001234946F7F771FF002800F0BF8062
:102670006C6894F85B31002B00F0808194F83C3159
:10268000FE2B40F01D820E23A4F8E89084F85B91A5
:1026900084F83C31012384F8EC30FFF701BB580784
:1026A0000BD594F83C31FE2B40F00A821323A4F89A
:1026B000EE6084F83C31FFF7F3BA190749D594F876
:1026C000383184F83E3194F83C31FE2B40F0F881EB
:1026D000072384F83C310023A4F8EE30FFF7E0BA7A
:1026E000D4F8A03013F0080240F0998043F00803BA
:1026F00084F83891A4F8EE20C4F8A030D4F818314A
:102700000133C4F8183194F8F03003F1010384F870
:10271000F030D4F81C3143F10003C4F81C31BBE69F
:1027200094F8393184F83E3194F83C31FE2B40F076
:10273000C781072384F83C310023A4F8E830012343
:1027400084F8EC30FFF7ACBA4FF459613120F3F75D
:1027500077FD1A067AD594F83C31FE2B40F0B08113
:102760001B2384F83C310023A4F8EE30FFF798BA1D
:10277000B4F89002EA8A904204D20B460132121A4F
:1027800092B297E4002384F8923294F87B30002BC5
:1027900040F0DA80636F0122002B7FF496AC94F84E
:1027A000B530FFF7A3BA00BFA800002194F87C92CF
:1027B000B9F1000F7FF474AA04F5907304F5287141
:1027C00004F219304A46F7F7D5FD6C6894F83C31AD
:1027D000FE2B40F0758105234E46A4F8EE9084F858
:1027E000189384F83C31FFF75BBAFEF727FF68685F
:1027F0000123002190F8B120A030F7F7A7FE6C6804
:1028000000283FF44DAA94F82C33002B3FF448AA3B
:1028100094F83C31FE2B40F05381FF238AE7D4F833
:1028200018310133C4F81831D4F81C3143F10003D6
:10283000C4F81C312B7D18073FF596AC0126FFF735
:102840002FBA40F61A313120F3F7FAFC13F0300FAB
:1028500029D094F84B3133BB94F84A31EBB194F85A
:10286000B23004F5A57104F23632272B00F0268130
:1028700094F8B130A3F12700434243412046F9F7D1
:10288000B1FF6A68D2F8A03023F0200343F01003B0
:10289000C2F8A030002382F84A316868D0F8A0302E
:1028A000D90600F1DD806C6894F8B230242B0FD08B
:1028B0002F2B7FF41AAE94F83C31FE2B40F00081B0
:1028C000112384F83C310023A4F8EE30FFF7E8B977
:1028D00094F85431022B09D094F85431012B7FF431
:1028E00004AE94F85531002B7FF4FFAD94F83C31E1
:1028F000FE2B40F0E580172384F83C310023A4F838
:10290000EE30FFF7CDB9C3F1040302F59672D9B2E8
:102910001044F3F7DFFE6A6892F84231034482F80C
:10292000423128E602F10803C2F10802DBB2D1B25B
:1029300003F52873E018F3F7CDFE6A6892F8423188
:10294000034482F842310DE694F8B5300122FFF7D6
:10295000CDB994F8023194F83C1113F0040F40F211
:102960000633A4F83A3114BF11230D23FE2940F099
:10297000A78084F83C31A4F8EE203BE694F85A3165
:10298000CBB194F8F3309A0715D194F83C21FE2A84
:1029900040F0968043F001034E46A4F8E89084F896
:1029A000F3300C2384F85A9184F83C31012384F8E5
:1029B000EC30FFF775B994F84A317BB394F84B319A
:1029C00063BB94F8B23004F5A57104F23632272BBC
:1029D00000F0828094F8B130A3F1270043424341D4
:1029E0002046F9F7FFFE6B6800266C6883F84A61A1
:1029F00094F83C31FE2B63D11423A4F8E86084F8EA
:102A00003C31012384F8EC30B4F84E30A4F83E3168
:102A1000B4F85230A4F84031FFF742B994F8542189
:102A2000012AD3B27FF4E3AE94F85521002A7FF453
:102A3000DEAE94F8B22004F1A0000B21F7F786FD7A
:102A400000287FF4D4AE686890F86E104B1E072BF8
:102A500000F2C480DFE803F0B74DC242C2C2C242F6
:102A6000F9F72CFF696891F86430012B1CD102231F
:102A700081F864306C68B4F84E30A4F83E31B4F894
:102A80005230A4F8403194F83C31FE2B18D1152374
:102A9000002684F83C31A4F8EE60FFF701B940F25B
:102AA000EA713120F3F7CCFB0B4601F5D17231F816
:102AB000300BF9F783FFDDE7FEF71CF90123DDE6B4
:102AC000FEF714FA40F6A7413120F3F7B9FB40F6C0
:102AD00052013120F3F7B4FB012381E790F86F3006
:102AE000013B072B7AD8DFE803F06964790F797925
:102AF000790F90F86F30013B072B6FD8DFE803F0B8
:102B000050476E2D6E6E6E2D90F85631042B28D0E6
:102B100090F8B2200123A0300321F7F717FD002819
:102B20007FF465AE68680123022190F8B220A030DE
:102B3000F7F70CFD00287FF45AAE6C6894F83C213E
:102B4000FE2ABDD116230646A4F8E80084F83C31DD
:102B5000012384F8EC30FFF7A3B890F85631022B2C
:102B6000D6D190F85731042BD2D1B0F8A83000F567
:102B70004D72B0F85801F7F70DFF00283FF435AE5D
:102B80006C682923002684F8B130FFF789B890F8E3
:102B90005631022BBCD190F85731022BB8D1E4E763
:102BA00090F85631022BB3D190F85731012BAFD1A9
:102BB000DBE790F85631042BEDD0A9E790F85631B9
:102BC000042BF1D0A4E790F86F30013B072B05D818
:102BD000DFE803F0130E04090404040940F2C221E3
:102BE0000620F3F72DFB90F85631012B90D1B8E772
:102BF00090F85631012BCED08AE790F85631012B50
:102C000086D1D1E738B54C4DD5E90143187994F810
:102C1000B12017280FD80D280BD90E38092808D84D
:102C2000DFE800F0050707072A073D075213042ACB
:102C300061D0002038BDFF28FBD1EB69002BF8D014
:102C40000123002084F82E3338BD94F8B230252BB0
:102C5000EFD194F8F0300020013B84F8B2005BB271
:102C6000834284F8F03065DB94F85431012B5DD059
:102C7000002384F85431DCE7112ADAD10123092139
:102C800004F1A000F7F762FC0028D2D06B680022A4
:102C900083F8E02083F8EC2083F8B120C9E71F2AED
:102CA000C7D194F80231002294F8641023F0200375
:102CB00084F8B120012984F8EC2084F802312CD169
:102CC000022384F86430B4E7232A01D02E2AB0D13D
:102CD00094F8B2200023242A84F8B13084F8EC3030
:102CE000A7D094F803311A2023F0090384F80331A4
:102CF000FEF7A4FC9DE7002321881A250522A4F8ED
:102D0000F61104F5F570214684F8B13084F8EC3002
:102D100084F8F451F9F73EFD8BE72146234604F58C
:102D2000D17231F8300BF9F749FE82E7FEF786FCE5
:102D30006C689DE7FDF7DEFF00160021F4F7E4BAAA
:102D40000020024BD8615862704700BF0016002176
:102D500021490020214B224A10B4C861486281F801
:102D60002000204C20492148C3E901142049186063
:102D7000996220492048D960204998611963204907
:102D8000204CD96420482149DC62214CC3E9111050
:102D900020491C62D961204C204821495C6358625B
:102DA000204C2148214B91602149D4615062214C33
:102DB0002148D16213612149214B54615064214C57
:102DC0005163936120482149214B14639363C2E905
:102DD000120110BC704700BF00160021A80000219E
:102DE00040010021CD130101611301017D12010198
:102DF000591001016D0901012D0D01018908010121
:102E0000291001011508010135080101A916010168
:102E100015120101052C0101191A01018D11010181
:102E200065080101810E0101450E0101ED0D010151
:102E3000190E0101C90D0101850D0101610D01018D
:102E400011110101C10F0101910F0101010D0101DA
:102E5000610F010170B50346984C0125002282B034
:102E60002570008883F89352A281636022752276D0
:102E7000F4F7E6FA002800F019816368064618881E
:102E8000F4F77EFE63681888F4F7A8FE6168B1F86D
:102E90008A32002B79D091F83C01FE2866D0FDF7EC
:102EA0002DFE616891F89532002B76D00023E382E5
:102EB000B1F88E22B1F89032551EADB22B44A1F874
:102EC0009032B1F8E2302B44A1F8E23091F8B730FB
:102ED000002B00F09180D1F8D4302B44C1F8D430CD
:102EE000B1F88A32012B61D915B1002381F89C32E7
:102EF000002301F1A00081F89232F8F745F8054669
:102F0000002840F0CE80606890F8B220A2F10C0159
:102F1000012958D9272A7ED1B0F8A820B0F8341357
:102F2000521A120440F1938030460CF0C1FF6368DE
:102F3000002842D183F896026149624B0091624AAF
:102F400094E80300F5F798FA616A19B194F828003B
:102F50000AF0F0FE60680123052190F8B220A0304D
:102F6000F7F7F4FA00287CD102B070BD91F848312F
:102F7000002B97D091F8B32001F1A0002B462946F1
:102F8000F7F7E4FA002871D0616891F83C01FE2857
:102F900085D191F89532002B88D191F808324BB940
:102FA0004A8D8B8B9A4206D9E28281E70133A1F8E0
:102FB0008A3299E78B8BE3827AE793F89632002B7B
:102FC000BAD002B070BDB0F83413B0F8A820521ACD
:102FD0001104A9D4D0F836230321C0F8BA2090F800
:102FE0003A2380F8BE20F6F7F9FF636883F8B25001
:102FF000FF2283F80A2197E791F8B22001F1A0009F
:1030000001230621F7F7A2FA6168B1F88E220028A1
:103010003FF466AF5FE790F8B120272A01D0292A54
:1030200082D1B0F8A820B0F83413521A13043FF537
:103030007BAF002280F8B120FEF766FB0146002836
:103040007FF472AF02B0BDE87040FEF75DBD80F85E
:10305000B250FEF759FB63680146F8B183F854514A
:1030600062E702B0BDE87040F5F700BA636893F814
:103070004921A3F8E60083F83E2193F83C21FE2A7B
:1030800019D1A3F8E80083F89202022083F8EC50EB
:1030900083F83C01FDF732FD616803E783F85401D2
:1030A000D0E740F6E1313120F3F7CAF840F69A3123
:1030B0003120F3F7C5F8FDF719FF00BF0016002116
:1030C000091B010101140101250A0101054B5B687F
:1030D00093F896320BB9F5F7CFBB00210846FEF7FF
:1030E00013BD00BF00160021024BD869003818BF7D
:1030F0000120704700160021002290F89312A0F8DA
:10310000B12080F8B52011B10221FDF7BDB903212E
:10311000FDF7BAB910B50446D0F83C03636998428C
:1031200004D1D4F84023E3699A4210D02388A4F84C
:103130000C32F7F783FCD4F84033A4F80E020622D1
:10314000214604F50070C4F81032F9F723FB022180
:103150002046F6F743FF0022032384F8B22084F8C8
:10316000B53010BD10B4064A064C0748074B084955
:10317000C2E91440074A10BCC3E91412704700BFEB
:10318000A800002149140101691A01014001002130
:10319000B1100101F90E010110B4064A064C0748AE
:1031A0009465074B07491066074A10BCC3E916121D
:1031B000704700BFA800002149150101B91701019E
:1031C00040010021E1100101390F01014FF4637149
:1031D000322008B5F3F734F8044A0023A2F8C230CD
:1031E00082F8783082F8C430704700BF3016002172
:1031F00010B5044C20460AF0D1FD08B97F23237096
:10320000012010BD1E000021F8B50546514C0023D9
:10321000D4F8D000032D038036D0052D41D04E497F
:10322000F8F7B0F894F89B10D4F8D000F8F7C0F88D
:1032300094F8853094F849705BB194F85830032BBA
:1032400028D094F88000F6F7CBFD064608B1012798
:1032500000E0424E3146D4F8D000F8F783F8394602
:10326000D4F8D000F8F796F8D4F8D0000AF0E0FCD3
:10327000052D00D0F8BD636D3268C3F80A20B2880E
:10328000DA81636D5F72F8BD2946F8F745F8D4F826
:10329000D000C4E794F85130002BD2D094F88300CA
:1032A000D1E72946F8F738F8636DD4F8D0609B6908
:1032B000C6F80F30626D136AF374190A1B0C31756E
:1032C00073755169108DF7F7F7FBB075636DD4F81E
:1032D000D0705969586AF7F70DFCF875030AD4F8ED
:1032E000D0603B76636D5869F7F7A8FB7076030AE8
:1032F000B376636DD4F8D0609A8BF276120A327787
:10330000DA8B7277120AB277D3F8BA20C6F81F2088
:1033100093F8BE2096F8243086F82320616D23F0C0
:103320001F0291F8C53003F01F03134386F82430C1
:1033300009F0F4FC072896F8242028BF072002F0A3
:103340001F02C3B2D4F8D00042EA431386F82430F7
:1033500065E700BF30160021C41600217A1600214F
:1033600010B5F4F781FA0446F4F788FA01462046CE
:1033700089B20CF04AFE48B10AF05AFC00200AF06B
:10338000B7FC054B062283F8782010BD40F2F351BC
:103390003220F2F755FF00BF3016002138B5124D2C
:1033A000FF2095F8C1100AF067F8F4F75DFA0446BB
:1033B000F4F764FA0146204689B20CF026FE68B1A3
:1033C0000AF036FC95F8C10010F00C0018BF282058
:1033D0000AF08EFC092385F8783038BD40F21E6172
:1033E0003220F2F72DFF00BF3016002170B50646DF
:1033F000F4F73AFA0446F4F741FA0146204689B256
:103400000CF003FE00283FD0314C94F85830013BBB
:10341000022B43D8DEB994F87830042B48D994F8BD
:1034200078300A2B3FD894F87810D4F8D420294B60
:1034300092690B4452F8233098470E2829D8D4F8C3
:10344000D4301B69BDE8704053F82030184705465A
:10345000F8F7D6F920B92846F8F722FA0028DAD08A
:1034600094F87830042B28D994F878300A2B29D88E
:1034700094F878102846D4F8D420164B52690B449F
:1034800052F823309847D8E741F204513220F2F73E
:10349000D7FE41F21F513220F2F7D2FE41F20A511B
:1034A0003220F2F7CDFE41F2FB413220F2F7C8FEA6
:1034B00041F2FA413220F2F7C3FE41F28E4132204E
:1034C000F2F7BEFE41F28F413220F2F7B9FE00BFA3
:1034D00030160021FBFFFF3FF0B54B4C83B0277A3D
:1034E000002F40F08780636D0546A7720E461A884C
:1034F0005869A281F7F7A2FA636D60849A8BDB8B1F
:10350000A28484F82870E384002D47D16946D4F85A
:10351000D000F7F72FFFD4F8D0306A461B78C3F3FA
:10352000801394F8851009B1002B5DD194F85D10DB
:1035300009B1002B4DD10023344AC4F816309380D2
:1035400094F88100FF2831D0314A511EF6F7ECFA89
:10355000002854D0E37B43F00203E373002D32D103
:103560002C4B18682C4AE0619B889380636D0F2276
:1035700094F85E00002183F872002348F9F70AF9F5
:10358000636D04220021188893F8B930A08623487F
:1035900084F83630F9F7FEF803B0F0BD012130466B
:1035A000F8F726F833780246DB09BAE7194B002210
:1035B00094F89B10E261E17323F8742C93E8030004
:1035C0002061A182D2E700213046F8F711F80346C6
:1035D000C7E7537913F0C00FADD111680B4BC4F896
:1035E000161092889A80ABE7517901F0C00140290A
:1035F0009CD1F2E741F22E513220F2F721FE41F246
:1036000059513220F2F71CFE3016002146160021D7
:1036100040160021C41600214C1600215A16002124
:1036200010B5054C20460AF0B9FB08B97F2323707A
:1036300003F01EF8012010BD1E000021024B0322E2
:1036400083F8782005F088BA301600214FF48261A3
:10365000322008B5F2F7F4FD70B505788CB02D4C2A
:1036600005F00F0503A92A4603F020FC049B94F8FB
:103670009420197891420BD0274C0AF0AFF92046DC
:103680000AF08CFB08B97F23237005200CB070BDB5
:10369000597894F895209142EED1997894F8962033
:1036A0009142E9D1D97894F897209142E4D11979DF
:1036B00094F898209142DFD15A7994F899309A423F
:1036C000DAD19DF81D2094F89B309A42D4D1124E45
:1036D0000AF084F930460AF061FB28B97F23042DF3
:1036E0003370D2D1FFF7B2FF042DCED196F900305E
:1036F0007F2BF7D07F22009303A894F89A30327082
:1037000094F8811094F8B02003F0A6F805200CB0CE
:1037100070BD00BF301600211E0000212DE9F04FC2
:10372000054685B006290BD8DFE801F07920100A9C
:103730000A0A0400C44C94F88A30002B40F09480AC
:103740000AF04CF9052005B0BDE8F08F0AF046F903
:10375000BD4A92F88A302BB192F85830013B012BC8
:1037600040F2DB80052005B0BDE8F08FB64C90F844
:10377000129094F88570B9F1010F94F88A8087F05F
:10378000010700F090804FF0000994F85830CA46C5
:10379000032B00F0B88094F880B05846F6F7ACF9E7
:1037A000064650B15846F5F7B1FB002818BF07464A
:1037B000BAF1000F40F04E81564694F849A05246A7
:1037C00094F85830032B76D16B6894F86110187810
:1037D000884200F04B814FF0000994F88030082BAC
:1037E00005D094F88310994208BF4FF00109002ECC
:1037F00040F09180002F40F0CC80B8F1000F9FD0B6
:1038000094F85A30012B04D0002B99D1B9F1000F54
:1038100096D0002F94D00C2005B0BDE8F08F8A4CD4
:1038200094F88A30002B8BD094F85830022B00F09B
:10383000D280012B00F04381032B40F05A81436872
:1038400094F86120197891427ED094F85A30012B77
:10385000E1D094F88330082B3FF472AF94F88020C5
:103860009A427FF46DAFD6E794F85830022B00F0FF
:103870009880012B7FF464AF744B93F900207F2A6A
:1038800000F035817F21029294F89A5004F14A02A7
:103890001970FF2394F88110CDE90015062102F07C
:1038A0001FFF05204FE783685B7903F0C003402BBF
:1038B0007FF469AF69E70AF091F8B8F1000F3FF4BF
:1038C00051AFAB68AA7C624994F84900F4F7FAF961
:1038D00010B9002E00F099805C4991F900307F2BDF
:1038E00000F005810293284694F89A20534694F8F4
:1038F0008140019200947F24554A0C70012102F00E
:10390000EFFE05201FE794F85130002B3FF443AF42
:1039100094F883B041E701276FE74C4B93F900100F
:103920007F2900F0E48002917F2692F881102846DA
:1039300092F89A404A321E70FF23CDE9001402210A
:1039400002F0CEFE0520FEE6597894F862209142FE
:103950007FF47BAF997894F8632091427FF475AF40
:10396000D97894F8642091427FF46FAF197994F874
:10397000652091427FF469AF5A7994F866309A4293
:103980007FF463AF427C94F860309A427FF45DAF7D
:1039900041E71046AB68AA7C2D49F4F793F9074636
:1039A0002BE72A4B93F900207F2A00F0A080029297
:1039B0007F2694F89A1094F881201E70FF23CDE999
:1039C000002104F14A02062102F08AFE00230B20A6
:1039D00084F8B030B7E61D4B93F900207F2A00F041
:1039E000868002927F2694F89A1094F881201E70A7
:1039F000FF23CDE9002104F14A02002102F070FE0C
:103A000001230B2084F8B0309DE694F85930023B36
:103A1000012B3FF6A7AEB9F1000F3FF4A3AE0B4B5D
:103A200093F900207F2A62D002927F2694F88110B9
:103A3000284694F89A501E70FE23054ACDE90015D9
:103A4000012102F04DFE8DE6301600211E000021FE
:103A50007A1600213046A968F4F76CF994F84920E9
:103A60000646002841D042F0020AA9E6587894F8A8
:103A7000621088427FF4AFAE987894F86310884261
:103A80007FF4A9AED87894F8641088427FF4A3AE8E
:103A9000187994F8651088427FF49DAE597994F8AE
:103AA000663099427FF497AE95F8119094F86030A3
:103AB000A9EB0303D3F1000949EB03098DE60F4B92
:103AC00093F900207F2A12D07F21029294F89A5015
:103AD00004F14A021970FF2394F88110CDE9001512
:103AE000002102F0FDFD05202DE6924668E6FFF775
:103AF000ADFD40F6DB613220F2F7A2FB1E00002193
:103B0000164B10B593F9002084B07F2A23D07F2470
:103B10001C70134B93F87840052C15D093F878401F
:103B2000082C0CBF03240124039493F88140CDE9B1
:103B3000014293F89A400B4A93F8C130009402F086
:103B400071FF18B904B010BD0024EDE704B0BDE862
:103B5000104002F04FBDFFF779FD00BF1E000021AD
:103B6000301600217A1600210F4B10B593F87820FB
:103B7000052A0FD993F878200A2A10D893F87810DC
:103B8000D3F8D420094BD2680B44BDE8104052F85A
:103B90002330184741F2FA513220F2F751FB41F23B
:103BA000FB513220F2F74CFB30160021FBFFFF3FA8
:103BB000F8B51B4C05461B4A0E4694F88230D75C7C
:103BC000384609F09BFD94F8A43084F89A701C44A0
:103BD00094F8C640631E072B1DD8DFE803F0141AC3
:103BE0001C041C1C1C040F20214609F045FC304617
:103BF0000AF01EF8214601203DB10AF0ABFC003866
:103C000018BF0120F8BD2520EEE70AF0A3FB012034
:103C1000F8BD0D20E8E740F6D4013220F2F710FBA2
:103C200030160021D4B302012DE9F041234C0646A1
:103C30000D4694F8C4305F2B25D85A09204B134405
:103C40001F7994F8C200C0F3050800F03F0009F0A6
:103C500055FD84F89A80C6B1394601200AF07AFCF5
:103C600078B194F8C5303946022B0CBF4020FF20B4
:103C700009F002FC94F8B0306BB1284609F0D8FF87
:103C80000120BDE8F0810027DBE73A46E16F012023
:103C900009F03AFDE5E7681DF6F766F884F8840058
:103CA0000028EAD017F00C0F14BF5524502409F057
:103CB000A7F820460AF058F8DFE700BF30160021C9
:103CC000D4B30201F8B53E4C054694F8C4305F2BDE
:103CD0002AD85A093B4B13441E79E36F7BB1F3F7A3
:103CE000C3FD0746F3F7CAFD0146384689B20CF01A
:103CF0008CF9014600285ED00020FFF795FFD4F82C
:103D0000A00009F0CBFF94F85830022B32D0032BDF
:103D10000CD0F5B140F20113A4F8B130002384F8BF
:103D2000C16084F88830F8BD0026D6E794F8C53025
:103D3000012BEED116F00C0F2BD094F85F30012B35
:103D400014BF32460422002108460AF039F8002D3B
:103D5000E0D194F8C530022B13D0012B1BD0002BDF
:103D6000DCD102F0F5FD84F8B10002F015FB84F817
:103D7000B200D3E794F8C530022BDBD0002DC9D1B7
:103D8000EBE70023A4F8B15084F8C16084F88830D0
:103D9000F8BD3246D7E794F8C1304FF00002A3F1E6
:103DA0000203B3FA83F35B0963F3070263F30F22A1
:103DB000A4F8B120B2E740F2B3513220F2F740FA52
:103DC00030160021D4B3020138B5324C002294F8E9
:103DD0005C3084F8B02013B994F8853083B16FF06B
:103DE0000043D4E92A129A4208BFB1F1FF3F07D03D
:103DF000EDF7B4FED4E92A23904271EB030303D21A
:103E0000022384F8783038BDF5F7E4FD0546EDF778
:103E1000A5FE6B01EA0E5B1B62F10002520242EA50
:103E2000D3525B025B1942F1000C9A014FEA8C1EDF
:103E3000D21A4EEA936E6EEB0C0C53194CF1000241
:103E40001B1894F8850042EB0101C4E92A3180B9BE
:103E500094F85D30002BD3D094F85C30002BCFD099
:103E600094F84950012D08D001210B48F3F7CCFFFD
:103E7000C6E70120F5F78AFFEAE794F84F3003F030
:103E8000C003402BF0D1F5F7A7FF2A460249F3F70C
:103E900085FFB5E7301600217A16002138B50546B2
:103EA0000C4608F007FF420704D4A37803F0E003B0
:103EB000402B0DD008F0FEFE830704D4A37803F056
:103EC000E003202B04D0237803F03F03242B01D9F7
:103ED000002038BD09F0A6FA94F90030A178002B33
:103EE000627801F01F03ACBF4FF01E0C4FF4967CBC
:103EF00042EA03230CFB03F31A1AB2F5877FE7D3D8
:103F00009842E5D8054B2846228883F8C410A3F8C8
:103F1000C220BDE8384004F0C1BC00BF301600210B
:103F200070B52A4C84B094F88A305BB394F8B03002
:103F3000054633B90378002B0CBF0123022384F814
:103F4000B03094F87830082BDAB22FD0092A14BF99
:103F5000012602261E4B93F900207F2A34D02846E2
:103F6000CDE9022694F88120019294F89A200092DB
:103F70007F221A7094F8C130164A02F053FD28B916
:103F8000022E15D10025284604B070BD687810F0C7
:103F9000100013D0A9690220FFF780FF054638B151
:103FA000002384F8C53009F019FDECE70326D1E7BA
:103FB000002502F05DFB284604B070BD054602F006
:103FC00019FB284604B070BDFFF740FB30160021F6
:103FD0001E0000217A16002130B51C4D8BB004461E
:103FE000284609F0DBFE08B97F232B70237803F005
:103FF0000F03072B02D001200BB030BD204601A9D2
:1040000003F072F800229DF804300392002BF2D1E5
:104010009DF80530DB07EED50D4C02999DF8150093
:1040200004F1940394F89B20F3F74CFE0028E2D0AF
:10403000012104F18C000EF0B7F9FF2101A8FFF770
:104040006FFF0028D7D00320D6E700BF1E00002155
:10405000301600212DE9F041454D8AB0044628462E
:1040600009F09CFE08B97F232B70237803F00F031F
:10407000082B04D0012528460AB0BDE8F08101A92B
:10408000204602F047FF9DF80450002DF2D19DF824
:10409000053003F00303032BECD1364E96F8513074
:1040A00083B396F8838096F8843073BB0027324B35
:1040B00096F89B2002999DF81500F3F703FE08B9C6
:1040C000002FD7D096F8853096F84970002B3ED156
:1040D0002A4B9DF816000399012822D03A46F3F79F
:1040E000F1FD0028C6D0012125480EF05DF996F8B3
:1040F0008430A3BB21460120FFF7EEF9032004F032
:1041000079FFB8E796F88080CDE7F5F749FDFF28FD
:10411000CCD0A0EB080786F88100B7FA87F77F09B3
:10412000C5E74A7902F0C002402AD7D13A46F3F7F0
:10413000C9FD0028D7D1B8F1FF0F9BD04046F5F755
:10414000DBFC002896D00399F3F7F4FDC9E740465D
:10415000F5F746FE03460028BAD00127B9E709F073
:104160000FFE08F069FE002386F88430C2E700BF26
:104170001E00002130160021C41600217A160021ED
:10418000BC1600212DE9F04F374F83B0847C0646E2
:1041900097F885808A46012C9346994688F0010855
:1041A00049D0002497F884502346F5B197F8582059
:1041B000032A47D072680AB397F88050FF2D23D0A6
:1041C000082D21D028460193F4F7A0FE019B00287A
:1041D00018BF80466BB397F88930002B39D0F5F7BC
:1041E000E9FC0023054687F889308BF800508AF8EF
:1041F000004089F8008003B0BDE8F08F019302F021
:10420000A7FB019B0028D7D19BB197F8881081B9F3
:10421000B0680191F5F7A6FC054687F884000028F0
:10422000E3D0F5F7BDFCFF2801991AD087F880008C
:10423000DBE70025D9E783685B7903F0C003402BF7
:10424000AFD1AFE797F85120002AB3D097F8835049
:10425000B4E72846F5F750FCB168F3F76BFD054667
:10426000C3E70D46C1E700BF3016002110B5054C6D
:10427000204609F093FD08B97F23237009F0AEFBB7
:10428000052010BD1E00002110B5044C204609F089
:1042900085FD08B97F232370012010BD1E00002179
:1042A00070B5654D04460E4695F87830012B03D95C
:1042B000DAB2032A40F09A80237B85F8A4302B449D
:1042C000A26893F8C630EA6785F8C1302368C5F85C
:1042D000A0302379022B5CD1637B002B40F08880D7
:1042E0002379012B2CD037D895F88230534A0133EB
:1042F00095F85010A2FB030C0CF4FF7000EB5C006F
:104300001B1A41FA03FCD8B21CF0010F16D101337D
:10431000A2FB030C2CF0010000EB5C001B1A41FA1D
:1043200003FCD8B21CF0010F08D10133A2FB030239
:1043300022F0010000EB52029B1AD8B285F88200ED
:1043400095F95E0009F0C4F931460120FFF730FC11
:10435000002860D1002070BD9A1E012A07D895F967
:104360005E0009F0B5F9042385F878302379022B33
:1043700005D095F85130002B51D1F5F72FFC304B7B
:10438000D3F85035032BE5D140F661213220F1F707
:1043900057FF09F0F7F809F0F3FC08F04DFD09F0BC
:1043A0008FF9284809F02EFC274809F025FC2748FA
:1043B00009F09AF995F870304BB30220F0F71EFC23
:1043C0002379032B05D0304609F032FC2379032BE7
:1043D00082D1EB6F5BBB31460120FFF725FC002843
:1043E000B8D0637B002B3FF47BAF01E00C2070BDA5
:1043F00095F86D30002B7FF473AFA96E00293FF460
:104400006FAF012295F86C00EDF7A6F968E701207F
:10441000F0F7F4FBD4E7FFF7D7FC2379A7E7F5F72C
:1044200063FC074BD3F85035032B93D1ACE740F630
:104430002E213220F1F704FF30160021ABAAAAAAE0
:10444000008000410803002155555500D6BE898ED5
:1044500038B51B4C0E2094F8C11009F00DF8F3F795
:1044600003FA0546F3F70AFA0146284689B20BF02B
:10447000CCFD00B3054609F0DBFB94F8C10010F059
:104480000C0018BF282009F033FC681D94F8C150B7
:10449000F5F76AFC84F8840048B115F00C0F14BFDE
:1044A0005525502508F0ACFC284609F05DFC0A2390
:1044B00084F8783038BD40F207613220F1F7C0FE51
:1044C0003016002110B50C4C94F884305BB90023F1
:1044D00001210A4AA4F8C23084F878109370BDE82C
:1044E000104004F05BBD09F04BFC08F0A5FC002374
:1044F00084F88430EBE700BF30160021F21600216B
:1045000010B50D4C204609F049FC08B97F232370F3
:104510000A4C94F884301BB909F060FA052010BDEC
:1045200009F02EFC08F088FC002384F8843009F0A0
:1045300055FA052010BD00BF1E00002130160021D5
:1045400010B50E4C94F884307BB900200C4BD4F895
:10455000D010A4F8C200987084F87800FEF7BCFF71
:104560000220BDE8104004F045BD09F009FC08F048
:1045700063FC002384F88430E7E700BF3016002195
:10458000F216002110B50C4C94F884305BB900236E
:1045900001210A4AA4F8C23084F878109370BDE86B
:1045A000104004F0FBBC09F0EBFB08F045FC0023D5
:1045B00084F88430EBE700BF30160021F2160021AA
:1045C00010B50F4C204609F0E9FB08B97F23237092
:1045D0000C4C94F884305BB9002301210A4AA4F8FA
:1045E000C23084F878109370BDE8104004F0D6BC57
:1045F00009F0C6FB08F020FC002384F88430EBE7C8
:104600001E00002130160021F216002110B5104CBA
:1046100002F02EF8204609F0C1FB08B97F23237071
:104620000C4C94F884305BB9002301210A4AA4F8A9
:10463000C23084F878109370BDE8104004F0AEBC2E
:1046400009F09EFB08F0F8FB002384F88430EBE7C8
:104650001E00002130160021F216002110B5124C68
:10466000204609F09BFB08B97F2323700F4C0021E3
:1046700004F18C000DF098FE94F884305BB90023AF
:1046800001210B4AA4F8C23084F878109370BDE879
:10469000104004F083BC09F073FB08F0CDFB00234D
:1046A00084F88430EBE700BF1E00002130160021A3
:1046B000F216002110B5124C204609F06FFB08B924
:1046C0007F2323700F4C002104F18C000DF06CFE51
:1046D00094F884305BB9002301210B4AA4F8C2305E
:1046E00084F878109370BDE8104004F057BC09F0CE
:1046F00047FB08F0A1FB002384F88430EBE700BF00
:104700001E00002130160021F216002170B5534C16
:1047100005460E4694F87830012B02D9DAB2032A06
:104720007AD12B7B84F8A4302344AA6893F8C6304E
:10473000E26784F8C1302B68C4F8A0302B79022BD3
:104740001AD16B7B002B6BD194F95E0008F0C0FF8F
:1047500031460120FFF72CFA60B1FFF735FB94F8E2
:104760005130002B69D0F5F7BFFA3D4BD3F85035E7
:10477000032B6ED0002070BD08F004FF09F000FB91
:1047800008F05AFB08F09CFF364809F03BFA36481F
:1047900009F032FA354808F0A7FF94F87030002B82
:1047A0004ED00220F0F72AFA2B79032B36D0304670
:1047B00009F03EFA6B7B9BBB2B79032B44D0002B7B
:1047C000C2D194F882302A4A013394F85010A2FBE7
:1047D000030505F4FF7000EB55001B1A41FA03F5C1
:1047E000D8B2ED0715D40133A2FB030525F0010073
:1047F00000EB55001B1A41FA03F5D8B2E90708D4BB
:104800000133A2FB030222F0010000EB52029B1ACB
:10481000D8B284F8820097E70C2070BD6B7B9BB107
:1048200094F86D30002BC7D1A16E0029C4D00122AD
:1048300094F86C00ECF790FFBEE7F5F7CFF994E73A
:104840000120F0F7DBF9AFE740F604213220F1F761
:10485000F7FC40F616213220F1F7F2FC3016002169
:10486000008000410803002155555500D6BE898EB1
:10487000ABAAAAAA38B5052004F010F850B1114C23
:104880000121002094F8C12009F09AFA0D2384F840
:10489000783038BD0B4D95F884305BB90023012189
:1048A000094AA5F8C23085F878109370BDE8384001
:1048B00004F074BB044609F063FA08F0BDFA85F809
:1048C0008440EBE730160021F216002138B50320B2
:1048D00003F0E4FF60B10320FEF796FC0122002004
:1048E000114609F06DFA0E4B0B2283F8782038BD83
:1048F0000B4D95F884305BB900230121094AA5F8D6
:10490000C23085F878109370BDE8384004F046BB9B
:10491000044609F035FA08F08FFA85F88440EBE791
:1049200030160021F216002138B5F2F79DFF04463B
:10493000F2F7A4FF0146204689B20BF066FB00287F
:104940003CD00446062003F0A9FF0546F8B11E4DF1
:104950000E23012085F8783004F04CFB95F8C12037
:104960000121002009F02CFA23780520C3F340131D
:1049700085F89C30FEF748FC6B6D0121D5F8D020FE
:1049800083F8B910137823F02003137038BD0E4C50
:1049900094F884305BB9002301210C4AA4F8C2309A
:1049A00084F878109370BDE8384004F0F7BA09F045
:1049B000E7F908F041FA84F88450ECE74FF4D1614C
:1049C0003220F1F73DFC00BF30160021F216002125
:1049D00038B5F2F749FF0446F2F750FF014620468A
:1049E00089B20BF012FB00283ED00446042003F0ED
:1049F00055FF054608B31F4D0C23002085F878307D
:104A000004F0F8FA23780520C3F3401385F89C30AE
:104A1000FEF7FAFB686DD5F8D04090F8B9202378FE
:104A2000510123F0200301F020010B43237095F87E
:104A30009C301A4080F8B92038BD0E4C94F8843070
:104A40005BB9002301210C4AA4F8C23084F8781025
:104A50009370BDE8384004F0A1BA09F091F908F06C
:104A6000EBF984F88450ECE740F262613220F1F710
:104A7000E7FB00BF30160021F216002110B5B0B9D7
:104A8000A1B11C4B93F878200A2A28D993F87820F2
:104A90000E2A29D893F87810D3F8D420164B9268B0
:104AA0000B44BDE8104052F82330184710BD114C9C
:104AB00094F884305BB900230121104AA4F8C23075
:104AC00084F878109370BDE8104004F067BA09F0DC
:104AD00057F908F0B1F9002384F88430EBE741F28C
:104AE000CC513220F1F7ACFB41F2CD513220F1F73D
:104AF000A7FB00BF30160021F5FFFF3FF216002193
:104B000070B5284C94F8C4305F2B2BD85A09264B2B
:104B100013441D79E36F73B1F2F7A6FE0646F2F770
:104B2000ADFE0146304689B20BF06FFA0146A0B3E4
:104B30000020FFF779F8D4F8A00009F0AFF894F856
:104B40005830022B1DD0032B0ED040F20111002251
:104B5000082384F8C150A4F8B11084F8882084F8A0
:104B6000783070BD0025D5E794F8C530012BECD125
:104B700015F00C0F0AD12A460021084609F020F949
:104B8000E3E794F8C530022BDFD1F1E794F85F300A
:104B9000012B14BF2A460422EEE740F2B351322023
:104BA000F1F74EFB30160021D4B3020170B53B4C37
:104BB00094F8C4305F2B2FD85A09394B13441D7910
:104BC000E36F7BB1F2F750FE0646F2F757FE01465F
:104BD000304689B20BF019FA0146002859D000205E
:104BE000FFF722F8D4F8A00009F058F894F85830EC
:104BF000022B2DD0032B11D094F8C530022B13D0EB
:104C0000012B15D0E3B30022072384F8C15084F8A8
:104C1000882084F8783070BD0025D1E794F8C5303D
:104C2000012B19D0022BEDD10023A4F8B130EAE713
:104C300094F8C1304FF00002A3F10203B3FA83F3FA
:104C40005B0963F3070263F30F22A4F8B120DAE7EC
:104C500094F8C530022BD3D115F00C0F09D12A4698
:104C60000021084609F0ACF894F8C530022BC7D1F2
:104C7000DAE794F85F30012B14BF2A460422EFE7ED
:104C800001F066FE84F8B10001F086FB84F8B20002
:104C9000B9E740F2B3513220F1F7D2FA30160021D1
:104CA000D4B30201F0B583B0F2F7DEFD0446F2F7AB
:104CB000E5FD0146204689B20BF0A7F9002800F077
:104CC00097804E4C054601F0B1FB002094F8A430CB
:104CD000234493F8C67084F8C17003F0DFFD002808
:104CE0004AD094F87830022B2FD1012F20D1E81C24
:104CF000F5F73AF884F8840000284DD194F858303C
:104D0000023B012B06D894F8A430234493F8C62024
:104D1000012A61D000234FF6FF710522A4F880100C
:104D2000C4F8883084F8B03084F8782003B0F0BD3F
:104D3000681DF5F719F884F884000028DED017F014
:104D40000C0F14BF5525502527E094F882302C4ACB
:104D5000D65C304608F0D2FC94F8A43084F89A600F
:104D6000234493F8C660731E072B3AD8DFE803F09C
:104D7000323E391B3939391B94F884300BBB002380
:104D80000121204AA4F8C23084F87810937003B04F
:104D9000BDE8F04004F002B9402508F031F828469B
:104DA00008F0E2FFAAE70F20314608F065FB28462D
:104DB00008F03EFF3146012009F0CCFA012F96D0D1
:104DC000B6E7019008F0DCFF08F036F8019884F8A7
:104DD0008400D4E72520E7E70021084608F0F0FF2B
:104DE00098E740F6D4013220F1F72AFA0D20DBE7EC
:104DF00040F2E1413220F1F723FA00BF30160021E2
:104E0000D4B30201F216002110B5064C204608F07A
:104E1000C5FF08B97F23237008F0E0FDBDE810400E
:104E2000FFF740BF1E00002138B5174C94F86D20E5
:104E30000AB9A16ED9B994F87830012BDAB207D942
:104E4000022A03D1FFF72EFF002038BD0C2038BD09
:104E500094F8843083B900250C4B0122A4F8C25089
:104E60009D7084F8782004F099F8284638BD94F8AD
:104E70006C00ECF771FCDEE708F082FF07F0DCFF66
:104E8000002384F88430E6E730160021F216002172
:104E900038B5234C94F86D200AB9A16E39BB94F84B
:104EA0007830042B39D8DFE803F003031D03120028
:104EB00094F884304BBB00251A4B0122A4F8C25051
:104EC0009D7084F8782004F069F8284638BD94F87D
:104ED000B0508DB92846FEF7F5FE0723284684F822
:104EE000783038BD0025FFF7DDFE284638BD94F840
:104EF0006C00ECF731FCD2E701200025FEF7E2FE62
:104F00000823284684F8783038BD08F039FF07F0C8
:104F100093FF002384F88430CDE70C25E5E700BF3C
:104F200030160021F216002170B5724C8AB0054689
:104F3000204608F033FF08B97F2323702C782846D9
:104F400001A904F00F04224601F0B0FF072C4CD158
:104F50000298002800F084809DF815300022012B73
:104F60008DF8032000F09F80634D95F88000FF28A6
:104F70005FD0F4F721FE8DF80300062C95F8516000
:104F80007DD8002E08BF06465C4B85F88A601B68FA
:104F900023B1002101A8984785F88B00029B4BB1F3
:104FA0009DF8152085F89B201868554AC5F894008F
:104FB0009B889380072CB5F88A3003980AD148B1B2
:104FC00095F8801033B1FF2904D0F4F7BBFE01231C
:104FD00085F88930214601A8FEF7A0FB95F88430BA
:104FE00004469BBB20460AB070BD002302988DF892
:104FF0000330002855D09DF81530012BB4D14379EA
:1050000003F0C003402BAFD13B4D95F88430002B0B
:10501000ABD0F4F7C5FD4FF00003FF2860F30703A2
:1050200060F30F23A5F880304FF0010385F8883036
:105030009FD1344B0DF1030202999DF81500F4F74E
:1050400039F9002852D1A5F88A00C3E708F098FE84
:1050500007F0F2FE0023204685F884300AB070BDC8
:10506000254D0126D5F8B80085F88A600028B1D012
:105070000DF0EBF90028ADD085F88B60AAE7082C7D
:1050800029D8029B002B7FF47CAF9DF80530DB060E
:1050900023D401F05DFC10B395F88A30FBB11E46B5
:1050A00072E7154D69E7437903F0C003402B7FF4A5
:1050B0005BAF114D95F88430002B3FF456AF95F857
:1050C000C1100129A5D1F4F74DFD85F88400002811
:1050D0003FF44BAF9DE7002656E7012654E7002E2C
:1050E0007FF452AFF4F720F806464DE79DF8030031
:1050F00043E700BF1E00002130160021D801002127
:10510000C4160021B01600212DE9F041A64C86B04E
:1051100094F85B305BB194F88A3005466BB12E7819
:10512000012E11D0022E00F0AF80002E42D008F0E8
:1051300055FC052006B0BDE8F08194F88B30002BBB
:10514000F5D02E78012EEDD108F048FC94F8C1304E
:10515000022B6B7800F0C08003F01803182BE8D105
:1051600094F85830032B00F0BD80904B93F9002049
:105170007F2A00F016817F21029294F88120284630
:1051800019700021019294F89A200391FF21009256
:1051900094F8C130864A01F045FC0028C9D0A969BD
:1051A0000120FEF77BFE0028C3D00123032084F8F2
:1051B000C530BFE708F012FC94F85830032BB8D084
:1051C0006B7813F0100FC3F3001714BF08220122ED
:1051D00032EA0303ADD1AB688DF815608DF8166027
:1051E0008DF81760002B00F08F800DF117030DF183
:1051F00015020DF116012846FEF7C4FF9DF8153083
:1052000094F84980002B40F0A680AB684046AA7C09
:105210006749F2F757FD78B994F85930023B012BF2
:1052200087D89DF81630002B83D09DF81530002BC1
:105230007FF47FAF4FF0FE085C4A92F90030002FF8
:1052400065D07F2B00F0AD8002937F2094F88130F1
:1052500000264146019394F89A300396009310700B
:10526000284694F8C130524A01F0DCFB00283FF494
:1052700060AFA9690120FEF711FE00283FF459AF85
:10528000032084F8C56055E708F0A8FB94F858306F
:10529000032B3FF44EAF6B7803F01803182B7FF409
:1052A00048AF424A92F900307F2B7AD00021029316
:1052B00094F88130284603917F21019394F89A3025
:1052C00000931170FF2194F8C130394A01F0AAFB14
:1052D00000283FF42EAFCCE703F01903192B3FF45D
:1052E0003FAF26E76B68002B41D1AB68002B7FF402
:1052F00020AFAB699B7813F0E0032FD194F8863090
:10530000002B7FF432AF14E74FF0FF0894E77F2BB8
:1053100047D07F21117094F87820052A05D094F8A1
:105320007820082A0CBF0326012694F881202846FD
:1053300094F89A50414603960095CDE9012394F8DC
:10534000C1301B4A01F06EFB00283FF4F2AE01F0C1
:1053500051F90520EEE648F002086DE7402B7FF496
:1053600004AF94F88730002B7FF4FFAEE1E6114BD9
:1053700094F8602003F1330194F89B00F2F7A2FC4B
:1053800094F85A30012BB0D0002B7FF4D2AE002815
:10539000ABD194F8802094F883309A427FF4C9AE60
:1053A000A3E7FEF753F900BF301600211E000021CD
:1053B0007A1600219116002170B5AD4D8AB00446D1
:1053C000284608F0EBFC08B97F232B70257820468F
:1053D00001A905F00F0501F087FE072D00F0B1804F
:1053E000002302988DF80330002800F0F3809DF828
:1053F0001530012B00F046819E4C94F88000FF2868
:1054000048D0F4F7D9FB8DF80300062D94F85160CD
:1054100000F2E280002E18BF0120974B84F88A002A
:105420001B6823B1002101A8984784F88B00029BD8
:105430004BB19DF8152084F89B2018688F4AC4F85A
:1054400094009B889380A5F107060398B4F88A30EE
:10545000B6FA86F6760998B396B394F88010002BC6
:1054600000F09E80FF2900F09B80F4F76BFC94F81D
:10547000C1300122013B84F88920072B00F21C81F6
:10548000DFE813F0530058001A0153001A011A0103
:105490001A0153007A4B0DF1030202999DF8150091
:1054A000F3F708FF002840F02281A5F10706039BCF
:1054B000A4F88A00B6FA86F676090BB1002E6FD1F1
:1054C00094F8C130013B072B00F2F680DFE813F0BF
:1054D00013003200F4000800F400F400F4000800A7
:1054E000072D22D0052508F079FA94F8843083B985
:1054F00028460AB070BD062D02D014D8022DF1D86E
:10550000294601A8FEF70AF994F884300546002BD5
:10551000EED008F035FC07F08FFC0023284684F815
:1055200084300AB070BD002EDCD001A8FFF7ECFD7E
:105530000546DAE7002ED5D09DF80430012BD1D1F5
:10554000F3E79DF804204B4C022A94F8C1304ED06A
:10555000012A00F0B680002A42D0029800284FD0DD
:1055600000238DF803309DF81530012B7FF445AFF3
:10557000437903F0C003402B7FF43FAF94F88430AD
:10558000002B3FF43AAF94F8C110012940F0868017
:10559000F4F7E8FA84F8840000283FF42EAF7DE0A9
:1055A00094F8C130013B072B00F2868001A252F82B
:1055B00023F000BFF754010139550101B95601012B
:1055C0002B550101B9560101B9560101B956010126
:1055D0002B550101274C18E7082D35D900201CE771
:1055E00013F00C0FB9D09DF80520D206B5D59DF863
:1055F0000520002122F00302CDE902118DF80520DB
:105600000125D4F8B80084F88A5030B10CF01DFFA1
:1056100094F8C13008B184F88B50013B072B4BD86C
:1056200001A252F823F000BF2B55010139550101A9
:10563000B95601012B550101B9560101B9560101B5
:10564000B95601012B550101029B002B7FF4E2AEFC
:105650009DF80530DB0648D401F07AF920B194F8C2
:105660008A0000287FF4D9AE002E43D03046D4E61D
:105670001E00002130160021D8010021C41600218F
:10568000B0160021437903F0C003402B7FF4B4AE81
:105690001A4C94F88430002B3FF4AFAEF4F780FA44
:1056A0004FF0000360F3070360F30F23A4F880308A
:1056B000012384F88830A2E641F275313220F0F7F8
:1056C000BFFD9DF80520022B6FF341028DF80520E8
:1056D0004FF0000203923FF440AF9DF80510029294
:1056E00062F300018DF805108AE7012095E69DF828
:1056F00003008AE6F3F718FD8FE600BF301600219D
:105700002DE9F0438FB0A84C0D4605A901F0ECFC43
:1057100094F8B1303BB19DF8153000226FF30003CF
:1057200006928DF8153094F8B2303BB19DF81530E3
:1057300000226FF3410307928DF815309DF8142075
:1057400094F8C5309A420BD0012500F091FF94F8EF
:105750008430002B40F0AB8028460FB0BDE8F083CA
:10576000294605A801F062FB78B99DF815301807A5
:10577000EAD50A9B58781A7800F00F01000942EA2E
:10578000012101F075FB0028DED00026069B8DF874
:105790001360002B00F0CA809DF82570012F00F0E7
:1057A000AF8094F88000FF2800F09C80F4F704FAA2
:1057B00006468DF8130094F88A2094F85130002A98
:1057C00000F0B980069A002A00F02C82002B18BF46
:1057D0001E46764B84F88A601B6823B1294605A8CB
:1057E000984784F88B00069A002A00F0D9809DF82B
:1057F00025306F4984F89B301068B4F88A30C4F8BB
:10580000940092888A80079860B194F88010002BE9
:105810009AD0FF2906D0F4F795FA0122B4F88A301D
:1058200084F88920002B8FD00023079E8DF811303B
:105830008DF812308DF81330002E4FD00DF1130378
:105840000DF111020DF1120105A8FEF79BFC9DF868
:10585000118094F84970B8F1000F01D047F00207A9
:105860009DF812909DF813609DF81450012D64D09E
:10587000022D27D0002D7FF467AF94F85830032B0A
:105880002AD09DF815309A0700F1D780FF2794F8A9
:105890008B302BB1474B1B6813B10C9800B1984764
:1058A000394605A8FEF73CFBB0B103254FE708F0E9
:1058B00067FA07F0C1FA0023284684F884300FB055
:1058C000BDE8F08394F85830032B05D09DF81520DF
:1058D00002F00901092973D0012538E7B146B04625
:1058E000FF27C1E7344B0DF1130206999DF82500FF
:1058F000F3F7E0FC002840F09081A4F88A0023E749
:105900005B7903F0C003402B7FF44BAF94F88430F5
:10591000002B3FF446AFF4F743F960F3070684F831
:10592000887060F30F26A4F880603CE794F88A3012
:10593000002B40F09D8000264BE79DF8153094F831
:10594000B11003F00902092A00F09E800029C3D09B
:105950001907C1D594F85820032A00F0B38013F03A
:10596000020300F0E580B8F1000F40F0C580079B0E
:105970009DF82620114994F84900F2F7A3F9002870
:1059800040F0BA8094F85930023B012BA4D8B9F109
:10599000000FA1D0FE2105A80125FEF7B1F8D6E63B
:1059A000B4F88A302FE700BF30160021D80100215B
:1059B000C4160021CC020021B01600217A16002165
:1059C000022B00F0D98012F0020200F00F81B8F132
:1059D000000F09D1079B9DF82620944994F84900AF
:1059E000F2F770F90028CDD0914A92F900307F2B60
:1059F00000F01A817F21117094F87820052A00F0B8
:105A00000F8194F87820082A0CBF0322012239461E
:105A100005A8039294F88120CDE9012394F89A20F7
:105A200094F8C1300092814A00F0FCFF00283FF456
:105A300053AF012500F0DEFD89E6B8F1000F7FF4D9
:105A400026AF079B9DF82620784994F84900F2F785
:105A500039F900287FF41BAF94F85930023B012B31
:105A60003FF63AAFB9F1000F3FF436AFFE270EE72D
:105A700094F8516000F06CFF002852D094F88A30FE
:105A8000002B4ED01E46A4E694F85820032A7FF43B
:105A900066AFB9B9674B94F8602003F1330194F80D
:105AA0009B00F2F70FF994F85A30012B0AD0002B23
:105AB0007FF412AF30B994F8802094F883309A4282
:105AC0007FF40AAF079B7BB1B8F1000F0CD1002E19
:105AD0003FF402AF9DF82620544994F84900F2F7AC
:105AE000F1F800283FF4F8AE53480CF08BFC002886
:105AF0003FF4F2AE0E252AE64D4A92F900307F2B94
:105B000000F092807F21117094F87820052A6BD0E4
:105B100094F87820082A08BF0325394605A803957C
:105B200078E7002E7FF455AEF3F7FEFA064650E60E
:105B30003F4991F900207F2A76D07F20087094F8A1
:105B40007810052905D094F87830082B0CBF032372
:105B5000012394F8811005A8CDE9022394F89A2036
:105B600094F8C130CDE90021304AFF2100F05AFFFE
:105B700000283FF4B1AE5CE7930710D5B8F1000FF1
:105B80000DD1002E3FF4FEAE079B9DF8262027493D
:105B900094F84900F2F796F800283FF4F3AE244B4E
:105BA00093F900507F2D3FD07F2203201A70FDF71C
:105BB0002BFB012394F89A20394605A8039394F807
:105BC00081300092194ACDE9013594F8C13000F0D6
:105BD00029FF00283FF480AE17480CF013FC002882
:105BE0003FF47AAE0D25B2E5002596E7104991F90C
:105BF00000307F2B18D07F20087094F8781005298A
:105C000005D094F87820082A0CBF0322012294F8CA
:105C1000811005A8CDE90232A0E79DF81360CAE51E
:105C20000022F4E61E4625E7FDF710FD7A16002156
:105C30001E00002191160021BC16002138B50B4D25
:105C40000446284608F0AAF808B97F232B70237869
:105C500003F00F03072B05D120460321BDE8384090
:105C6000FFF74EBD00F004FD012038BD1E000021ED
:105C700038B50B4D0446284608F090F808B97F2344
:105C80002B70237803F00F03072B05D12046012149
:105C9000BDE83840FFF734BD00F0EAFC012038BD14
:105CA0001E000021023A8C4610B5112A49D8DFE8BF
:105CB00002F043483D48484848484848484848104A
:105CC000484848091822214B0A80D3F8420048600E
:105CD00010BD1E4C8E462069636DC3F80300A28A76
:105CE000A3F80720E37B626D13F0FD0F4FF0140360
:105CF00014BF0121002191702EF8043BD4F80A0052
:105D0000D4F80E10D4F81220D4F81630AEE80F00F4
:105D1000D4F82630D4F81A00D4F81E10D4F8222073
:105D2000AEE80F0000238CF8083010BD0722074BA7
:105D30000A805B6B4B6010BD0846BDE8104000F068
:105D4000A7BB40F2E6313220F0F77AFA3016002194
:105D5000034B1A7A12B94FF6FF7070479889704753
:105D60003016002138B5204C054694F87830012BC8
:105D700002D094F87830A3BBF1F762FD00F020FB6D
:105D800094F884302BBB462200211748EEF78CFE96
:105D9000002340F2071284F85E5084F85D3084F8E6
:105DA000583084F8823084F8B030A4F85020FF22B4
:105DB00084F86C30A36684F86D2084F86D3084F824
:105DC000B33084F8B430184684F8B530C4F8B8302D
:105DD00038BD07F0D5FF07F02FF8002384F8843092
:105DE000D1E70C2038BD00BF301600210F4BD3F88F
:105DF000D42010B5C3F8D00072B100220C46A3F82D
:105E0000C22083F8C42083F8782000F0D9FA204615
:105E1000FFF7A8FF28B910BD40F661113220F0F756
:105E20000FFA40F667113220F0F70AFA3016002117
:105E3000024B034AC3F8D420704700BF301600213C
:105E4000EC020021024B034AC3F8D420704700BF84
:105E500030160021D002002170B50546F1F704FD8F
:105E60000446F1F70BFD0146204689B20AF0CDF851
:105E700040B1074B01462846D3F8D430BDE8704006
:105E80001B68184740F66E213220F0F7D9F900BFA1
:105E900030160021024BD3F8D4305B68184700BF9E
:105EA0003016002110B50C4C94F884305BB90023F7
:105EB00001210A4AA4F8C23084F878109370BDE832
:105EC000104003F06BB807F05BFF06F0B5FF00234E
:105ED00084F88430EBE700BF30160021F216002171
:105EE000014B83F8500070473016002110F0010379
:105EF00019D00122022110B4154C134684F8C62093
:105F0000840706D5124A4FF0020C1A440B4682F859
:105F1000C6C0010704D50E4A0821134483F8C610F1
:105F2000002010BC704782074FF0010106D5084AD7
:105F30004FF0020C1A440B4682F8C6C0020704D583
:105F4000034A0821134483F8C6100020704700BF9D
:105F500030160021014B83F85B007047301600219A
:105F600038B5124D95F848C0ACF10203012B98BF2B
:105F700000280CBF0124002408D01CF0FD0FBDE850
:105F8000384014BF01200020F1F7C6BE11F0FD0F0C
:105F9000114614BF01200020F3F722FD082801D08C
:105FA000204638BD95F848C0E7E700BF301600210D
:105FB000044B93F8483013F0FD0F14BF012000206C
:105FC000F1F7AABE30160021014B83F84800704754
:105FD0003016002138B5394C94F8483004F14A01A4
:105FE00013F0FD0F14BF0120002084F84900F1F7E1
:105FF0004DFE94F8483094F84920023BDBB2012B67
:106000008CBF00210121012A84F8851041D0002293
:10601000012B84F85C2033D8F3F7DCFC0546EBF762
:106020009DFD6B01EA0E5B1B62F10002520242EA27
:10603000D3525B025B1942F1000C9A014FEA8C1EAD
:10604000D21A4EEA936E6EEB0C0C53194CF100020F
:106050001B1894F8850042EB0101C4E92A3180B98C
:1060600094F85D3063B194F85C304BB194F84930EA
:10607000012B15D000211248BDE83840F1F7C4BE0D
:1060800038BD0020F3F782FE94F85D30002BF7D086
:10609000E9E794F94F100029B9DB84F85C20BBE7ED
:1060A00094F84F3003F0C003402BE3D1F3F794FE94
:1060B00000220349BDE83840F1F770BE30160021D8
:1060C0007A160021002838B5104C0D464FF0080311
:1060D0000CBF0121002184F85A0084F8833084F831
:1060E00051100BD115F0FD0F114614BF01200020F7
:1060F000F3F776FC082884F8830001D0002038BD2F
:10610000A91E0129FAD8122038BD00BF301600217F
:1061100008B5A9B10D4B83F86000D1F800C05A6DE5
:10612000C3F861C093F849008988A3F865105072DC
:10613000D3F84A10C2F80A10B3F84E30D38108BD24
:1061400040F66A313220F0F77BF800BF30160021AC
:10615000044B032883F858004FF0000008BF59652E
:10616000704700BF301600210246024B002083F822
:1061700086207047301600210246024B002083F82B
:1061800087207047301600210D4A92F85830032BB3
:106190000ED0013B012B01D90020704792F8590025
:1061A00000F0FD00A0F10100B0FA80F04009704756
:1061B00092F85A00A0F10100B0FA80F0400970474F
:1061C00030160021014B93F858007047301600211B
:1061D00010B50F4C94F86D200AB9A16E91B994F8DE
:1061E00084303BB900200B4BA4F8C20084F878003F
:1061F000987010BD07F0C4FD06F01EFE002384F861
:106200008430EFE794F86C00EBF7A6FAE7E700BFFD
:1062100030160021F2160021024808B506F058FD9C
:10622000002008BDBC1600210A4B93F85820032A11
:106230000AD000208446A3F8440013220021064817
:1062400083F842C0F6F7A6BA5A6D4FF0010C1088D9
:10625000F1E700BF301600216816002110B5017863
:10626000024611F0010C3DD040784FF0020E234B56
:10627000032883F858004FF0010008BF002483F87A
:10628000C60008BF5C658C070CD592F802C0BCF153
:10629000030F2FD0184483F858C0F4464FF0020E75
:1062A00080F8C6E0490708D5D17803291FD09C445F
:1062B000082083F858108CF8C6001179002083F864
:1062C0004810517911F0FD0F83F859100CBF0121CE
:1062D000014683F85110917983F85010D27983F8F0
:1062E0005B2010BD4FF0010E6046044BCBE7002051
:1062F0005865DCE700245C65CCE700BF3016002160
:1063000000487047F016002110B50F4C94F8783013
:10631000032B13D1023801280BD839B900230B4ABB
:10632000A4F8C23084F87830937010BD00F0A0F962
:10633000F4E740F622413220EFF782FF40F61441A5
:106340003220EFF77DFF00BF30160021F21600214A
:106350000A4B9A6E7AB1FF22002083F86D2098666E
:10636000012293F86CC0064902FA0CF283F86D0022
:10637000C1F8082570470C20704700BF3016002177
:1063800000F00041034B93F8B500003818BF01201E
:10639000704700BF3016002100B583B0F1F764FAF2
:1063A0000DF1020201A90AF021F8019809F0C0FFDD
:1063B00090F82500FF3818BF012003B05DF804FBFA
:1063C00000B583B0F1F750FA0DF1020201A90AF00D
:1063D0000DF8019809F0ACFF0023FF214FF0010CEC
:1063E000C0F81A304FF07F0EC0F81230C0F81E30DF
:1063F000C0F8223080F82010C17480F82510017F89
:10640000094A6CF34611C0F82A30C0F8163080F8FB
:106410002CE0C0F82630136093809371D37101771C
:1064200003B05DF804FB00BF0817002100B583B07E
:10643000F1F71AFA0DF1020201A909F0D7FF01984C
:1064400009F076FF00237F21FF22C0F81A304FF0B9
:10645000010CC0F82A3080F82C10017FC0F81230EF
:106460006CF34611C0F81E30C0F8223080F82020AE
:10647000C27480F82520054AC0F81630C0F82630CE
:1064800001771360938003B05DF804FB08170021C7
:10649000F0B58BB00446F1F7E7F9064609F0D4FEF3
:1064A000002800F09B8001466A460546304609F008
:1064B00025FF0746F1F7E2F980B2B84240F0898043
:1064C00001A9009800F010FE284609F031FFD0F82D
:1064D0001620D0F81210D0F81A30D0F81E50A26052
:1064E000D0F826206160E360D0F82210D0F82A307E
:1064F000A261027F6161D1062561E36114D5520773
:1065000051D50022052322732380304609F01BFF5A
:10651000002868D000223046114609F073FC344B45
:1065200000221A720BB0F0BD314DAB79ABB990F8C7
:106530002D30242B0FD9002301222373A37B03F0DA
:106540006001202925D00023AB7105232380002A78
:10655000DBD10BB0F0BD0123AB719DF80430022BF1
:10656000E9D02B7AE52204F120010098F5F702F931
:106570002B7A2073034400982B72F5F7F1F82B7AED
:10658000834224D0A37B012262F346130022A3732B
:10659000D4E7A979012915D0022910D00029D4D136
:1065A0000123AB71D1E79DF8145004F12000049948
:1065B0002A46EEF703FA052325732380A5E7032374
:1065C000AB71C2E79B07FAD50223AB71BDE701228D
:1065D000B4E74FF4AB713320EFF732FE4FF4A671FE
:1065E0003320EFF72DFE4FF4CB713320EFF728FE69
:1065F0000817002170B582B0F1F736F904460DF1A5
:10660000020201A909F0F2FE019809F091FEC67F8D
:10661000E6B90546204609F05FFC012814D0F1F7E1
:106620002DF9012281B2204609F064FDC0B1204657
:1066300009F052FC78B10222314628462E72F6F754
:10664000A9F80A4B00229A8002B070BD204609F0DA
:1066500043FC0028F5D140F25B213320EFF7F0FD39
:1066600040F257213320EFF7EBFD00BF0817002160
:106670002DE9F04182B0F1F7F7F80DF1020201A91E
:1066800009F0B4FE019809F053FEC37FDBB1134D4E
:106690002C689CB1237F022795F8078067F3461387
:1066A000237700263A46204631462672F6F772F8DE
:1066B000B8F1000F0AD100232B60EB7102B0BDE8E6
:1066C000F041FFF797BF02B0BDE8F0813A4631468E
:1066D00004F109006674F6F75DF8ECE7081700218D
:1066E0002DE9F04F83B00D4690461F4606469DF8B3
:1066F00030909DF834A09DF938B0F1F7B5F8044614
:1067000009F0EAFB012822D020460DF1020201A97E
:1067100009F06CFE019809F00BFE00230446C0F856
:106720001230C0F81630C0F81A30C0F81E30C0F869
:106730002230C0F82630C0F82A3001238374062D99
:106740007BD8DFE805F00745587A7A7A5D0003B018
:10675000BDE8F08F037F23F0130343F013030377A7
:10676000B9F1FF0F04F114023DD0484604F11301C2
:10677000F3F7DAF900286AD0E37C43F00203E3740C
:106780000123227F84F81BB0E38352074FF0FF03FD
:1067900084F820303BD484F825307F2384F82DA062
:1067A00084F82C30F1F760F80546F1F767F80146F8
:1067B0000122284689B209F09DFC002842D0002120
:1067C00002222046217203B0BDE8F04FF5F7E2BF88
:1067D000037FB9F1FF0F04F1140223F0150343F016
:1067E00015030377C1D1737CE37473681968616121
:1067F0009B889380C4E7037F43F010030377AFE7E0
:10680000037F23F0120343F012030377A8E7BB1EB4
:1068100004F12602012B08D9B3681968C4F82610C0
:106820009B88938084F82570B7E7D8F80030C4F8C7
:106830002630B8F804309380F4E740F2B1213320D9
:10684000EFF7FEFC40F2D1213320EFF7F9FC8A216B
:106850003320EFF7F5FC00BF2DE9F04383B00E467F
:1068600015461F4681469DF92880F0F7FDFF044636
:1068700009F032FB01285FD00DF10202204601A988
:1068800009F0B4FD019809F053FD00220123FF2E09
:10689000C0F812200446C0F81620C0F81A20C0F82C
:1068A0001E20C0F82220C0F82620C0F82A2000F1BF
:1068B0001402837436D0304604F11301F3F734F92F
:1068C000002841D0E37C43F00203E374227F45F0CB
:1068D0001A05012684F82D7022F01B0305F01B0514
:1068E000FF2284F81B801D437F2384F8202084F836
:1068F0002520257784F82C30E683F0F7B5FF054690
:10690000F0F7BCFF01463246284689B209F0F2FB97
:10691000A8B1002102222046217203B0BDE8F04355
:10692000F5F738BF99F81130C374D9F804301968F5
:1069300041619B889380C9E703B0BDE8F08340F2D2
:10694000FE213320EFF77CFC8A213320EFF778FC1F
:1069500000B583B0F0F788FF0DF1020201A909F03C
:1069600045FD019809F0E4FCC07CFF3818BF012008
:1069700003B05DF804FB00BF10B582B09DF8144071
:106980009DF810C074B9022A09D0012A25D032B965
:106990001CF00C0004D04878C0F3001000E0012087
:1069A00002B010BD012C06D0022C0CBF184643F0DB
:1069B000010002B010BDB2B9EBB1F0F755FF0DF117
:1069C000020201A909F012FD019809F0B1FC90F84A
:1069D0002500FF3818BF0120E2E753B9BCF10200DF
:1069E00018BF0120DCE7012A14D0901E18BF012037
:1069F000D6E71846D4E7F0F737FF0DF1020201A9F8
:106A000009F0F4FC019809F093FCC07CFF3818BF32
:106A10000120C5E7007BA0F10200B0FA80F0400938
:106A2000BEE700BF2DE9F04F8BB01F46054690F83A
:106A300000B09DF850309DF85C6003939DF8543091
:106A40009DF958A0059107920693F0F70DFF002ECF
:106A500040F03E810DF122080DF1240942464946DD
:106A600009F0C4FC099809F063FC0123044680F88E
:106A70001BA083747B1E072B00F2C881DFE813F094
:106A800008000800C6016501C601C601C60165010E
:106A90003B46A377039B84F82D306B6953B3F0F723
:106AA000E3FE4246494609F0A1FC099809F040FC82
:106AB00041F2FF032A8813401CD0002304936B6922
:106AC0005A78C2F3031284F820205A781B7802F017
:106AD0000F0243EA0223A4F82130012E95F800A00A
:106AE0000BD1BAF1000F08D1EB6933B15B88A4F880
:106AF000233002E0049395F800A0AAF10102237F5D
:106B0000B2FA82F2520962F30003BAFA8AF2C3F3CC
:106B100040015209BAF1020F08BF41F0010161F3CF
:106B2000410302EA530262F3C3032377AB68ABB1BC
:106B3000022E13D0F0F798FE4246494609F056FC63
:106B4000099809F0F5FB52461230012329460196B7
:106B50000097FFF711FF002800F0F280A6F1010274
:106B6000BBF1000FAB69B2FA82F24FEA521208BFD2
:106B70000022002A4FD1002B4DD09A78597802F08C
:106B80001F0351EA0323237F0CBF0222012262F379
:106B9000461323772EB917F00C0F02D06B78DB0663
:106BA00005D42B6A1BB193F9003084F82C306B6844
:106BB0009BB1F0F759FE4246494609F017FC099887
:106BC00009F0B6FB002312305A462946CDE900767B
:106BD000FFF7D2FE002800F0FB80AB68ABB1022EBD
:106BE0001ED0F0F741FE4246494609F0FFFB0998E6
:106BF00009F09EFB5A461230012329460097019660
:106C0000FFF7BAFE002800F0BE804EB901252846E5
:106C10000BB0BDE8F08F237F6FF346132377B9E7FE
:106C2000814D2E6876B195F807A0002702223046E4
:106C300039463772F5F7AEFDBAF1000F40F0B88073
:106C400000232B60F0F710FE237F064603F060035D
:106C5000202B6DD000250222204629462572F5F70B
:106C600099FD049BE52B00F2AB80F0F707FE0122B3
:106C700081B2304609F03EFA0546002800F0CB808C
:106C800042464946304609F0B1FB099809F050FBED
:106C9000D4F81210D4F81620D4F81A30D4F81E60A4
:106CA000C0F81210C0F81620C0F81A30C0F81E60E4
:106CB000D4F82210D4F82620D4F82A30C0F82210B4
:106CC000C0F82620C0F82A3028460BB0BDE8F08F67
:106CD000044609F001F9012865D02B78022B1BD15D
:106CE000002304930DF122080DF1240920464246A9
:106CF000494609F07BFB099809F01AFB0123044679
:106D000080F81BA083747B1E072B7FD8DFE803F07D
:106D10001F1F7E397E7E7E392B7C40F27261424A93
:106D200018460493938803448B423CDC9380D9E754
:106D3000049B2C60E52B94BF00230123EB7194E7A7
:106D4000237F43F00403237708E70323A1E63B46B0
:106D5000E377039B84F82D306B69002B3FF4BDAEC5
:106D6000F0F782FD4246494609F040FB099809F0D8
:106D7000DFFA032E7FF4A3AE037F19077FF59FAEE2
:106D8000B9E60323E4E7059B04F12602023B012B4D
:106D90002DD9AB681968C4F826109B889380059B91
:106DA00084F8253031E7002528460BB0BDE8F08F88
:106DB0000222394606F109007774F5F7EBFC3FE74C
:106DC0000222294604F109006574F5F7E3FC4CE75B
:106DD000069804F11402FF2810D004F11301F2F711
:106DE000A3FEE8B1E37C43F00203E374F5E6079900
:106DF0000B68C4F826308B889380D0E76B7CE374F3
:106E00006B68196861619B889380E6E640F2C22155
:106E10000620EFF715FA40F2AF113320EFF710FA22
:106E20008A213320EFF70CFA0817002130B583B020
:106E30000C460546F0F718FD0DF1020201A909F014
:106E4000D5FA019809F074FA44B941F2FF022B888F
:106E50001A420CBF0120002003B030BD032C04D126
:106E6000007FC0F3C00003B030BD002003B030BDD0
:106E700030B583B00D460446F0F7F6FC0DF1020282
:106E800001A909F0B3FA019809F052FA90F82030FC
:106E9000A34202D0002003B030BDB0F82100401B57
:106EA000B0FA80F0400903B030BD00BF70B50C46A9
:106EB00016460546F4F778FA034628466374F4F755
:106EC0007FFAA074062E13D8DFE806F00419041226
:106ED0000412040000230121EA1C6170C4E90123AB
:106EE0006B78063BDBB223743BB10935E56070BDBE
:106EF000002363702374C4E90133E36070BD032190
:106F000000236A18093561702374E360C4E9012520
:106F100070BD00BF2DE9F04F0C46C17891B011F063
:106F20003F0100F0DA800546F4F73EFA03462846B2
:106F30006374F4F745FAA0742B796370EB789B09BE
:106F400023702B7913F0010040F087801122232158
:106F500021261E274FF0220C4FF01F0E4FF0200865
:106F60004FF01C0B4FF01B0A4FF00909CDE90E2121
:106F70000F221821CDE90C260C220B26CDE90A2779
:106F800010221D27CDE9082C0D224FF00A0CCDE967
:106F9000062E0E224FF01A0ECDE90428CDE902CBC1
:106FA0004FF017084FF0070C06224FF0190BCDF8E1
:106FB00004C04FF0080CCDF800804FF00508606069
:106FC00013F0020012D005EB0800B046099E0097AE
:106FD0000396089E0296DDE9066BDDE90C9A0196A0
:106FE000DDE90A21DDE904CEDDE90E67A06058077E
:106FF00007D4F246E146DE464246DDE90267DDE9B6
:10700000001C13F0080004D0A818BA46B146714617
:107010006246606113F0100002D0A81851464A463B
:10702000A06113F0200001D0A8180A4613F0400315
:10703000E061284618BFAB182362F4F745FB06460B
:107040002846F4F78DFB2074002842D0331DDBB2B4
:107050001D44E56011B0BDE8F08F172229262727CF
:107060004FF0240C4FF0280E4FF025084FF0220B64
:107070004FF02609681D4FF0210A1E21CDE90E268A
:1070800015221126CDE90C2712222327CDE90A2C3F
:1070900016224FF0100CCDE9082E13224FF0200ECF
:1070A000CDE90628CDE902CB14224FF00D0C4FF0AC
:1070B0001D084FF01F0BCDF804C04FF00E0CCDF89B
:1070C00000804FF00B08CDE904294FF00F090C2286
:1070D00075E7E06011B0BDE8F08F2422204611B0C2
:1070E000BDE8F04FEDF7E0BC70B5067806F00F068E
:1070F000072E26D00C460546F4F756F903462846D7
:107100006374F4F75DF9A074062E13D8DFE806F077
:10711000041D04120412040000230121EA1C617002
:10712000C4E901236B78063BDBB223743BB109351C
:10713000E56070BD002363702374C4E90133E3602C
:1071400070BDBDE87040FFF7E5BE032100236A185B
:10715000093561702374E360C4E9012570BD00BF87
:107160002DE9F0412F4EEAF7F9FC044688463378C2
:10717000042B32D001273846EBF7B4FD732829D908
:10718000431C36D0D6E90E3219188A4298BFD01A5D
:10719000336B726B423342F100021B1B62EB080837
:1071A000012B78F100022DDB0022984241F2883554
:1071B00072EB080228DA854228BF0546C4F1BB04F9
:1071C000EAF7CCFC0444AC4204D839462846EBF735
:1071D000E7FDE8B10020BDE8F0817368B269B16CE9
:1071E00003EB8303521AB2EB430F2CBF0127022794
:1071F000C1E7D6E90E35ED1A41F288339D4228BF2A
:107200001D46DBE70025D9E79D4228BF1D46D5E78F
:10721000706FB36B28442B447067B363EBF7A2FC29
:107220000120D8E71817002110B5284C2378002B2F
:107230003DD094F82C3003BB2378052B2BD0244869
:1072400004F020FAA37813B194F82C3063B3FFF75D
:107250007FF8002384F82C302278A370042AA362DC
:1072600016D000232370FFF74BF804460078EAF7A6
:107270004FFC08B32023237010BD2378052B20D1A9
:10728000236E002BDBD004F1480004F093FAD9E719
:10729000FFF7EEF9E5E7236E002BD0D1A06A00F5E9
:1072A000227004F0EFF9CAE7FEF7BEFFCFE74FF414
:1072B0002D713520EEF7C4FF40F227513520EEF74F
:1072C000BFFF40F28E313520EEF7BAFF18170021CC
:1072D000601700212DE9F04F85B01F460C469146FE
:1072E000D1F824A00646EDF7FBFC00280DF10E00B6
:1072F0000BBF4FF0A20B4FF0BA0B4FF098084FF0B6
:10730000B008EEF72BFA0DF10F009DF90E50EEF7D5
:107310002BFA9DF80F301D436DB2002D18BFD846D3
:10732000002F40F0E18094F8A832032B00F238815E
:10733000DFE803F03F029802D4F814A0554604F0A9
:107340006BFA002800F0828000200346D4F88822DF
:10735000AD18D4F88C2242F100022D1843EB020341
:10736000C4E9A253C6E904530023A6F80880337089
:1073700094F8B13003F0FD020D2A7BD0272B79D091
:10738000204604F031F9002800F0B38094F8A832C8
:1073900004F13000012B18BF0223B3720123F372F2
:1073A000F5F71EFA7060002F40F0AE8005B0BDE822
:1073B000F08FB9F1000F00F0E9800123002540F2C1
:1073C000231A40F2191B84F8A832EDF789FC40F229
:1073D0003111A84240F23B130DF10E001CBF9A463A
:1073E0008B46EEF7BBF90DF10F009DF90E90EEF70D
:1073F000BBF99DF80F3094F86E2049EA03096B4BF6
:107400004FFA89F9A94518BFD34633F8129094F87A
:107410006F30AA4609F29D791846019306F05CFF89
:10742000019B634A484413F00C0F5946A2FB0030FD
:1074300014BF28222A4602EB90122046C432F5F7E8
:1074400081FB04F0E9F900287FF47EAF0221B4F952
:10745000A402F5F74FFDB4F8A4321B1AA4F8A43225
:10746000C31773E7534B9B6F9A440323554684F825
:10747000A83264E7204604F0B7F84FF4807304F1B3
:1074800030007381F5F7ACF97060002F8ED0514653
:107490003046F3F7E5F805462046ADB204F0A4F80F
:1074A0002946204603F094FF04F0B6F9002855D091
:1074B000D6E90430626FC4E9A230002A3FF476AF07
:1074C000B4F8DE20B4F8A8309B1A1BB2002B7FF76B
:1074D0006DAFB4F878100B44013BB3FBF1F303FB41
:1074E0000123A4F8DE3061E70121204603F070FF9C
:1074F00019E74FF4807304F130007381F5F770F9E8
:107500007060002F3FF452AF51463046F3F7A8F8B1
:107510000546204604F068F80746ADB2BD42BFD329
:1075200000230AFB07F2B372D4F888329B18D4F810
:107530008C2242F1000233617261BAF1000F2AD04D
:1075400051463046F3F78CF83D182046ADB2294637
:1075500003F03EFF04F060F90028A9D16D00B4F9F2
:10756000A402B5F5803FB4BFA9B24FF6FF71F5F79D
:10757000C1FCB4F8A4223369121AC318A4F8A422D7
:107580007269336142EBE070706193E740F6271156
:107590003520EEF755FE40F6A5113520EEF750FEEA
:1075A00040F661113520EEF74BFE00BFDCB302015F
:1075B000D34D621018170021F0B589B0002800F0F3
:1075C00094800446082900F28B80DFE801F0397FBF
:1075D000050515891A2284000146012302A800220C
:1075E000FFF778FE02A994F8A902EAF76FFC0028D9
:1075F00000F08F8009B0F0BD09B0BDE8F04006F0A2
:1076000053BC0120EAF798F809B0BDE8F040F1F763
:1076100065B990F8A832042B76D1002390F8A9021E
:1076200084F8A832EAF774FA002868D0202304F519
:10763000227084F8A93209B0BDE8F04004F022B805
:1076400090F8A832002B55D003F01EFCEDF748FB54
:1076500003460DF10700002B0BBF4FF4F4774FF4F6
:1076600000774FF4EF754FF4FB75EEF777F802A84B
:107670009DF90760EEF778F89DF808302046216BF9
:107680001E4394F86F3076B2002E18BF3D4613F0BB
:107690000C0F636918BF2835204E99422A4628BF2F
:1076A0001946F5F7C1F92A466169F0662046F5F7F3
:1076B000BBF9034604F130003367F5F791F8B438AD
:1076C000706709B0BDE8F040EBF74CBA09B0BDE80F
:1076D000F04003F0D7BD40F2A7213520EEF7B0FD12
:1076E00040F2AB213520EEF7ABFD40F263213520AF
:1076F000EEF7A6FD40F26B213520EEF7A1FD40F23A
:107700002F513520EEF79CFD40F29F213520EEF7FA
:1077100097FD40F669213520EEF792FD18170021FC
:107720002DE9F04FB84C95B015461E46029107461C
:10773000FEF7E6FD0590EAF711FAD4F808A00791E4
:1077400040F2231B0390EDF7CBFA40F23B130028E5
:107750000DF1370040F2191818BF9B4640F2311363
:1077600018BF9846EDF7FAFF0EA89DF93790EDF790
:10777000FBFF9DF83830002194F82F0049EA0309F7
:107780000A464FFA89F9B9F1000F18BFD846894661
:107790000232013154F82230CAB243448242994441
:1077A000F6D963684B45049324D11DB32278002A8F
:1077B00040F0C380029B002B40F0238494F82E20DD
:1077C000059B1A449079082800F01982042800F0DB
:1077D0000784022800F00C84421E072A00F2C683A8
:1077E000DFE812F0F803C403C403D103C403C403E5
:1077F000C403D103029B002B40F0A780002D40F072
:107800000781039B40F2CD18049840F2231AD4E973
:1078100012125D1AB5FBF0F500FB05F5691840F290
:10782000C31542F1000206910992FEF769FD8346F5
:10783000EDF756FA40F2E51200280DF1370018BFB7
:10784000904640F2DB1218BF1546EDF787FF0EA8F1
:107850009DF93760EDF788FF9DF838201643EDF766
:107860003FFA40F23B1276B2002E18BF4546002880
:107870000DF1370040F2191818BF924640F231124C
:1078800018BF9046EDF76AFF0EA89DF93760EDF737
:107890006BFF9DF8382006991643039B76B25A1A5F
:1078A00094F82F101544002E18BFD0466668B542D4
:1078B0002CBFAE1B2E46002900F08783A2684244ED
:1078C000B24200F2B282B61A4FF0010A012913D077
:1078D000E2684244964204D30AF1010AB61A5FFAFA
:1078E0008AFA022908D022694244B24204D80AF135
:1078F000010AB61A5FFA8AFA5146D3448A1C9BF8E9
:10790000060054F822300828089300F091820428D9
:1079100000F02783022800F0668300F1FF3CBCF1F1
:10792000070F00F22383DFE81CF052032103210339
:1079300025032103210321032503B4F96420002A30
:107940003FF438AF029B002B62D04FF0000B08933E
:10795000039B13F5FA65079B43F1000803F050FF02
:1079600003F0D4FE21780246052900F0AF821146CB
:107970002648069203F0A0FE069AB2B111689068FC
:1079800040185168B2F91C2041F10001A4F86420AC
:107990006268CDE90058069203F0E0FE069A904234
:1079A00000F24383451948F1000803F02FFF626895
:1079B000AA1AA26468F10002E264002E7ED042F2AC
:1079C0001072284641460123E6FB0201C4E90C017E
:1079D0000021069305980844807908286BD0042874
:1079E00000F0E481022800F01382461E072E00F208
:1079F000BD82DFE816F0D001BB02BB026D00BB0206
:107A0000BB02BB026D0000BF1817002160170021E8
:107A1000D4E91212039B40F2C31604985D1A411870
:107A2000B5FBF0F500FB05F542F100086D1848F1D3
:107A300000020892EDF754F940F2CD11002840F20F
:107A4000E5120DF1370008BF884640F2DB111CBF7C
:107A500090460E46EDF782FE0EA89DF937B0EDF781
:107A600083FE9DF83810039B4BEA010BEA1A4FFA8C
:107A70008BFBBBF1000F18BF4646B24280F2458136
:107A8000A26C216A881A6168B0FBF1F001FB002248
:107A90000598AA1A4D19B2FBF1F34FF00001089AAC
:107AA00006934FF00103084442F100088B46089307
:107AB0008079082893D14FF4D2660EE001234FF06D
:107AC000FF32314606936FF00043C4E90C2381E78F
:107AD000A026022800F09D812836059106F0FCFBC7
:107AE0004AF2A13C06F20F1605998444B248A0FB65
:107AF0000C3C206B06EB9C16B0EB050C606B60EB4E
:107B00000800BCF1010F70F10003C0F24C814FF08E
:107B1000000EE2457EEB000300DBE2460231069BED
:107B200054F82110514528BF5146E1631BB1089B11
:107B3000002B40F04581029B0BB1C4E90658049B21
:107B40004FF0010A4B4514BFE36B3346C4E90858B4
:107B5000A36387F80BA0EDF7C3F800280DF13700F9
:107B60000BBFA222BA229823B02304920293EDF70E
:107B7000F5FD0EA89DF93790EDF7F6FD9DF838104C
:107B8000029B49EA0109049A4FFA89F9B9F1000FF9
:107B900018BF13463B812378042B09D16368A26C7C
:107BA00003EB8303AA1AB2EB430F38BF4FF0020A6C
:107BB00087F80AA0A36B7B60BBF1000F00F0EE809A
:107BC0000123039A3B70236B616B9B1A079A61EB4D
:107BD0000201012B71F10002C0F2EB80774A002014
:107BE0009A4270EB010100DA13469B1B3B61E06B8C
:107BF000B04234BF0020012015B0BDE8F08F4FF433
:107C0000D26506F069FB6FF00042D4E90C61914245
:107C100008BFB6F1FF3F00F0FE804AF2A13266498C
:107C200005F20F154FF0000B02448DF838B0A1FBA0
:107C3000023205EB92150F95EDF752F858450DF10C
:107C400036000BBFA222BA224FF098084FF0B008BE
:107C50000692EDF783FD0DF137009DF93660EDF7E3
:107C600083FD9DF83710069A314349B2594518BF34
:107C700090460122ADF840808DF84320EDF730F8B2
:107C8000002800F0658140F2E51340F2DB16CDF8E4
:107C900020B006930DF13600EDF760FD0DF13700D1
:107CA0009DF93680EDF760FD9DF8370048EA000247
:107CB00052B212B1069EDDF820B0039B0EA8DDF88B
:107CC0001C80991948EB0B021291139202228DF835
:107CD0004220E9F78DFF1299226B139E521A616BB5
:107CE00061EB0601521B61F10002002AB4BF0020C3
:107CF00000F001000890002840F08D80039D82462E
:107D000001464FF0010B069064E6E26B0F920022F1
:107D10008DF83820ECF7E4FF00280DF136000BBF9A
:107D20004FF0A2084FF0BA089826B026EDF716FDDE
:107D30000DF137009DF93650EDF716FDA06C226A63
:107D40006168121A9DF837C0B2FBF1F245EA0C05E2
:107D500001FB02F26DB2002D18BF464610182578BF
:107D60001290E06CADF8406040F10000042D1390DB
:107D70004FF001008DF8430000F01F818DF84200A4
:107D80000EA8F2F76DFC0021012306908B460893A4
:107D9000DDE912581EE64FF4A8769AE687F800B09F
:107DA000C7E9045823E74FF0000AB7E640F2BE26C1
:107DB00093E6002319E700BFD34D62100040420F45
:107DC000069BB4F964005A0091B2F5F793F8B4F841
:107DD0006420A16A121A12B2A4F8642061B1A1F859
:107DE000A422D1F888221218C1F88822D1F88C2256
:107DF00042EBE072C1F88C22C117A26C2D1841EB46
:107E000008081018E26CA06441EB0201E16492E6FC
:107E10004826183661E60023039DDDF81C804FF0EC
:107E2000010B194608930693D4E54FF0000A4DE57F
:107E30004FF4D26BCDE90A1206F04EFA4AF2A13C99
:107E400084448148A0FB0C3C06F20F10089B83443D
:107E50000BEB9C1B5B45DDE90A1225D354F822206D
:107E6000A2EB060ABAF1000FC0F2E980069B4FF0C0
:107E7000000BA269ED18099B43F10008A36CD01A0E
:107E80006268B0FBF2F002FB00F0C018A064A5EB42
:107E90000000B0FBF2F3E06C06934FF0010340F1F9
:107EA00000000893E06495E594F82F00504543D90D
:107EB00062680AF101019542CEB280F0BB80B21C2B
:107EC000314654F822A008EB0A05CBE7A16A0690D8
:107ED000D1F8900203F026FC069A0346824259D05C
:107EE000A06A19460A9200F52270099303F0E4FB98
:107EF00000212166A16ADDE909320691002900F01E
:107F00008F800993002B76D00A9203F085FCDDE97F
:107F1000093200287FD098681968DDF818C0091860
:107F20005868CCF8881240F10000B3F91C10CCF866
:107F30008C02ACF8A4121AE56068854239D3B5EB1F
:107F4000400F4FEA400661D254F822A0354689E737
:107F500040F2CD13834640F2C316069300230893E4
:107F600098E64FF4A07B0BF5BF7B63E7F521052076
:107F7000EEF766F904284FF0A00BF4D0022834D0B5
:107F80000BF1280B56E704284FF0A00524D105F586
:107F9000BF7536E6D4F828C0216DDCF89002CDF824
:107FA00018C0814238BF014621650CF52271216657
:107FB000A7E754F822A0054654E701EB8100B2EB95
:107FC000400F2CBF01200220D8E68A4694E44FF4EB
:107FD000A87BD3E74FF4A87502280AD0283510E60D
:107FE0004FF4A075D3E74FF0480B0BF1180B21E7C6
:107FF0004825183505E600200021069BC3E9A201AB
:10800000B5E400234FF0010B0893A1E440F2FF61B7
:108010003520EEF715F940F2CA513520EEF710F988
:1080200040F2C4513520EEF70BF940F2E251352011
:10803000EEF706F940F2E2613520EEF701F94FF470
:10804000E1613520EEF7FCF8D34D62102DE9F04FD9
:108050000C468BB0FEF754F90546082C00F2C1809F
:10806000DFE804F0538A050523BF284EBA000478E0
:10807000FEF746F90379C27803F01F0352EA03239F
:1080800040F0A5800023012204A81946FFF748FB11
:10809000002800F0968004A92046E9F717FF002881
:1080A00000F0F9800BB0BDE8F08F0BB0BDE8F04FE9
:1080B00005F0FABE0379C27803F01F0352EA0323E6
:1080C0006AD0437813F00C0F6AD0754C94F84030A6
:1080D000002B65D1012144F2365084F84010EAF7B4
:1080E0005FFE00285CD144F23652606FA36B1044EF
:1080F00013446067A3630BB0BDE8F04FEAF732BDED
:108100000BB0BDE8F04FFFF78FB8654E01237778CD
:108110003375002FC6D10078E9F732FDB36CF161F9
:10812000814696F82F10A0EB030AD6F804B0069704
:10813000B06100295AD15C46D64686F82E108DF8DB
:108140001C102B79EA7803F01F0352EA032300F096
:108150009080726C032304928DF8143004A88DF87B
:108160001D70FDF779FE002840F09080B06BFE385E
:108170007067EAF7F7FC95E7494C6378ABB1FEF717
:1081800027F8237D002B8DD005F0CAFCE9F7FEFA15
:1081900000232375637585E7FEF7E2FF002881D190
:1081A0000BB0BDE8F04FFDF77DBE01236375FDF711
:1081B00071FE00283FF476AF40F213313520EEF720
:1081C0003FF8374B01229A70FFF72EF86AE701213A
:1081D0000320FEF799F855E740F245313520EEF7D8
:1081E0002FF840F249313520EEF72AF8ECF778FD08
:1081F00040F23B13002840F223120DF10E0040F232
:10820000191818BF1A4640F23113019218BF984648
:10821000EDF7A4FA9DF90E300DF10F000093EDF784
:10822000A3FA9DF80FC02146009BB06C43EA0C03F3
:108230007468A9EB000E019A5BB296F82FC0002B70
:1082400018BF90463A46BEFBF4F304FB03003B46DE
:10825000A9EB0009023356F823304344994503D370
:108260000131A9EB0309C9B20132D3B29C45F1D265
:1082700063E7BEFBF4F7DA4504FB17E438BF0123DC
:10828000B4FA84F78DF814307F0967E74FF4407132
:108290003520EDF7D5FF40F6AE213520EDF7D0FFC4
:1082A0001817002170B5434CFEF72AF805462378CD
:1082B000042B02D02378052B45D10122237D627047
:1082C00003F0FF06002B41D0EFF3108672B6237D3A
:1082D00013B1637D002B48D106B962B62878EAF75E
:1082E00081FE94F82C3023BB2378052B4FD03248E5
:1082F00003F0C8F9002594F82C30AB4265700CBF30
:108300002E460C26FEF724F884F82C502378A5700E
:10831000042BA56238D000232370FDF7F1FF04463B
:108320000078E9F7F5FB00283AD020233046237087
:1083300070BD2378052B38D1236E002BD7D01E4873
:1083400003F038FAD6E70C26304670BD2878EAF7F5
:1083500077F92B79EA7803F01F0352EA0323BDD0A3
:1083600031460320FDF7D0FFB8E7FDF731FF237D4D
:10837000002BB1D005F0D4FBE9F708FA00232375F0
:108380006375002EAAD1A8E7FEF772F9C3E7236E42
:10839000002BACD1A06A00F5227003F073F9A6E7B8
:1083A00040F227513520EDF74BFF40F28E3135205A
:1083B000EDF746FF18170021601700212DE9F04165
:1083C000DFF89C8084B098F80030BBBB01234FF6E7
:1083D000FF77202688F868301DE0039A02B392F8F0
:1083E000A832EBB11088B84220D0294608F023FA11
:1083F000044658B390F8A902EAF7F4FD94F8A902EC
:1084000084F8A852E9F784FBD8B104F5227084F807
:10841000A96203F037F901A9002008F02BFAD0B9BE
:1084200001A8EEF72BFE05460028D6D0002088F8DC
:108430006800A8F8640004B0BDE8F081FFF732FFDF
:10844000C4E740F22F513520EDF7FAFE4FF4A86152
:108450003520EDF7F5FE40F243213520EDF7F0FE33
:1084600018170021F0B5234C002183B06822204664
:10847000ECF71AFBFDF744FF00232021E3670170AE
:1084800041F66901E06F8842C4E91A33C4E91C333C
:108490002AD8FFF793FF40F6C41340F2231740F2A7
:1084A00019156360ECF71CFC40F23B1300280DF13A
:1084B000060018BF1F4640F2311318BF1D46EDF7E6
:1084C0004DF90DF107009DF90660EDF74DF99DF8A6
:1084D00007301E4342F2107376B2002E18BF3D469D
:1084E0005B1BA36003B0F0BD40F623413520EDF7E0
:1084F000A7FE00BF181700212DE9F0473E4F88B0B6
:108500003B78002B5FD104460D46FDF7F9FE064689
:1085100094F8A832BC6203F0FF04002B67D1052356
:108520007C7087F82E4040F2231A3B7040F21918F5
:10853000A7F8644087F82C40ECF7D2FB40F23B13DD
:1085400000280DF1070018BF9A4640F2311318BFFA
:108550009846EDF703F902A89DF90790EDF704F9A5
:108560009DF8083097F82F00A64649EA03092146EE
:1085700022464FFA89F9B9F1000F18BFD0460232EE
:108580000EF1010E57F822305FFA8EF208EB030C61
:1085900090426144F3D2396500211848E9F770FA36
:1085A000202830701ED02B460022012102A8FFF7A0
:1085B000B7F890B102A93078E9F788FC40B12046BD
:1085C00008B0BDE8F0870C24204608B0BDE8F0876D
:1085D00040F231413520EDF733FE4FF4866135200E
:1085E000EDF72EFE40F22D413520EDF729FE40F249
:1085F0001F413520EDF724FE181700214D800101A1
:108600002DE9F041434F84B03A78002A7CD102F042
:10861000FF03027812F001040393CDE9013359D12D
:1086200012F0020F4FF001034FF0020625462146DB
:108630005CD004A9344601EB8505016945F80C1CA2
:108640005507C16855D4013BDBB2796040F223186D
:1086500087F82F30ECF744FB40F23B1300280DF174
:10866000020040F2191518BF984640F2311318BFA6
:108670001D46EDF773F80DF103009DF90260EDF76B
:1086800073F89DF803301E4376B2002E18BF45469E
:1086900014F0010302D0019A521BBA60A1070AD557
:1086A00004AA991C02EB8302013352F80C2CDBB2B2
:1086B000521B47F82120220708D504AA02EB8302A7
:1086C000023352F80C2C551B47F82350002004B0FD
:1086D000BDE8F081D0E9011312F0020F4FF003065C
:1086E00001934FF001054FF00203A2D15507234635
:1086F000A9D504AA44F00804D0E9051002EB8302CE
:10870000E4B242F80C0CA0E740F24D413520EDF701
:1087100097FD00BF181700212DE9F04788B0002908
:1087200061D1DFF8EC8098F8003003F0FF05002BF2
:1087300054D10746FDF7E4FD0423064688F80150AE
:1087400040F2231A88F8003040F2191988F82E50A8
:10875000A8F86450ECF7C4FA40F23B1300280DF17E
:10876000070018BF9A4640F2311318BF9946ECF73C
:10877000F5FF02A89DF90740ECF7F6FF9DF80830D9
:10878000AC462A461C4398F82F3064B2002C18BF20
:10879000D1462C4602320CF1010C58F822105FFA37
:1087A0008CF2494493420C44F4D200211948C8F891
:1087B0005040E9F765F92028307023D03B4600226D
:1087C000012102A8FEF7ACFFB8B102A93078E9F7A1
:1087D0007DFB68B1284608B0BDE8F0870C25284627
:1087E00008B0BDE8F0871125284608B0BDE8F0873D
:1087F00040F296413520EDF723FD40F295413520BA
:10880000EDF71EFD40F293413520EDF719FD00BF55
:10881000181700214D800101024B9B6A0360FFF78E
:1088200041BD00BF18170021014B83F86900704754
:1088300018170021C0F89012704700BFF0B583B040
:108840000746ECF74DFA40F24921002840F2312565
:108850000DF1060040F2272618BF0D4640F23F21D9
:1088600018BF0E46ECF77AFF0DF107009DF90640A0
:10887000ECF77AFF9DF8071038460C4364B2002CE1
:108880000CBF31462946F4F7FFF9B0F5296F28BF30
:108890004FF4296080B203B0F0BD00BFF8B5334E8D
:1088A0000446E9F75BF90546B769FDF729FD43780A
:1088B000062C56D8DFE804F0270404073604040029
:1088C00001252846F8BD13F00C0F14BF4FF461705A
:1088D0004FF45770EC1BB36B6FF48772044413446E
:1088E000A3428CBF01250025EBD8FEF739FC0028F8
:1088F000E7D0B56B6FF487731D44AC422CBF0025E5
:1089000001252846F8BD082B0FD0042B1ED0022BC2
:1089100023D05A1E072A1CD8DFE802F0111B1B0ABD
:108920001B1B1B0A4FF4FC70D4E74FF4E560D1E742
:10893000042B4FF0A00404D104F21620CAE74FF430
:10894000A874022B0AD004F1C000C3E74FF4A0744E
:10895000F2E7F5210520EDF773FC482404F1B0009F
:10896000B8E740F28F513520EDF76AFC1817002167
:1089700070B5104C04F07AFD054694F86930E66E47
:1089800043B9B54204D894F8680080F0010070BD86
:10899000002070BD0246216F3046F1F795FEB042CF
:1089A000E066EED0636F9E1B30446067EAF7DAF84A
:1089B000E66EE6E7181700212DE9F041044688B07D
:1089C000042900F2BE80DFE801F09E0D0313600071
:1089D000042384F8A83205F0A3F808B0BDE8F041FC
:1089E000E8F7D4BE032380F8A83208B0BDE8F081D0
:1089F000D0F8C40240F22317B4F8C01240F219169E
:108A000065696062514821858567D4E9B223626156
:108A1000E361ECF765F940F23B13002840F23111B5
:108A20000DF107001CBF1F460E46ECF797FE02A88B
:108A30009DF90750ECF798FE454A94F86E109DF8A2
:108A4000083094F86F802B4332F8115040465BB2E7
:108A500005F29D75002B18BF3E4605F03DFC18F051
:108A60000C0F05443B48314614BF28220022A0FBCE
:108A70000535204602EB9512C432F4F763F8022361
:108A800084F8A83208B0BDE8F081ECF729F940F28B
:108A90003B13002840F231110DF1070040F223177B
:108AA00040F219161CBF1F460E46ECF757FE02A8EF
:108AB0009DF90750ECF758FE9DF8083094F86E10B9
:108AC000234A2B4394F86F8032F811505BB2404632
:108AD000002B18BF3E4605F29D7505F0FDFB0246D2
:108AE00018F00C0F1B4B1544314614BF28220022EE
:108AF000A3FB0535204602EB9512C43208B0BDE851
:108B0000F041F4F71FB8114B93F8682002F0FF030F
:108B1000002A7FF45DAF0146012202A8FEF7DAFBCE
:108B200002A994F8A902E9F7D1F928B1B4F8A8305C
:108B30000133A4F8A8304EE740F669213520EDF75F
:108B40007FFB40F686313520EDF77AFB18170021C0
:108B5000DCB30201D34D62102DE9F04F8DB0FDF76B
:108B6000CFFB0546FDF72EFB032800F09581022878
:108B7000024600F08480022303932C795F2C4FEA95
:108B8000541200F28780CA4BDFF82883134493F80D
:108B900014A0BAF1080F04D100234FF0040A88F89A
:108BA000403095F9022004F01F06EC78002AAA78DC
:108BB00044EA0624DFF80093ACBF1E264FF49676F5
:108BC000D30906FB04F414BF4FF496771E2704F074
:108BD00029FC241A04F04AFCAA7804EB070B029043
:108BE00012F0400F14BF32264FF4FA7609F013FC4E
:108BF0003044B24E0BFB0066B14840F2052BA0FB9F
:108C0000063604F009FC05F067FB00F2E730B60C0D
:108C1000A9FB0030A4EB9014ECF762F840F2272295
:108C2000002840F20F210DF11700A4EB060418BF35
:108C3000154640F21D220CBF0D469346ECF78EFD03
:108C40009DF9172006A80192ECF78EFD9DF81800FB
:108C5000019A0243A4F1590052B2002A18BFAB4650
:108C600058451CD998F80140002C00F0958098F8E0
:108C70001430002B40F084800DB0BDE8F08F6B798C
:108C80002C79022B08BF01225F2C03924FEA541269
:108C90007FF679AF4FF0000ADFF8188281E750467F
:108CA000103C05F011FB824A029B014602EB8A024E
:108CB000504603EB040B926902F2E73C0192A9FBD8
:108CC0000C3C07EB9C17203707EB46065E440E442E
:108CD00005F0FAFA371A504605F0FEFA019AA7EBAA
:108CE0000B07BAF1040FA2EB0002A9FB0239A7EBB4
:108CF000991900F01381BAF1020F00F01C811AF0EB
:108D00000C0F09F5147940F03E8128224FF4B07021
:108D1000029BBAF1020F4FF0000103F23B250CBF9A
:108D20004FF482634FF402632C44134404444C44D4
:108D30000C441C44D8F83830A34280F0D480E41AA4
:108D4000742C38BF74242344B3F1807FC0F0BA8000
:108D500001210220FDF7D8FA98F81430002B86D0B4
:108D600098F80130002B82D11A46194606A8FEF762
:108D7000D7FC002840F0F180012388F8023076E724
:108D800004F0CEFEE8F702FD002388F8143088F8DE
:108D900015300DB0BDE8F08F029D0544504605F03A
:108DA00093FA434A02EB8A02D2F818B04AF2A1328F
:108DB0005A44A9FB023207EB9217603707EB4606CD
:108DC0000644504605F080FA0746504605F084FAFE
:108DD000ABEB000BF71BBAF1040FA9FB0B39A7EBA8
:108DE00099195CD0BAF1020F00F0AA801AF00C04B5
:108DF00009F56C7140F0C48009F2EB5928224FF458
:108E0000026313444C441C4400238DF818300123A2
:108E10008DF82330EBF764FF00280DF116000BBF2F
:108E20004FF0A20B4FF0BA0B4FF098094FF0B0097A
:108E3000ECF794FC0DF117009DF91670ECF794FC1B
:108E4000039BC8F844608DF822309DF817300794D2
:108E50001F43D8F82030C8F838407FB2002F18BF21
:108E6000D946ED18D8F82430ADF8209043F100032E
:108E70000A95C8F820500B93C8F82430FDF740FA43
:108E800006A90078E9F722F800287FF4F0AE40F652
:108E90001D213520EDF7D4F9012303936DE609F682
:108EA000F7394FF4BF7250244FF48253A9E700BF43
:108EB000DCB3020118170021D34D62103F420F00AE
:108EC00083DE1B4303992046E9F76AFF00287FF4FD
:108ED0003FAFD8F838002044C8F83800FE38C8F84A
:108EE0007400E9F73FFE98F82E100222002306A82E
:108EF000CDF820B006968DF824108DF81C208DF842
:108F00002530FCF7A9FFB0BBFCF7C4FF00283FF4F5
:108F1000B3AE40F658213520EDF792F9029B09F2E5
:108F2000CE5950214FF4BF7203F23B2540F2EE3090
:108F30004FF48253F8E609F596791822B420E7E653
:108F400009F5F0711822BAF1020F01F23B290CBFAA
:108F50004FF482634FF4026353E7FDF7D1F906A99A
:108F60000078E8F7B3FF00287FF481AE40F6932144
:108F70003520EDF765F940F657213520EDF760F91A
:108F800028225024DFE7029B502128224FF4B070A2
:108F900003F23B254FF40263C6E600BF10B5144C44
:108FA00086B0237D0BB1637863B1237D0BB906B026
:108FB00010BD04F0B5FDE8F7E9FB002323756375E8
:108FC00006B010BD1A4619466846FEF7A9FB10B94F
:108FD0000123A370E9E7FDF793F969460078E8F704
:108FE00075FF0028E1D140F693213520EDF728F9EF
:108FF0001817002101282DE9F04F05468FB03AD807
:10900000DFF8E882002700F0010AD8E9069302930E
:1090100004F02CFA0446FDF773F93A464678D8F87E
:10902000281066F3070266F30F22A1F86E20FF22D4
:1090300016F00C0FD8F8280081F8702014BF012119
:1090400039463030F3F71AFC31465046F1F7D8FC78
:109050008346304605F040F9012D55D1082E00F029
:10906000FB80042E00F0C980022E14BF4FF4FC7167
:109070004FF4A6714AE0831E012B00F213819B4C32
:1090800000230127A5F10305A66A84F82C70B5FA20
:1090900085F586F8A83223786D09052B84F82D50C4
:1090A0002DD196F8A83203F0FF05002B40F018816F
:1090B00096F8A932202B40F0098131468C48E8F718
:1090C000DFFCA16A86F8A90291F8A932202B00F0F2
:1090D00002812B4608A83A46FEF7FCF8A36A08A9C5
:1090E00093F8A902E8F7F2FE002800F0E580237D5E
:1090F000A562002B40F0A4800FB0BDE8F08F40F6D1
:1091000046313520EDF79CF84FF4FC7100F2E73260
:109110001BEB0400029B47F1000710EB090043EB37
:10912000070C744F744B37F816703A44A3FB0232A5
:109130009209801A6CF1000C43184CF10002049360
:109140000592D8F82820D2F814B0039202F0D8FA89
:109150006A49039A814253D0049BD2E9A201059A3D
:10916000009301925A4602F0F9FA83450246C0F094
:10917000A880D8F87C1091424AD9D8F828B0DBF8FA
:1091800014100A44CBF8241005200392F1F780FC58
:10919000ABF82800D8F82800039A416A008D511ACC
:1091A000814280F08480012D47D1082E51D0042EB9
:1091B00075D0022E14BF4FF4FC704FF4A670144407
:1091C000314607F2E73704445046F1F719FC0444EE
:1091D000304605F081F807444748D8F82820A0FB1E
:1091E0000737029BA4EB971717EB090743F100031E
:1091F000C2E9A2730FB0BDE8F08F40F2864185E767
:1092000092F8730058BB0246D8F87C109142B4D84B
:10921000D8F82810104603924969F1F76BFCD8F88A
:1092200028B0DBF81410F1F75BFCCBF82400D8F879
:1092300028B0039ADBF81410A6E74FF4FC70BEE7E1
:1092400004F06EFCE8F7A2FA257565750FB0BDE86D
:10925000F08F40F6E830B2E740F6E83156E7D8F84C
:109260004810D8F84C3006910393079202F0D4FAD4
:10927000039B069940B9079AB2F9A4C2A2F8A402C6
:109280001CEB010143EBEC73049A0846194600926B
:10929000059A01925A4602F061FA024669E740F2E5
:1092A00086408CE740F602413520ECF7C9FF40F6D6
:1092B0001D313520ECF7C4FF40F202513520ECF7A8
:1092C000BFFF40F2F5513520ECF7BAFF40F2FB4109
:1092D0003520ECF7B5FF40F2FF413520ECF7B0FF49
:1092E00040F2F9413520ECF7ABFF00BF1817002121
:1092F000B9750101DCB30201D34D62106017002182
:10930000014B1878704700BF18170021074B5B68A6
:1093100093F8B120122A07D100221521104683F8B4
:10932000B62083F8B11070470220704798170021CB
:10933000024B00225B6883F8F020704798170021E9
:10934000034B00225B6883F8B22083F8F02070475B
:109350009817002110B50E4C00236068194690F84C
:10936000B220A030F1F7F2F868B96068002390F8F5
:10937000B120A0301946F1F7E9F818B1636800226E
:1093800083F8EC2010BD6068002380F8F030EDE732
:109390009817002170B50F4C84B06368CDE90010B8
:1093A00093F86E6093F86F50F1F796FAC2B2C0F37B
:1093B00007206368964208BF0022854283F8BA22DC
:1093C00003D083F8BB0204B070BD002283F8BB2237
:1093D00004B070BD9817002170B53A4E0023706834
:1093E000194690F8B220A030F1F7B0F858B374687D
:1093F00094F8F3309A0732D513F0010547D021468F
:1094000004F1F4000122F3F7C5F9746894F8B1305F
:10941000012B08D094F85A211AB1002284F85A215D
:1094200063B1002070BD002394F85A2184F8B13054
:1094300084F8EC30002AF4D084F85A31002318461E
:1094400084F8EC3070BD03467068082190F8B120B4
:10945000A030F1F77BF80028C9D1012070BDB068B9
:10946000F2F756FB84F8FD007468B26894F8F330A4
:10947000B2F8051043F00203A4F8FE1013F0010542
:10948000B2F8072084F8F330A4F80021B7D12B46B6
:1094900094F8B22004F1A0002946F1F757F860B122
:1094A0007468012394F8F32084F8B23084F8F03023
:1094B000D307A4F8EE50A9D5A1E740F2A231362097
:1094C000ECF7BEFE9817002138B51E4DA868F2F7DC
:1094D000B7FB0446A868F2F7B7FB032C05D0FE2CB7
:1094E00014BF00240224204638BD696891F8B130C9
:1094F000192B01D0162B1CD191F8F230CBB991F871
:109500007C4281F8F13081F8EC30ACB90B8809224B
:1095100081F87E0201F51D70A1F8803281F8824247
:1095200081F8D042F3F736F96B68204683F8B140F2
:1095300038BD0224204638BD40F23D313620ECF7DC
:109540007FFE00BF9817002138B50F4C606890F877
:10955000B130192B01D0022038BD00F5907300F214
:10956000EB21002200F2DB20F0F704FF0025636806
:10957000012100241B22002083F8B61083F8B120BB
:10958000C3E9444538BD00BF9817002110B50C4C05
:10959000616891F8B130162B01D0022010BDA0688F
:1095A00001F2F321F2F7A6FAD4E9011001F59A715C
:1095B000F2F7AAFA63681922002083F8B12010BDDF
:1095C0009817002108B5074B5B6893F8B1201B2A58
:1095D00003D11D2283F8B12008BD40F2D3613620AB
:1095E000ECF72EFE9817002108B5094B5B6893F83D
:1095F000B120152A06D10121142283F8F21083F834
:10960000B12008BD40F2C3613620ECF719FE00BF5F
:109610009817002110B50A4C00236068194690F88D
:10962000B220A030F0F792FF20B16368002283F8E7
:10963000F02010BD40F2A2613620ECF701FE00BF21
:109640009817002110B50A4C00236068194690F85D
:10965000B120A030F0F77AFF20B16368052283F8CB
:10966000B12010BD40F2F4613620ECF7E9FD00BFF7
:109670009817002110B5154C606890F8F33013F07E
:10968000020311D0002380F8EC3080F85A31002317
:1096900090F8B220A0301946F0F758FF18B163686F
:1096A000002283F8F02010BD90F8B1201946A030B8
:1096B000F0F74CFF20B16068012380F8B130E6E795
:1096C0004FF4DC613620ECF7BBFD00BF981700219A
:1096D00010B50D4C00236068194690F8B120A030F9
:1096E000F0F734FF636810B993F8F22032B101212A
:1096F000162283F8F11083F8B12010BD40F2CA6140
:109700003620ECF79DFD00BF9817002110B50B4CDB
:1097100000236068194690F8B120A030F0F716FFDA
:1097200038B163680121122283F8F11083F8B12067
:1097300010BD40F2BB613620ECF782FD9817002186
:1097400010B50A4C00236068194690F8B120A0308B
:10975000F0F7FCFE20B163680F2283F8B12010BD42
:1097600040F2B5613620ECF76BFD00BF9817002181
:1097700010B50A4C00236068194690F8B120A0305B
:10978000F0F7E4FE20B163680D2283F8B12010BD2C
:1097900040F2AF613620ECF753FD00BF981700216F
:1097A00010B50A4C00236068194690F8B120A0302B
:1097B000F0F7CCFE20B16368042283F8B12010BD1D
:1097C00040F29C613620ECF73BFD00BF981700216A
:1097D00010B5094C00230121606890F8B320A03037
:1097E000F0F7B4FE38B96368092283F8EC0083F817
:1097F000B32083F8F00010BD9817002110B50C4C71
:1098000000236068194690F8B220A030F0F79EFE61
:1098100058B163680022012402211046A3F8EE200B
:1098200083F8F04083F8B21010BD012010BD00BFD6
:109830009817002110B50A4C00230921606890F8A0
:10984000B120A030F0F782FE38B16368002283F8BF
:10985000E02083F8EC2083F8B120002010BD00BF89
:109860009817002110B50A4C00236068194690F83B
:10987000B220A030F0F76AFE20B16368002283F8BE
:10988000F02010BD4FF4E1613620ECF7D9FC00BFA9
:109890009817002110B50A4C00236068194690F80B
:1098A000B120A030F0F752FE20B163681F2283F888
:1098B000B12010BD40F201713620ECF7C1FC00BFB1
:1098C0009817002110B50A4C00236068194690F8DB
:1098D000B120A030F0F73AFE20B16368222283F86D
:1098E000B12010BD40F211713620ECF7A9FC00BF89
:1098F00098170021104A137BBBB901280AD0D389DD
:109900005B0714D5536893F8B330B3F1080018BF60
:1099100001207047526841F64B515069884204D982
:10992000B2F85410128F914203D9002070470120E1
:109930007047FFF71DB800BF9817002138B51D4DBF
:10994000696891F8B1301D2B2CD1002391F87C422D
:1099500081F8F13081F8EC3081F8D0322CBB91F8ED
:10996000F23093B90A88012301F51D7081F87E4217
:10997000A1F88022092281F88232F2F70BFF6B688E
:109980000022204683F8B12038BD0B880A2201F559
:109990001D7081F8F24081F87E42A1F88032F2F722
:1099A000F9FEECE70224204638BD4FF45971362009
:1099B000ECF746FC9817002110B5164C002382B036
:1099C0006068194690F8B220A030F0F7BFFD10B9DA
:1099D000012002B010BD6946A068F2F7F3F803F069
:1099E00063F9009A636844F62F140240019801401D
:1099F00022400020012401F00601C3F80221A3F84F
:109A0000EE00C3F80611042183F8F04083F8B21089
:109A100002B010BD9817002130B51F4C83B0002351
:109A20000721606890F8B120A030F0F78FFD10B9E1
:109A3000012003B030BDA0686946F2F7C3F803F017
:109A400033F9009D63686A462840019D294000253E
:109A500001F0060183F8EC5083F85B51C3F806115E
:109A600044F62F1183F8F4510840C3F8020103CAE9
:109A70000522C3F8F801C3F8FC1119461B8801F54B
:109A8000F570A1F8F631F2F785FE6368284683F891
:109A9000B15003B030BD00BF9817002170B50D4D17
:109AA00000230121686890F8B320A030F0F74EFD44
:109AB00070B90446D5E90160F1F7E8FF6B68082248
:109AC00086F8B40083F8F04083F8B32083F8EC40C4
:109AD000002070BD98170021F8B5404D00F003023A
:109AE000EB89032A43EA0003EB8172D087070C4617
:109AF00011D5C607296100D5A960E378062B3BD0B4
:109B00000B2B0BD16B6893F8B120152A06D10022DC
:109B100083F8B72002E0C30700D5A960810601D50C
:109B200008232B73020600D4F8BD6A6841F64B5334
:109B3000E0785569B2F8A8109D42B2F81CC00CD963
:109B40000623614401280B449BB20FD008BB190ABD
:109B5000A2F8BE326373A173F8BD4AF6C8736144BC
:109B60000128B3FBF5F30B449BB2EFD1190AA2F81D
:109B7000B6326372A172F8BD6B6893F8B1201B2AEC
:109B8000CCD1002600270122C3E9466783F8B7201D
:109B9000C4E71828C8D1B2F8BA1289B192F8BA123B
:109BA00011F00C0F13D092F86E0010F00C0F0ED0C5
:109BB00081420CD092F8BB12002914BF1946002133
:109BC0002046A2F8B812BDE8F840F2F721B81946CD
:109BD000F6E740F644313620ECF732FB98170021C7
:109BE00010B5204C626892F84231072B24D9A3F1BA
:109BF0000801C9B203290FD90B2B0CD90C2B2BD17F
:109C000000230320012182F8423182F83C01A2F8AE
:109C1000E83082F8EC1010BD03F59473C1F1040133
:109C2000D018C9B2ECF756FD626892F8423103448D
:109C3000DBB282F84231DFE7C3F1080103F2EB2324
:109C4000C9B2D018ECF746FD626892F8423103447D
:109C5000DBB282F84231CAE740F645213620ECF704
:109C6000EFFA00BF9817002110B5194C616891F800
:109C70006E30B1F800C05A1E81F8E401A1F8E6C1C7
:109C8000072A20D8DFE802F005051F041F1F1F0464
:109C9000032391F86F0081F8E831431E072B12D897
:109CA000DFE803F00505110411111104032011224E
:109CB00081F8E90101F5ED70F2F76CFD63680022AF
:109CC00083F8542110BD40F2C2210620ECF7B8FA07
:109CD0009817002170B5244C636893F8BA1209B93B
:109CE00093F86E1093F8BB220AB993F86F2083F8AB
:109CF0006E1083F86F20FF22002083F87020FFF79A
:109D0000B3FF60683030F2F76BFD042106466068EF
:109D1000FEF752FE60683030F2F762FD864205467B
:109D200006D360680125F2F7C9FD90B9284670BDD9
:109D3000E9F726F80146A81B742838BF7420E9F714
:109D40002FF8B0FA80F560686D09F2F7B7FD0028CA
:109D5000ECD061680B4601F5D17231F8300BF2F7A7
:109D60002DFE284670BD00BF9817002110B51A4C73
:109D7000636893F8B220B3F8BA02242A11D093F89A
:109D8000B120262A23D130B1272283F8B120002226
:109D900083F8EC2010BD83F8B100FFF765FF63681E
:109DA000F5E748B993F8542183F8B200012A0AD0A4
:109DB000002283F8542102E0272283F8B2200022F7
:109DC00083F8F02010BDFFF74FFF6368F0E740F223
:109DD0003D713620ECF734FA981700212DE9F04157
:109DE000254C82B000230A21606890F8B120A03091
:109DF000F0F7ACFB18B9012002B0BDE8F081A06813
:109E0000F1F7ACFED8B96168002491F8643081F8AC
:109E1000EC40012B81F8B14006D10223204681F8A5
:109E2000643002B0BDE8F0810B4601F5D17231F823
:109E3000300BF2F7C3FD204602B0BDE8F081D4E953
:109E4000013003F13008F1F785FE0546A068F1F70F
:109E50007DFE0646A068F1F77FFE0746A068F1F791
:109E600077FE3B460090324640462946F2F7FEFC1C
:109E70006068F2F723FDC6E79817002138B5314C2A
:109E8000D4E901531B7995F8B120142B05D0162B7A
:109E90003CD0122B1FD0002038BD00230A2105F131
:109EA000A000F0F753FB0028F5D06168002291F87C
:109EB000023191F8640023F0200381F8B1200128D9
:109EC000A1F8E82081F8EC2081F8023131D1022399
:109ED00081F86430DFE70023092105F1A000F0F7E5
:109EE00035FB0028D7D060680023092190F8B12005
:109EF000A030F0F72BFB0028CDD06368002283F858
:109F0000E02083F8EC2083F8B120C4E7222AC2D1F4
:109F100095F8033100221A2023F0090385F8B120B7
:109F2000A5F8E82085F8EC2085F80331FFF79CFEC2
:109F3000B1E70B4601F5D17231F8300BF2F73EFD77
:109F4000A9E700BF9817002138B51A4D696891F844
:109F5000B130A3F112020C2A02D90224204638BDE6
:109F6000192B01D0162BF8D191F8F230002BF4D137
:109F7000AA6891F87C42127981F8F13081F8EC30CE
:109F800094B90B8801F51D7081F87E220922A1F891
:109F9000803281F8824281F8D042F2F7FBFB6B6895
:109FA000204683F8B14038BD40F23D313620ECF711
:109FB00047F900BF98170021F0B52F4D85B06B68A9
:109FC00093F8B130222B02D0012005B0F0BDA86873
:109FD000F1F70AFE0446A8B3AB6800261A795B794C
:109FE00002F00702ADF80E6003F007038DF80C20B5
:109FF00001228DF80D306B68039983F8EC2026223E
:10A00000D3F8560183F8B120A3F8E86093F86E7096
:10A0100093F86F400290F0F75FFCC2B26B68C0F338
:10A020000720974214BF83F8BA2283F8BA628442A9
:10A0300004D083F8BB02002005B0F0BD002283F8F5
:10A04000BB22F8E7D5E90132D278172A83F8392103
:10A050000DD1032101221E20A3F8E84083F8B1109E
:10A0600083F8EC20FFF700FE204605B0F0BD40F27B
:10A07000EB513620ECF7E4F8981700212DE9F04178
:10A080003A4C002382B06068194690F8B220A030A4
:10A09000F0F75CFA18B9012002B0BDE8F081A068C1
:10A0A000F1F75CFD0546002840D0D4E90150F1F7F6
:10A0B00051FD0646A0683035F1F748FD0746A06817
:10A0C000F1F74AFD8046A068F1F742FD43463A4663
:10A0D000009031462846F2F7C9FB636893F8B12037
:10A0E0001F2A3ED093F86420012A02D093F84B2116
:10A0F00062B1212283F8B220002201211046A3F888
:10A10000EE2083F8F01002B0BDE8F08193F84A2108
:10A11000002AEED11946202283F8B22003F5DC7222
:10A1200031F8300BF2F72EFC6368E5E760682B46E8
:10A13000294690F8B220A030F0F708FA0028AAD0FB
:10A1400001222846D4E901310324C978A3F8EE504E
:10A1500083F8B24083F8381183F8F02002B0BDE8EC
:10A16000F081012283F86420C3E700BF9817002123
:10A1700030B54B4C002383B06068194690F8B2208C
:10A18000A030F0F7E3F998B3636893F8B130263B59
:10A19000022B02D8202003B030BD01A8EDF724FD2A
:10A1A00048BB014660680DF10203162290F8B10029
:10A1B000F0F70CFC30B36368162200209DF80240D3
:10A1C0002F2183F83B210122A3F8EE0083F83A41C6
:10A1D00083F8B21083F8F02003B030BD60682B46DE
:10A1E000294690F8B220A030F0F7B0F900283FD10E
:10A1F000012003B030BD019B0DF10301DB788DF828
:10A200000330CFE7A068F1F7E3FC05460028E5D06E
:10A21000D4E90112137991F8550103F0070381F88D
:10A220006630527902F0070281F86720A0B991F8F0
:10A230005401012810D091F86F00984227D0088867
:10A2400081F8D9211B22A1F8D60101F5E67081F829
:10A25000D831F2F79FFA61680023242401221846BE
:10A2600081F8B24081F8F020A1F8EE3003B030BDA3
:10A27000D4E9013101220324C9782846A3F8EE501D
:10A2800083F8B24083F8381183F8F02083E791F81F
:10A290006E009042D3D1022381F85431DCE700BF35
:10A2A000981700212DE9F041A34C07460E4682B0D5
:10A2B000E2896168D00540F18A800023A1F8E2308C
:10A2C00091F8B730002B00F08C80130500F19C80D2
:10A2D000D1F8D430D1F8D80001338342C1F8D4305A
:10A2E00040F2ED80012581F8E050834208D300233D
:10A2F0000C2201F5CC70C1F8D430F2F74BFAE289A8
:10A3000012F4407F05D0606890F8B530002B00F063
:10A310007981012F7ED0002E7CD1E68971070ED580
:10A32000636893F8B120032A00F0A28393F8B32066
:10A33000082A04D101222275002283F8B320B20733
:10A3400000F1C5803307656800F1D28016F0010680
:10A3500095F8B12040F08581237B190700F19881A1
:10A36000A2F10D03012B40F2EB800F3A012A07D82E
:10A37000B5F8A830B5F8BE220133934200F0EA8167
:10A38000656895F83C31FE2B00F0BE8195F84831A8
:10A39000002B44D0B5F8E6300133A5F8E630002FA5
:10A3A00048D1237D022B00F03381012B00F0A081E6
:10A3B000002E6AD0F20600F1238133073AD4B707A2
:10A3C00040F03582B60640F1FD83232333E0B1F837
:10A3D000E2300133A1F8E23091F8B730002B7FF47E
:10A3E00074AF91F8B12001F1A0000621F0F7AEF8AA
:10A3F000E289002884D0100561687FF569AF91F883
:10A40000B730002B3FF464AF0023C1F8D43077E7B6
:10A4100085F8B402656895F84831002BBAD195F8F3
:10A42000B320012105F1A000F0F790F80028B1D188
:10A43000002FB6D03D2305F1C8000822616885F8D9
:10A44000D130F2F7A7F9606895F8D010B1B10023C8
:10A450000221A5F8B13085F8B530FEF7ADFA636892
:10A4600093F83C21012A04D1D3F8B0221378013BA0
:10A47000137002B0BDE8F041EDF7C8BBFEF79CFADF
:10A4800002B0BDE8F041EDF7C1BB95F8EC30002B10
:10A4900000F08480B5F8E830B5F8EA20591C9A42FB
:10A4A000A5F8E8107AD8606822230146082205F151
:10A4B000C80085F8D130F2F76DF96068C4E78D8B7C
:10A4C000A0EB030C0535AC453FF60FAF0AE7236957
:10A4D000DB78252B00F2D182184A52F82330002B6A
:10A4E00000F0CB829847E689656833077FF52EAF89
:10A4F00095F83C311C2B00F29580DFE813F07B01CE
:10A500006D0193008A0193009300930093009300E0
:10A5100093009300930093009300930093009300A3
:10A520009300930093009300930093009300930093
:10A530009300930093008B0098170021B003002133
:10A54000B5F8A830B5F8B622013393427FF418AFBE
:10A55000D5F8B03203212846D3F80120C5F8BA2037
:10A560005B7985F8BE30EFF7D7FDD5F8B0321B78B0
:10A57000002B00F02283636893F83C21012A04D069
:10A58000D3F8B0221378013B1370002385F8B13063
:10A59000FF2395F8B12085F80A31E6E695F9F03009
:10A5A0004BB1B5F8EE30B5F8EA20591C9A42A5F83F
:10A5B000EE107FF678AFB5F8E630B5F8E4206068C5
:10A5C000934204D390F8481100297FF46DAFB5F899
:10A5D000EA1099427FF668AF95F8B530002B00F08D
:10A5E0003781B5F8E2309342FFF42EAF08220146DE
:10A5F00005F1C80085F8D120F2F7CCF8606823E7B0
:10A600001E2318E7012180F8B510FEF7D5F980E682
:10A61000162310E7002285F85C21656895F83C3127
:10A6200085F8EC20FE2B00F0D28295F8B120FE23B5
:10A630000F2A85F83C3100F00681272A00F0FE80C1
:10A640000D2A00F0F68095F8B330092B04D10223CF
:10A650002375002385F8B330E68916F001063FF430
:10A660007BAEA36805F1A0000521DD780023EFF79C
:10A670006DFFD8B1023D0F2D00F29080DFE805F0AC
:10A68000168E1616168E8E8E8E168E168E8E8E1632
:10A6900005F1A00000230521EFF758FF054600282B
:10A6A00048D06568082695F8B12059E6A068F1F70A
:10A6B00061F90646002876D0A368DB78252B00F2E6
:10A6C000CE80A14A52F82330002B00F0C880984772
:10A6D00065680646D5F8183195F8B1200133C5F8FC
:10A6E0001831D5F81C3143F10003C5F81C3133E6AD
:10A6F000616805F1C800082291F8B43085F8D130BE
:10A70000F2F748F860689FE695F8B32005F1A000DD
:10A7100000230121EFF71AFF656800287FF436AEA9
:10A7200095F84881B8F1000F00F0A680022385F863
:10A730003C312BE669460090EEF700F9009B2BB107
:10A740001D72222261680098F2F724F8656895F876
:10A75000B12005E62B884FF00008D5F8C802A5F80F
:10A760000C32F0F76BF9D5F8CC32A5F80E020622C0
:10A77000294605F50070C5F8103285F80A82F2F70F
:10A7800009F80221284685F8BC82EFF7C5FC0321B1
:10A790002846FEF711F985F8B180F1E565680826CD
:10A7A00095F8B120D8E560683346314690F8B2207C
:10A7B000A030EFF7CBFE002800F04E81D4E9015322
:10A7C000DB78A5F8EE6085F83831032385F8B230E0
:10A7D000012385F8F0307DE7B5F8A830B5F8B6224A
:10A7E0009B1A18043FF521AFD5F8B0221378013B2E
:10A7F00013701AE7B5F8A830B5F8BE229B1A1E04EC
:10A800003FF513AF002385F8BC32656895F83C31FD
:10A8100008E795F8B13003F0FD02192A3FF405AFBF
:10A82000162B3FF402AF002385F8D032FDE62A2331
:10A8300001E60E231A4685F8B13004E728231A46AC
:10A8400085F8B130FFE610231A4685F8B130FAE6F4
:10A85000B5F8E230052B7FF6F7AD3E2325E66068BC
:10A86000002390F8B2201946A030EFF76FFE0028C1
:10A8700000F0F2800026A1E795F8B12005F1A000D4
:10A8800043464146EFF762FE656820B195F8E03037
:10A89000002B40F0E48095F8B120D31E232B13D871
:10A8A000DFE803F0CF121212121212121212121259
:10A8B0001212121212CBC91212121212BF1212125B
:10A8C00012121212121212B805F1A0000023042174
:10A8D000EFF73CFE00287FF49DAD606890F8B23041
:10A8E000013B2E2B38D8DFE813F037012E0146014B
:10A8F00027013700310037003700370037003700B5
:10A90000370037003700370037003700370037008F
:10A91000370037003700370037003700370037007F
:10A920003700370037003700EA00EA003700370009
:10A93000D6003700370037003700370037003700C0
:10A94000370037003700CD00180300211B2380F8A3
:10A950003C31002380F8B230656895F83C31FE2B1D
:10A960007FF414AD002395F8B12005F1A00019463D
:10A97000EFF7ECFD002840F03881656895F83C3130
:10A98000FE2B7FF403AD002395F8B12005F1A00064
:10A990001946EFF7DBFD656800283FF4F7AC95F842
:10A9A000B432002B3FF4F2AC95F8B200EFF7BEFDE5
:10A9B000656800287FF4EAACB5F8A8300A2B7FF66A
:10A9C000E5AC6846F0F7C0F8656800283FF4DEACF7
:10A9D0000522684605F1BA01E9F7D0FF00283FF4E7
:10A9E00017ADD5F8B0120B78002B40F0F580009829
:10A9F000C1F801009DF804304B7163680120D3F861
:10AA0000B0120A7802440A7083F83C01002283F8ED
:10AA1000B422FFE4182385F83C310023A5F8E83080
:10AA2000B4E4062385F83C310023A5F8E83001237F
:10AA300085F8EC30AAE40B23F4E7FFF7D1F865685A
:10AA4000A4E495F8393185F83E31072385F83C3187
:10AA5000002385F8B13099E4656801263AE60123C0
:10AA6000A5F8E88085F8EC30122385F83C318DE4B8
:10AA70004FF4CC613620EBF7E3FB40F26D713620EA
:10AA8000EBF7DEFB112380F83C310023A0F8EE3019
:10AA900080F8B23060E790F85431012B76D090F80E
:10AAA0005431022B7FF458AFD0F86610D0F86A000A
:10AAB000FEF770FC6368182283F83C214CE790F89D
:10AAC0004B51002D7FF448AF90F84A3193B190F884
:10AAD000B13000F2BA2200F5A571273B012B8CBFE3
:10AAE00000230123F1F77EFE6368212283F8B22060
:10AAF00083F84A51606890F8B230212B7FF42CAF74
:10AB0000F1F7DCFE616891F86430012B4DD102232E
:10AB100081F864306368B3F84E20A3F83E21B3F89F
:10AB20005220A3F84021152283F83C210022A3F8EB
:10AB3000EE2083F8B2200FE7092380F83C31002390
:10AB400080F8B23008E7132380F83C310023A0F8E6
:10AB5000EE3080F8B230FFE60C2380F83C31002361
:10AB6000A0F8EE3080F8B23090F8F33043F00103F3
:10AB700080F8F330F0E690F8383180F83E31072362
:10AB800080F83C31002380F8B230E5E690F855318A
:10AB9000002B84D1D0F86610D0F85601FEF7FAFBEE
:10ABA0006368182283F83C21D6E60B4601F5D17282
:10ABB00031F8300BF1F702FFACE740F20921362003
:10ABC000EBF73EFB40F6D1313620EBF739FB40F294
:10ABD00079713620EBF734FB013168460522E9F73D
:10ABE000CDFE00283FF409AF14E4636893F8BC225B
:10ABF000AAB9606890F8D03203F0FF020BB390F866
:10AC0000B630DBB190F8B7309BB10A2380F83C3105
:10AC10000023A0F8E830012380F8EC30ADE693F88B
:10AC2000B200EFF783FC0028E3D1626882F83C01B0
:10AC3000A3E64FF400613620EBF702FBFEF7D0FFEE
:10AC40009BE690F85B31ABB990F85A31DBB190F8E4
:10AC5000F33013F003027FF490AE43F00103A0F849
:10AC6000E82080F8F3300C2380F83C31012380F891
:10AC7000EC3082E60123A0F8E82080F8EC300823CD
:10AC800080F83C3179E690F84A314BB390F84B317B
:10AC900033BB90F8B23000F5A57100F2BA22272B31
:10ACA00036D090F8B130273B012B8CBF0023012315
:10ACB000F1F798FD6368002283F84A216368A3F8DE
:10ACC000E820012283F8EC20B3F84E20A3F83E21BF
:10ACD000B3F85220A3F84021142283F83C214CE61B
:10ACE00090F85431012B1FD0606890F85C31002B34
:10ACF0003FF443AE634B00F5B0711B68984748B111
:10AD000002287FF43AAE6368002283F85C2134E6BF
:10AD10000123CDE76268012382F8EC301C23A2F8FE
:10AD2000E80082F83C3128E690F85531002BDBD161
:10AD300090F8B200EFF7FAFB0028D5D1606890F8E0
:10AD40006E104B1E072B05D8DFE803F03A220409EA
:10AD50000404040940F2C2210620EBF771FA90F8CE
:10AD60006F30013B072BF5D801A252F823F000BF4A
:10AD7000FDAD0101F1AD010155AD010129AE0101AA
:10AD800055AD010155AD010155AD010129AE0101DE
:10AD900090F86F30013B072BDCD801A252F823F06A
:10ADA0006BAE010161AE010155AD010175AE01014E
:10ADB00055AD010155AD010155AD010175AE010162
:10ADC00090F86F30013B072BC4D801A252F823F052
:10ADD00057AE01013BAE010155AD01014DAE010180
:10ADE00055AD010155AD010155AD01014DAE01015A
:10ADF00090F85631042B24D0162307E790F85631EB
:10AE0000042BF9D190F85731012BF5D1B0F8A830C7
:10AE100000F52E72B0F85801EFF7BCFD78B3636807
:10AE2000292283F8B120A8E590F85631042BE3D10C
:10AE300090F85731042BDFD1E8E790F85631012B19
:10AE4000DAD190F85731022BD6D1DFE790F856319E
:10AE5000012BEDD0D0E790F85631012BCCD1D1E7C2
:10AE600090F85631022BECD0C6E790F85631022B01
:10AE7000C8D0C1E790F85631022BD9D0BCE7FEF715
:10AE8000F3FE7AE548040021002370B5A54C054681
:10AE900086B023700088E381237323756560ECF727
:10AEA0006FFE63681888ECF799FEB5F8AA2261680E
:10AEB000013201F1A00092B2F0F766F8002840F0EC
:10AEC000CF8195F8B230A5F8AA02272B00F0A18017
:10AED00095F8B130273B022B0DD8B5F8A830B5F85E
:10AEE000B8229B1A1B0406D485F8B100FEF7F2FEC7
:10AEF000002800F09D80636893F8EC2032B1B3F82D
:10AF0000E810B3F8EA20914280F0818093F9F020B4
:10AF10002AB1B3F8EE10B3F8EA20914277D2B3F831
:10AF2000E420B3F8E610914271D293F8B5100029ED
:10AF300000F08580B3F8E210914268D293F83C515A
:10AF4000FE2D53D003A8ECF721FE002800F09281DB
:10AF50002A2200210398E9F7A7FD039E032130462A
:10AF6000F0F7EEFC03982946037823F010030370F2
:10AF7000F0F712FD1C2D7DD8DFE815F0FB00230152
:10AF80009A00A0007C007C002900B900BF004F019E
:10AF90002900290063017C007C007C007C001D00EE
:10AFA0002900290081008100CE007C00DC007C00AB
:10AFB0007C002B0148016368039893F83B11F0F77C
:10AFC0003DFE6368039893F83A11F0F73BFEECF707
:10AFD000F5FD002800F049810398C378012B39D191
:10AFE0006368B3F8B6321A0A437282724E4A4F4B04
:10AFF00000924F4A94E80300EDF73EFA60680023A0
:10B00000052190F8B120A030EFF7A0FAE8B906B01A
:10B0100070BDB5F8B822B5F8A8309B1A1A043FF5F0
:10B020006AAF85F8B200FEF755FE00287FF463AFE3
:10B030000021084606B0BDE87040FFF733B9B3F809
:10B04000E220052A7FF67AAFE1E706B0BDE870405E
:10B05000EDF70CBA33B96368B3F8BE321A0A43731A
:10B060008273C3E7182BC1D16368B3F8B812F0F745
:10B07000CFFDBBE740F6E3113620EBF7E1F863685C
:10B080000398B3F84C10F0F759FD63680398B3F8D0
:10B090003E11F0F757FD63680398B3F85010F0F7CE
:10B0A00045FD63680398B3F84011F0F743FD8EE760
:10B0B0006268039B92F849211A7188E761680398D6
:10B0C00001F2D121F0F7E4FC6168039801F2D92183
:10B0D000F0F7EAFC6168039801F2EB21F0F7ECFC71
:10B0E0006168039801F59871F0F7F6FC6FE7626804
:10B0F000039B92F83E211A7169E701F0D5FD44F6F1
:10B100002F120B4604A90240039803F00603049291
:10B110000593F0F7FFFC5AE76268039BB2F85621EB
:10B120009A8054E798170021A5A20101F598010122
:10B13000D99A01016368039D93F8BB02EFF7C2FB44
:10B1400001462846F0F760FD636893F8BA0210F0F4
:10B150000C0F06D093F86E3013F00C0F01D098420C
:10B1600075D1039DEFF7AEFB01462846F0F748FD89
:10B170002DE76368039DD3F8C812B3F8C002EFF758
:10B180009BFC28716368039ED3E9B101EFF7B2FC21
:10B190007071030A039DB3716368D3F8C802EFF7B7
:10B1A0004DFC03460398EB711B0A62682B72B2F8E0
:10B1B000CC32190A43728172B2F8CE12F0F718FC41
:10B1C00005E763680398D3F8B0120131F0F74EFC3D
:10B1D000FDE60023304601218DF81030F0F7BCFB6E
:10B1E0006368304604A91A7C5B7C032A03F01F03C2
:10B1F00008BF002243EA82139DF8102002F02002CB
:10B2000013438DF81030F0F7B1FBE0E66168039866
:10B2100001F5B071F0F7B6FCD9E601F045FD44F652
:10B220002F13626801F0060103400398CDE9043151
:10B2300092F8022104A913408DF81030F0F7BCFCFD
:10B24000C5E6039B21220E491A725960BFE6039D91
:10B250000020EFF737FB01462846F0F7D1FCB6E6B1
:10B2600040F279113620EAF7EBFF40F6E91136207B
:10B27000EAF7E6FF40F642113620EAF7E1FF00BFA9
:10B280000C5900D0144B5B6893F8EC202AB1B3F84A
:10B29000E810B3F8EA20914219D293F9F0202AB1CC
:10B2A000B3F8EE10B3F8EA20914210D2B3F8E420DC
:10B2B000B3F8E61091420AD293F8B510B3F8E23031
:10B2C00019B1934203D2EDF7D7BA052BFBD9002170
:10B2D0000846FEF7E7BF00BF98170021ECF714B847
:10B2E000002070471D4A1E491E481F4B10B4D161F3
:10B2F0001E491F4C11611F49906051641E481F492F
:10B30000D46250611E4C1F4811631F499461506202
:10B310001E4C1F48D1641F49946451631E4C1F4941
:10B3200090631F4A1F4899601F49C3E907421F4C99
:10B330001F4AC3E90010C3E90A421E481E491F4ABA
:10B340001F4CD86099611F481F499A641F4A1C63AB
:10B35000D86410BC59645A62704700BF18030021BA
:10B360007D9E01019D9A0101B00300218D9501018F
:10B370000D930101C994010149950101D99301017E
:10B380003D990101199A010135980101FD970101CB
:10B39000B9990101499F010155930101D19701011B
:10B3A000A197010171970101419701010D970101D9
:10B3B000E9950101D1960101C5950101459601016B
:10B3C0007596010131930101419301011596010127
:10B3D000002900F0CC802DE9F0414D1E04460026E6
:10B3E00000F5CC77ADB2DFF8948137E0A18BD01AAD
:10B3F0000531884247D993424AD294F8EC3023B1C0
:10B40000B4F8E8300133A4F8E83094F9F03023B10F
:10B41000B4F8EE300133A4F8EE3094F84831002B44
:10B420006AD0B4F8E6300133A4F8E63094F8B120DD
:10B43000A2F10D03012BB4F8A83031D90F3A013332
:10B44000012A03D8B4F8BE2293426BD0013D4FF6D7
:10B45000FF72A4F8A830ADB2954261D0B4F8AA1238
:10B46000B4F8E220013194F8B7300132A4F8AA12FE
:10B47000A4F8E220002B49D0D4E9353201339342BD
:10B48000C4F8D430B2D90121934284F8E010B4D387
:10B490000C2221463846C4F8D460F1F77BF9ACE7BA
:10B4A000B4F8B62201339342D0D1D4F8B03203219C
:10B4B0002046D3F80120C4F8BA205B7984F8BE3066
:10B4C000EEF72AFED4F8B0321B78002B50D0D8F813
:10B4D000043093F83C21012A04D0D3F8B022137829
:10B4E000013B137084F8B160FF2394F8B12084F815
:10B4F0000A31B4F8A830A1E794F8B320012104F18F
:10B50000A000EFF723F800288BD18FE794F8B12043
:10B51000062104F1A000EFF719F80028ACD16CE780
:10B52000BDE8F0812388D4F8C802A4F80C32EFF704
:10B5300085FAD4F8CC32A4F80E020622214604F58E
:10B54000007084F80A62C4F81032F1F723F902217E
:10B55000204684F8BC62EEF7DFFD03212046FDF7AC
:10B560002BFAB4F8A83084F8B16001336EE7704765
:10B5700040F209213620EAF763FE00BF9817002148
:10B5800010B4064A064C0748074B0849C2E9144064
:10B59000074A10BCC3E91412704700BF180300210A
:10B5A0007DA00101DD9D0101B003002195980101FD
:10B5B0006598010110B4064A064C0748074B084934
:10B5C000C2E91640074A10BC99651A66704700BF69
:10B5D0001803002171A10101B99F0101B0030021ED
:10B5E000C59801016D9D010138B590F8B53004464C
:10B5F000B0F8E200DBB9C0F1020594F8E03043B1E5
:10B60000002394F8B120092104F1A000EEF79EFF79
:10B6100090B194F8B730ABB1D4E93523043B9B1A11
:10B620009D42A8BF1D4625EAE57080B238BDB4F83A
:10B63000E4502D1A043DE0E705EAE57525EAE570DA
:10B6400080B238BD94F8B120062104F1A000EEF7D5
:10B650007DFF0028E0D125EAE57080B238BD00BF4B
:10B66000024B0022C3E90022704700BFB01700213F
:10B67000034A13680BB10C2070471846536070479B
:10B68000B0170021436973B18168D0F80CC0DA6843
:10B690006144114402691A610269D9600AB15361B7
:10B6A0007047DA607047026902490A60002AF9D0DF
:10B6B00053617047B017002108B54161A1B10B6912
:10B6C0000861036173B1586100234169C36041B1EE
:10B6D000CB6823B1826893420BD39B1AC3600023CB
:10B6E000CB6008BDC360F3E7044BC0E903111860E9
:10B6F00008BD2A213720EAF7A3FD00BFB0170021BB
:10B70000014B1868704700BFB0170021044B1B683D
:10B7100023B118461B69002BFBD1704718467047B0
:10B72000B01700210C4B84461B6893B14FF0FF31DA
:10B73000002000E01346DA68624503D38A4201D252
:10B74000184611461A69002AF4D1002808BF184685
:10B7500070471846704700BFB017002108B5029B1C
:10B76000C01A039B61EB030100290ADB6FF0004361
:10B77000984271F1000316DA90FBF2F302FB13001A
:10B7800008BD0B4B984271F1FF3308DB4042531E5A
:10B790000344B3FBF2F303FB02F2101A08BDB2211B
:10B7A0003720EAF74DFDBB213720EAF749FD00BFFE
:10B7B0000100008083692DE93048DBB182689C6814
:10B7C000A24217D3D0E90415D0E904BCC3E904BCF4
:10B7D0004DB12B61196951B1C0684B610244121B14
:10B7E000DA60BDE83088054D2B600029F4D1D960BE
:10B7F000BDE83088C7213720EAF722FDB0170021C5
:10B80000014B01221A717047B0170021014B002231
:10B810001A717047B0170021014B1879704700BFAB
:10B82000B0170021704700BF704700BF70B50023FC
:10B83000044682B07F25C0F8923040F68812C0F8E6
:10B840009630C0F88E30C0F88230C0F88630C0F82C
:10B850008A30C0F89930C1F83A30C1F83E3001A9B9
:10B8600080F88F5080F8925080F8955080F898506A
:10B87000284694F97250E9F77DFF40F68812064693
:10B8800001A96FF07F00E9F775FF2A1AB5424FF062
:10B89000FF03B2FA82F284F8835084F886504FEAAC
:10B8A000521284F8895084F88C5008BF42F002028A
:10B8B00084F8843084F8903084F8822084F88520DD
:10B8C00084F8882084F88B2084F8873084F89330BB
:10B8D00084F88A3084F8963084F88D3084F8993072
:10B8E00002B070BD70B5C4880246868821463046D5
:10B8F00005F06EFC50B915885188284605F068FCA3
:10B9000020B9034B9E801D80DC80598070BD00BF34
:10B91000C8170021F8B51D468B1F074610469BB27D
:10B9200040F67A42BDF8186093421BD8841FA4B237
:10B9300094428CBF002401242346AFB91C4A127ADA
:10B940006AB15CB96FF450628B18062B06D86FF49D
:10B950005063C418062C8CBF00240124234633B93D
:10B960000020F8BD0024E7E797F87320E8E781425C
:10B97000F6D8B5F5FA7FF3D2A6F10A0340F676427F
:10B980009BB29342ECD80135EFF770F842F2107396
:10B99000ADB25E434543B6EB450FE1D9BDF81C009F
:10B9A000BDF8203098428CBF00200120D9E700BFAD
:10B9B000C8170021012821D8022B0DD1A2F57A70D9
:10B9C000104B98421CD8A1F57A70984218D88A4238
:10B9D0008CBF1220002070470B48824210D8012BE8
:10B9E00007D140F252739A420AD9A1F6C410074B0C
:10B9F000EBE7042BF9D140F6C313F4E712207047AC
:10BA000030207047A7F970028FFD7002CBF37002EF
:10BA100010B50221002004F00EFF044678B902465A
:10BA2000022104F0E9FE044620B940F252213920F7
:10BA3000EAF706FC034B93F91010F2F71DFF2046BE
:10BA400010BD00BFC81700212DE9FF41344B0C4643
:10BA50001146B0F858201E889D889642B3F802809F
:10BA6000DF8828BF1646B0F85620954228BF1546F5
:10BA70001B2D02D0B7F5A47F04D11B2E4DD0B8F5F5
:10BA8000A47F4AD001AA05F0E2FBBDF80A30BDF858
:10BA90000C2040F648019E4228BF1E464245BDF894
:10BAA000083028BF4246E6808A4228BF0A462281E3
:10BAB000BDF80620954228BF1546BB4228BF3B462D
:10BAC00065808B4228BF0B46A380FF232370E38849
:10BAD0001B3B9BB2E02B04D940F629513920EAF7F1
:10BAE000AFFB63881B3B9BB2E02B02D940F62B5186
:10BAF000F4E7238940F64812A3F5A4739BB293425E
:10BB000002D940F62D51E9E7A388A3F5A4739BB2AF
:10BB1000934202D940F62F51E0E704B0BDE8F0812E
:10BB2000C817002138B50C4D04462B689BB1042181
:10BB300004F081FE78B12B68984720B14FF47671FC
:10BB40003920EAF77DFB04212046EBF749FA10B1D2
:10BB500040F2D931F4E738BD70000021114BF7B540
:10BB60009C7C0646DD7C9F8A14B901F0A3F804464C
:10BB7000A5B901F09FF8054614B9092003B0F0BD3E
:10BB80000028FAD0304601A98DF804408DF8055000
:10BB9000ADF80670EEF7D4FD0020EFE7002CF1D1F0
:10BBA000EBE700BF3415002110B5ECF755F840F66F
:10BBB000A664EDF7B7F901F099F8F0F74FFA012014
:10BBC00001F058F80C4B0D4A00211B201A6041F679
:10BBD0004C5259829880D98219831974C3E9024260
:10BBE000074A4FF4A474108054809080D48011814F
:10BBF0009172517410BD00BF3415002103021B0067
:10BC0000C81700210378032B9DBF03F00103034AEB
:10BC10000020112098BFD375704700BF3415002154
:10BC2000074B01889A88914207D3B0F8032091B25C
:10BC300019B100205A831A8370471120704700BF42
:10BC4000341500212DE9F341124E0746F37DF3B977
:10BC50000C2002B0BDE8F08107EB8508694601358C
:10BC6000B8F80100EEF7A0F908B11220F1E7B8F832
:10BC700003301C44A4B23A78ABB29A42ECD8338B6E
:10BC80001C44738B9C42F0DC00203483E1E70025E8
:10BC90002C46F0E734150021014B93F91000704752
:10BCA000C8170021034B5A8802801B78837000203C
:10BCB000704700BF3415002137B5837805461A2B2D
:10BCC0000AD8042B01D8122427E0012202FA03F338
:10BCD000154A1342F7D00BE0293BDBB2142BF2D804
:10BCE000012202FA03F302F5A0121A40002AEAD058
:10BCF0002888B0F5706FE6D26946EEF755F978B945
:10BD0000019B93F848416CB9FF22684683F84821AB
:10BD1000AA7883F84921EFF7A3FF204603B030BD8E
:10BD20000224FAE70C24F8E720003804034B9A8831
:10BD3000DB88028043800020704700BFC8170021C5
:10BD400038B50478427804F00103857804F00204E1
:10BD500052EA030101D1112038BDBCB9002DFAD03F
:10BD6000002B08BF144601E000242546204605F0BC
:10BD7000BFFA0028EFD0284605F0BAFA0028EAD02A
:10BD8000054B00209C74DD749882E5E7002BEBD115
:10BD900014461D46EAE700BF3415002170B503784C
:10BDA0008AB00446032B03D9122528460AB070BD79
:10BDB0004378032BF8D8437E85780BB9012DF3D156
:10BDC00015F0F80FF0D1A80740F19280022DEBD1C9
:10BDD0005A4B5B7A002BE7D000F06CFF35EA00038A
:10BDE00040F0A780A67816F0010506D0012322694D
:10BDF000A168E078FFF7DEFD0546B20707D502230C
:10BE00002269A168E078FFF7D5FD2843C5B2730722
:10BE100007D504232269A168E078FFF7CBFD28430A
:10BE2000C5B2002DC1D1052E13D126790423E168B6
:10BE300062693046FFF7BEFD05460028B5D123698B
:10BE40001344E278B242AFD1A2689142ACD18B42A6
:10BE5000AAD8237E013B062BA6D805F0C8F90028F6
:10BE600069D16278364B21698DF809202278994290
:10BE700060698DF8082028BF1946227E984221610A
:10BE80008DF80A2028BF1846627EA378003A6061C8
:10BE90008DF80C3018BF0122DD078DF804308DF8C5
:10BEA0000B2029D5E278012A16BFB2FA82F20222CB
:10BEB00052098DF80520A268CDE904215A070BD557
:10BEC0002379012B16BFB3FA83F302235B098DF8A4
:10BED0000730E368CDE9083003A8FCF791FB05467D
:10BEE00000287FF462AF01A8FAF7B8F905465CE7CD
:10BEF00069073FF459AF6FE7022B0BD1E278012AB3
:10BF00001CBFB2FA82F35B098DF80630A368CDE955
:10BF10000631E1E75B07DFD5E378012B16BFB3FA03
:10BF200083F302235B098DF80730A368CDE908315C
:10BF3000D2E7112539E70C2537E700BFC8170021E4
:10BF40000024F40000B589B0437940F271218DF8E6
:10BF5000043083798DF8053001238DF8063003789D
:10BF60008DF80730B0F801304B430393B0F803204D
:10BF70004A4307210592A2F6C412ADF81C100749E6
:10BF80008A4209D8A3F6C4138B4205D801A8FFF74B
:10BF900005FF09B05DF804FB3020FAE73C369C0051
:10BFA000824B2DE9F04F04468FB018681B7905903D
:10BFB0008DF81830637A980705D57D4A127A12B940
:10BFC00043F001036372657A69070DD015F0F80F2D
:10BFD0000AD100F06FFE35EA000340F0238294F8A6
:10BFE00048301BB9012D04D0122509E015F00106D7
:10BFF0000BD0A3696F4AA3F25373934204D930253F
:10C0000028460FB0BDE8F08F0126AA0745BF731C74
:10C01000B3464FF0FF0BDEB26B0709D5B31D664A7E
:10C0200054F82330A3F6C4139342E8D80136F6B28D
:10C030004FF0000904F1220504F10C07C8465FFA2D
:10C0400089FA564517D8E3689845CDD82378012B4F
:10C05000CAD813B9A378012BC6D86378032BC3D8E9
:10C0600094F84C30013B062BBED805F0C0F80028F0
:10C0700040D00C25C4E7D3452AD0FB683A689342E8
:10C08000B2D8288C98442A89EB8969880290688BF9
:10C090000190A88A00900020FFF73CFC0028AED059
:10C0A000BAF1000F0FD06A882B889A429CD12A8956
:10C0B000EB889A4298D1EA89AB899A4294D1AA8AAC
:10C0C0006B8A9A4290D109F1010902350437B6E72B
:10C0D000012EF8D1FB683948A3F57A7282428ED8D6
:10C0E0003A68A2F57A71814289D893423FF67CAFD3
:10C0F0009844E8E7F0F72CF805460028B9D1F9F79D
:10C1000027FE4FF6FF739842B3D12D4B2946A26903
:10C110000DF112009A4294BFA261A361E2699A42B2
:10C1200094BFE261E361226A9A4294BF2262236271
:10C130002A4604F0D1FA0646002800F07581294607
:10C14000204DEDF7E9FFBDF8123033801E4BC6F8E5
:10C15000B03200F0A9FD10F0200F0DBF1B23AB88FB
:10C160006A88A6F8563018BFA6F85620A6F85830A8
:10C1700000F09AFD8F0704D506F5A4713046FFF74D
:10C1800055FB0B4F30883B7A003B18BF012386F8E4
:10C1900073306B7800932B78AA886988EBF73AF8AC
:10C1A000A0B140F641713920EAF74AF8E7BA020136
:10C1B000C81700213CF67002CBF37002A7F9700299
:10C1C0000024F40034150021D9170021F0F7BAFD3E
:10C1D000964B0321B06107A80793EAF76DFA079B16
:10C1E000608D3362EEF742FC238EA968B383E38E41
:10C1F00070613046F3833163FCF71CFB8C4B1B688A
:10C20000002B40F0D08005989DF81830C6F8BA0091
:10C2100086F8BE30FF2386F8B432BB69002B40F0AD
:10C22000DB803046FFF79AFC00230546012107A872
:10C230008DF81C30EAF740FA9DF81C203046C2F316
:10C240004011C2F3C10302F007020B440121134461
:10C250005A1DD2B2082A96BF0D3386F8C52086F83B
:10C26000C530EDF759FF6078F9F7AEFE002D40F0CC
:10C27000A680E71CA17820783A46F9F771FE0028DD
:10C2800000F0CE80F9F7A6FE3A46A1782078F9F7BB
:10C2900019FF0546002840F09280657A022D08D0EB
:10C2A00000F008FD284000F00105400748BF45F0B8
:10C2B00008052846F9F71AFE054600287FD13146C1
:10C2C0000320F9F745FF0546A078394604F059FFE9
:10C2D000F9F71EFF002D72D1207868B907A994F8EC
:10C2E000028004F0C7FA00287CD106F10A0907A8E9
:10C2F000EAF7C4FE002878D00120F9F735FF05469B
:10C3000000285CD10120F9F737FF0546002856D1F7
:10C31000627A8DF81C0012F0010306D0E1680891E2
:10C32000A169099101218DF81C1091070FD5022AEE
:10C330000BD104EB8301C86889690A900B919DF8C1
:10C340001C1041F002018DF81C100133DBB25207C2
:10C350000BD504EB8303DA689B690C920D939DF86F
:10C360001C3043F004038DF81C3007A8FCF748F993
:10C37000054694F84800003818BF0120F9F7EAFD97
:10C3800094F84C00F9F7ACFDCDB9F9F745FF054637
:10C39000A8B9B4F84A103046FCF7AEF805460028B4
:10C3A0003FF42EAE0BE04FF6FF72314607F10A0064
:10C3B000A6F87E209847054600283FF424AF308831
:10C3C000EBF7D0FB00213088EAF70AFE00283FF4A3
:10C3D00017AE41F21901E6E6012206F5A5713046D5
:10C3E00098471EE740F21F21DDE6099DAE423FF46B
:10C3F0007EAF4046EB1C04F0C4FE3946AA78EBF74A
:10C4000061FC00283FF473AF05F10A036A7A4946DC
:10C41000707AEBF757FC00283FF469AF0B25CEE7A5
:10C420001225CCE71125EBE50925E9E511223300BA
:10C430005004002110B5437994B0032B55D823F054
:10C44000020302798DF80230D0F806308DF8002012
:10C45000CDF803304389027BADF8073001238DF816
:10C46000012040F271228DF8093003885343039371
:10C4700041884A430692A2F6C412847B417B41EA7A
:10C480000421ADF82410047CC17B41EA0421ADF8FD
:10C490002A10847C417C41EA0421ADF83010047DEF
:10C4A000C17C41EA0421ADF83610417D847D41EA2A
:10C4B0000421ADF83C10C17D007E41EA0021ADF8B9
:10C4C000421000218DF84810ADF84A1007218DF870
:10C4D0004C1008498A420AD8A3F6C4138B4206D8E6
:10C4E0006846FFF75DFD14B010BD1220FBE7302059
:10C4F000F9E700BF3C369C00F0B5077885B00446EC
:10C500000E46EF2F01D91226A1E0B0F80130ADF8A8
:10C510000C309DF80C30D80671D4990603F0030254
:10C520006AD5002AEFD11A0703D503F06703012B60
:10C53000E9D163781D0711D42179E278E07942EAE4
:10C540000122617942EA0142A17941EA0021207A7F
:10C5500041EA00418A42D6D81F2AD4D9627A013AE8
:10C56000062AD0D8A27A032ACDD813F0040102D12A
:10C57000023A012A03D8E27A012AC4D811B9A27C6E
:10C58000032AC0D813F01001227D48D0012ABAD165
:10C59000237E012BB7D8002951D06378D80703D563
:10C5A00000F006FB002851D06378227D03F01801CB
:10C5B00008295DD1022A49D11B0709D4E279A37960
:10C5C00043EA0223227A43EA0243B3F5804F3DD87F
:10C5D0000220EAF7EFFC874280F09D80BFB2022183
:10C5E000384604F028F90546002847D0F4F70EF93C
:10C5F000002854D00C262AE0032A94D183E713F0B4
:10C60000600F80D103F00F0203F00703052B90D0D9
:10C61000931E012B8DD9002A7FF475AF89E7022A7A
:10C6200004D103F06F03092B7FF46DAFA37D013BB1
:10C63000022B3FF668AFE37D0F2BA9D963E700F02B
:10C6400039FB810709D4237D022B03D11126304603
:10C6500005B0F0BDA37D022BF8D000F02BFB420704
:10C660009BD4237D032BF1D0A37D032B95D1EDE744
:10C67000022AA1D0A27E002A9ED0E7E7024602212C
:10C68000384604F0B9F8054620B941F2DA213920DC
:10C69000E9F7D6FD214B93F91010F2F7EDF80321DD
:10C6A000207804F0C8F818BB2846F2F789FB214629
:10C6B0003070E0742846F2F749FA637E0646002B94
:10C6C000C5D00028C3D10246696C684604F099FAC7
:10C6D0003246686C012104F092FB696C68460422C2
:10C6E00004F08FFA32463146686C04F088FBAEE7FE
:10C6F000403005F09EFE0028D6D0637813F0330F4B
:10C700007FF401AFA77D2846F2F78EFB04F0DFFD32
:10C710008742C9D06EE7072699E700BFC8170021F6
:10C72000F0B504468BB0FFF773F90646207904286C
:10C730005BD86188B1F5804F57D82D4A00258DF818
:10C740001210090A175C0244ADF804505379907A2C
:10C7500043F01003D27B8DF8131043EA47038DF8A2
:10C760000C508DF8115043EA8003D4F807008DF87F
:10C77000145043EAC203069030468DF8215003F06E
:10C780001F038DF80430BDF80430ADF80D30238858
:10C790008DF80F301B0A8DF81030637B8DF8153043
:10C7A00063798DF81630A3798DF81730B4F80B3013
:10C7B000ADF81C30A37B8DF81E307F238DF81F3021
:10C7C00001238DF820308DF822308DF82350F2F7B8
:10C7D000F5FA01A98DF8240003A88DF825508DF8ED
:10C7E0002650FFF789FE0BB0F0BD1220FBE700BF1B
:10C7F00018B402012DE9F04385B006460C46F2F765
:10C8000095F8002800F0FC803046F2F7E9FA30B1E4
:10C81000B4F80130013B7F2B01D9122504E03046EA
:10C82000F2F7E2FA20B90C25284605B0BDE8F083FE
:10C830003046F2F7C3F890B33046F3F7E7FF00282D
:10C84000F1D13046F1F7D2FF0028ECD13046F2F7B3
:10C85000D1F8B4F8017042F21073E17830465F43CA
:10C86000F2F7A2FA0321207803F0E5FFE8B1654D65
:10C870002B68D3B100F14004204605F0DAFDA0B1E9
:10C88000204605F0CDFD80B95F4A20462B68D1686F
:10C89000984750B141F2F2413920E9F7D1FC3046D6
:10C8A000F2F79AFA0028C7D1B7E73046F2F78CFAC8
:10C8B000014648B93A463046F3F7FAFB05460028E8
:10C8C000B2D041F2FC41E7E73046F2F789FA48B9C5
:10C8D000002201210DF10E0003F0FEFE044658B9BE
:10C8E0000925A1E73046F2F793FA0028F0D1474B2B
:10C8F0001B7A002BECD190E70021EDF76FFBBDF820
:10C900000E30214630462380F2F798FA00F0CCF939
:10C91000820649BF3C4B1B239A885B8847BFA4F81B
:10C920005820A4F85630A4F85630A4F8583000F037
:10C93000BBF98B0704D504F5A4712046FEF776FFFA
:10C94000DFF8C88098F80830003B18BF012384F84E
:10C9500073302F4B1B6883B1214608F10A009847BA
:10C96000054650B10121BDF80E00EAF739FB002859
:10C970003FF45AAF41F238518EE7234D304641F62D
:10C980004C59AB68236394F87330002B18BF4FF4F5
:10C990007A79F2F73DFA10B93046F2F745FA2046B7
:10C9A000C4F81490FFF7DAF848B10121BDF80E0081
:10C9B000EAF716FB002893D041F25B516CE76B78E5
:10C9C000208800932B78AA886988EAF723FC10B1A5
:10C9D00041F2665160E73A4621463046F3F768FB7C
:10C9E000054610B141F2685156E7D8F81830002BCF
:10C9F0003FF41AAF024604F5A5712046984713E7A5
:10CA0000422511E74C04002134150021C8170021EC
:10CA10005004002137B5037805468BB10DF10600AF
:10CA2000E8F79CFE0DF107009DF90640E8F79CFE33
:10CA30009DF807301C4364B214B10C2003B030BD24
:10CA40002A780020014B1A72F8E700BFC8170021AE
:10CA50000278034672B1427862B142881A2A09D933
:10CA600082881A2A06D90068034A106000209B8831
:10CA70009380704712207047341500210368B3F586
:10CA80007A7F25BF024A002012209360704700BFC2
:10CA90003415002108B5052000F0F8F8FEF770FD08
:10CAA000014B024A9A6108BDC817002149BA010129
:10CAB00008B5052000F0EAF8F6F754FB014B024AEE
:10CAC0009A6108BDC817002149BA010108B5FEF7EF
:10CAD000C7FDFBF7C7FCFFF7DFF801460348F9F78E
:10CAE00085F9BDE80840EFF707BB00BFE417002158
:10CAF00008B5F1F703FFF3F7D1FA0348F1F79CFE0D
:10CB0000BDE80840EFF7D0BAE417002108B5EBF70D
:10CB100011F80548EBF784FC012003F0C9FE002062
:10CB2000BDE8084003F0C4BEE417002108B50122A7
:10CB3000064B83F80821F1F7E9FEF6F709F9FFF74C
:10CB4000E5FFBDE80840EFF7B7BA00BFE4170021E2
:10CB500010B5064C064904F5867005F0AAFB04F5ED
:10CB600088700449BDE8104005F0A3BBE41700211C
:10CB7000540400215C04002110B5094C094904F556
:10CB8000867005F096FB04F58870074905F091FB67
:10CB900004F58A700549BDE8104005F08ABB00BF66
:10CBA000E41700218C040021940400218404002156
:10CBB000014B93F808017047E417002110B5094CA8
:10CBC000094904F5867005F074FB04F5887007497F
:10CBD00005F06FFB04F58A700549BDE8104005F0CB
:10CBE00068BB00BFE4170021740400217C0400210D
:10CBF0006C04002110B5094C094904F5867005F054
:10CC000058FB04F58870074905F053FB04F58A705A
:10CC10000549BDE8104005F04CBB00BFE4170021FA
:10CC2000640400217C0400216C04002110B50C4632
:10CC3000EFF702FA064BD3F80C01C3F8044105F0F4
:10CC400030FB04F01FFDBDE81040F0F70BB900BF4A
:10CC5000E417002110B5064CD4F8100105F021FBB3
:10CC6000D4F8140105F01DFBBDE81040FEF79CBF91
:10CC7000E4170021014B83F818017047E4170021E5
:10CC8000014B93F818017047E4170021C2080549C9
:10CC9000012300F0070003FA00F08B5C184388546E
:10CCA000704700BF20000021014BD3E9000170470D
:10CCB00020000021054B1868C0F3C022C0F30020FB
:10CCC000400040EA820040F001007047200000214F
:10CCD000054B042110B543600446E9F7EDFC10B99B
:10CCE00023680133236010BD0100010108B5E7F797
:10CCF00041FA0023074A32F82310814205D302EBA0
:10CD000083039B78044A137008BD01330C2BF2D1C6
:10CD10000023F7E72CB40201FD180021014B18781D
:10CD2000704700BFFD1800212DE9F74305460E4668
:10CD3000FF201521174602F050FFC41C24F0030405
:10CD4000A4B29DB1DFF8588006FB04501FFA86F9A3
:10CD50000021C8F800500025F200C8F80400A8F827
:10CD60000840E7F7A1FEABB2994505D804F10800E9
:10CD7000704303B0BDE8F083B8F808C01523D8F8B5
:10CD80000000FF222146009705FB0C0002F07AFE0E
:10CD9000D8F80430002203F835200135E3E700BF5E
:10CDA0005019002108B500F007FB00F00DFA00F063
:10CDB00005F8BDE8084000F0CBB800BF034B0021E8
:10CDC0004FF480521970A3F8012070475C190021BC
:10CDD00070B50646022014460D4600F00FFA064BC9
:10CDE0000122033C1A70054BC3F81045C3F80865CF
:10CDF000C3F8045570BD00BF5C19002100E000417C
:10CE0000022008B500F0FAF9084B002208484FF05C
:10CE1000010C084980F800C0C3F80021C3F80421C0
:10CE2000C3F80821C3F8801008BD00BF00E000412E
:10CE30005C1900210A000080104B1A785AB1104981
:10CE40000020C1F88000D1F800213AB9102100205B
:10CE500099705A701870002000F0D0B9D1F80421F0
:10CE6000002AF3D0D1F8082112B110210246EEE7D2
:10CE7000D1F800140122C9B2E9E700BF5C19002112
:10CE800000E00041022008B500F0B8F9064B00228E
:10CE9000012106480170C3F80021C3F80421C3F83A
:10CEA0000821196008BD00BF00E000415C190021A5
:10CEB000184A1378002B10B5507818BF0220A0F143
:10CEC0000204B4FA84F46409B3B1C823124A013BE2
:10CED000D2F80011DBB241B1D2F8040120B1D2F88E
:10CEE0000801B0FA80F0400910BD0BB1002CEED162
:10CEF0009E213B20E9F7A4F9C82300E01CB1013BC7
:10CF000013F0FF03FAD10228F2D0431E58425841D1
:10CF100010BD00BF5C19002100E000410A4B1A78E7
:10CF20007AB10A4BD3F800214AB1D3F8042132B1C7
:10CF3000D3F808211AB9D3F80004C0B27047102002
:10CF400070479878704700BF5C19002100E00041ED
:10CF5000024B00221A809A70704700BF60190021AE
:10CF60002DE9F041044601201D468846174600F091
:10CF700045F904F00300204B204E14F0FB0F40EA6B
:10CF800005401F4A357140F08070C3F80405C3F8AE
:10CF90000885D3F8181521F0FF0147EA01074FF083
:10CFA0000001C3F81875C3F884104FF40071C2F87B
:10CFB000081504D1134AC3F88021C3F88420012C3A
:10CFC00006D00123022CF47073700AD9BDE8F081F9
:10CFD0000C4B0D49084AC1F8D031C2F88C3074703E
:10CFE000F470054B012200213270C3F80011C3F820
:10CFF00000121A60BDE8F08100E0004160190021D4
:10D0000000F000410900008000800041274B5A7861
:10D0100010B5002A40D0264A0124C2F80C15C2F8E7
:10D020001005D9789C7011B3042918D0197879B3F8
:10D030001B790021023BC2F80411012B05D81D48C1
:10D040000323C0F85011C2F81C3519494FF400727F
:10D0500019481A4BC1F88400C3F8042510BD0021FB
:10D060001C70C2F80411C2F80042146010BD1B7895
:10D07000BBB1124B4FF40070C2F80411C3F80405A1
:10D08000D2F800110029E9D05460C3F8080510BD9A
:10D09000C6213C20E9F7D4F84FF4C2713C20E9F7EF
:10D0A000CFF8B3213C20E9F7CBF800BF601900218D
:10D0B00000E00041008000410500008000F00041D8
:10D0C000104B1A78CAB100220F49104810B44FF41F
:10D0D0000074C1F88420C0F80845A0F5E040C1F80C
:10D0E0008021C1F88420C0F8D021C1F88C201A70AA
:10D0F000002210BCA3F8012070470022A3F80120F1
:10D10000704700BF6019002100E0004100F00041BD
:10D1100008B50B4B1B784BB10A4BD3F8042152B125
:10D12000D3F80004003818BF012008BD4FF4F57192
:10D130003C20E9F785F840F2EB113C20E9F780F854
:10D140006019002100E00041F8B5184B1B783BB393
:10D15000174CD4F8043113BB164B0222C4F8042335
:10D160001F691A6907F0100742F010021A61D4F81B
:10D17000043153B9104E4FF48045C6F8805101F088
:10D18000C8FDD4F80431002BF7D027B9094A136938
:10D1900023F010031361064B0222C3F80823F8BDE5
:10D1A0004FF4FB713C20E9F74BF800BF60190021F8
:10D1B00000E0004100ED00E000E100E0014B012251
:10D1C0009A60704700E0004138B54FF48042094B47
:10D1D000C3F88020BFF34F8FBFF36F8F064C00253D
:10D1E000C4F80055C4F80055FFF76AFFC4F8805032
:10D1F00038BD00BF00E100E000E0004170B5124D15
:10D2000000260446C5F80065C5F80065FFF758FF1D
:10D21000012CC5F8806006D0022C0BD04CB18221C5
:10D220003D20E9F70DF80222084BC5F80025C5F8A6
:10D23000143570BD0321054A054BC5F80015C5F826
:10D240001425C5F8803070BD00E000416819002148
:10D250000A000080074B5B7A012B08D0022B05D116
:10D26000830702D4044B01221A61704770474207BA
:10D27000F8D57047741A00210080004108B5154B9D
:10D2800093F83430D90715D59A0711D5124BD3F836
:10D29000002242F00102C3F80022D3F8503503F017
:10D2A000F603022B06D140F21E613E20E8F7C8FFCC
:10D2B0005B0700D408BD084A0849094BC2F888102A
:10D2C000D3F84031002BF5D040F226613E20E8F73C
:10D2D000B7FF00BF741A00210080004108000080E1
:10D2E00000C0004130B5431E2F4C83B02076072B81
:10D2F00054D8DFE803F029045339535353342B4BEC
:10D3000004212B4AC3F81015D2F88420C3F88825CD
:10D31000A17E227A2748254B012A455C01F07F0037
:10D32000C3F80855C3F8540523D0204BD3F8002286
:10D3300042F48872C3F80022D3F8682542F4C02270
:10D34000C3F8682503B030BD184B0322C3F810257D
:10D35000174A164BD2F88020C3F88825D8E7134B1C
:10D360000522C3F81025F3E7104B0622C3F8102559
:10D37000EEE701AB94F91920A07A01F0C5FA9DF906
:10D38000040001F02BFA0DF10500E8F7E1F900289F
:10D39000CBD040F2F5513E20E8F752FF40F649511C
:10D3A0003E20E8F74DFF00BF741A002100800041C5
:10D3B0000000FF01B0B4020144220021094810B569
:10D3C000E7F772FB41F21114074B00224FF0824045
:10D3D000AA21C0F8004EC3F8402EC3F8442EC3F86B
:10D3E000001E10BD741A002100700041962808B577
:10D3F00002D8044B988308BD4FF4FA713E20E8F739
:10D400001FFF00BF741A0021024B185C00F5166064
:10D41000704700BFB0B40201014B93F82800704779
:10D42000741A00210B4B0C4A10B493F82810D3E95E
:10D43000083002EB8102C01AD36C116F03F2E7339C
:10D44000946A064A5B1A204410BCA2FB032300EB3B
:10D4500093107047741A0021B0B40201D34D6210CA
:10D46000014B186A704700BF741A0021014B586ABB
:10D47000704700BF741A0021013908B5072918D870
:10D48000DFE801F015131704171717040E490F4AA8
:10D490000F4B0243C3F81415C3F81825D3F85035C1
:10D4A00003F0F703032B09D008BD0A49EFE70A4947
:10D4B000EDE740F2D9213E20E8F7C2FE40F2F1212B
:10D4C0003E20E8F7BDFE00BF0801906300000302A4
:10D4D000008000410801100108011000254BD3F81D
:10D4E000002222F0020210B542F48012224CC3F84E
:10D4F0000022C3F8AC410278032A35D1012919D0A2
:10D50000D3F8142590F801C01C4922F470220CF0C5
:10D510003F0C1B48C3F814254A694CEA000042F04E
:10D520000302C3F80029C3F8100901234A6181F8F6
:10D53000403010BDD3F81425447822F470220F49EE
:10D5400004F03F040E4842F400222043C3F814259F
:10D550004A6942F00302C3F80029C3F81009012305
:10D560004A6181F8403010BD40F249313E20E8F771
:10D5700067FE00BF0080004106000080741A002191
:10D58000803202002DE9F0412D4F4FF48078C7F82A
:10D590008080BFF34F8FBFF36F8F2A4C002601238B
:10D5A00040F20312C4F8FC6FC4F8FC3FC4F8342501
:10D5B00040F25B62244DC4F838250322C4F83035AC
:10D5C000C4F81025214AD2F88020C4F8882540F2FA
:10D5D0000122C4F850260222C4F800222B76E7F775
:10D5E000A3F91B4B10221B492E856E6285F834600F
:10D5F00085F8486085F84060C3F8C0110731C4F869
:10D60000A8110439C3F8C8100139C3F8C41003F5D0
:10D61000405341F6F851C3F804159623AB83D4F870
:10D6200000396B616B6CC7F88081C4F80423C7F8BC
:10D63000008013B1BDE8F0411847BDE8F08100BF9C
:10D6400000E100E000800041741A00210000FF01A9
:10D6500000C000410300008038B5184C8D8804EBF1
:10D660008003C3F820560968C3F800160123D4F8D4
:10D67000401603FA00F0C0B20143C9B25AB9D4F857
:10D6800040361B0A23EA00000C4BC0B241EA0021DD
:10D69000C3F8401638BD012A0AD1D4F8403640EA12
:10D6A0001320064BC0B241EA0021C3F8401638BD32
:10D6B00040F2B4513E20E8F7C3FD00BF00800041B6
:10D6C000024B012283F84820704700BF741A0021E2
:10D6D000014B5876704700BF741A0021014B93F834
:10D6E0002A007047741A0021034B020E0002C3F88F
:10D6F0002425C3F81C05704700800041014B987633
:10D70000704700BF741A00212DE9F0470D4686B01E
:10D7100007461646E0B90DF1040804238DF806000B
:10D720004046ADF80430E7F72BFA002840F0CE80F1
:10D73000A14C731E2676072B00F22081DFE813F040
:10D740001901CB001E0109011E011E011E01140159
:10D750000DF104084FF0020900234046ADF8049093
:10D760008DF80630E7F70CFA002840F0AF80012F63
:10D7700040F01381904C3046FFF7B4FDE37984F814
:10D780000990012B05D0293D1BB98C4B8C4AC3F85D
:10D7900084208C4B8A4AC3F84055C3F8C021A3F5B6
:10D7A00080431022C3F80423E379002B41D194F87D
:10D7B000343043F0020384F83430FFF75FFD814BCF
:10D7C0000122DA64D3F84C25954240F2E180002F23
:10D7D00002934FF0000304958DF80430039308BFC3
:10D7E00001238DF805302DD1774F4046774A07EB5E
:10D7F0004606B6F8943003F51673A2FB03239B0983
:10D800000593E7F727FAA38B952B4ED80DF103006C
:10D81000E7F7C2F9002840F0B680627A9DF803303D
:10D82000012A3DD0022A28D084F8410006B0BDE884
:10D83000F087012BC1D194F8343043F0040384F80D
:10D840003430BAE7282340460593E7F703FAA38B61
:10D85000952BDBD9012F40F0A5805D4805F1290308
:10D860005C49C0E90253E7F761FF01300128CDD9D7
:10D8700040F23C713E20E8F7E3FC83F00203C3F37F
:10D88000400384F84130002BD0D04C4B00220121C2
:10D89000C3F88020C3F88420196106B0BDE8F08782
:10D8A00083F00403C3F38003EBE7494805F1280341
:10D8B00007F1A801C0E90253E7F732FF0130012860
:10D8C000A4D940F22F713E20E8F7BAFC40F694212B
:10D8D0003E20E8F7B5FC394B0422C3F810253E4A38
:10D8E000D2F88420C3F88825A17E4346DFF8D8907B
:10D8F0003046DFF8C8A019F80120CAF8082501F061
:10D900007F02CAF8542594F9192000F0FDFF9DF913
:10D91000040000F063FF0DF10500E7F719FF002890
:10D9200045D10123E2799A4263723FF432AF09EBA9
:10D9300046092649B9F8943003F5FA73A1FB03139D
:10D94000A5EB9315002A7FF424AF1D4BCAF8803055
:10D950001FE71A4B0622C3F810251F4BD3F880206F
:10D96000164BC3F88825BFE7144B0522C3F81025D2
:10D97000F3E7124B0322C3F81025EEE740F64951B6
:10D980003E20E8F75DFC40F6B4213E20E8F758FC65
:10D9900040F61A013E20E8F753FC40F604013E2011
:10D9A000E8F74EFC4FF4E8613E20E8F749FC40F20E
:10D9B000F5513E20E8F744FC741A00210080004134
:10D9C0000800008000C00041B0B40201D34D6210D5
:10D9D0002800002158B502010000FF0170B582B097
:10D9E0001024E7F74DF9E7F76DF94A4A00230221C1
:10D9F000D2F804630546C2F80843474C06F0100607
:10DA0000C2F80012C2F88030C2F88430C2F8883000
:10DA1000C2F88030C2F8843084F83430D2F850151F
:10DA2000C9B2002940D1A38B952B04D9637A012B6D
:10DA300065D0022B59D00022364B94F84010A4F840
:10DA40000720C3F810216272D1B1D3F8001284F814
:10DA5000402021F4801141F00201C3F80012C3F804
:10DA6000AC21D3F8142522F47022C3F8142562697E
:10DA700022F00302C3F800296261284AC3F8102982
:10DA80001EB1244B1022C3F8042315B1214B0122EF
:10DA90001A6194F841302BB11E4A01210023116113
:10DAA00084F8413002B070BDFF218DF80710C2F834
:10DAB0001031012313619DF807304BB90CE09DF83C
:10DAC0000730013BDBB28DF807309DF807301BB102
:10DAD000D2F81031002BF2D09DF80730002BA2D1E4
:10DAE00040F66F013E20E8F7ABFBE7F72BFE013075
:10DAF0000128A0D940F686013E20E8F7A1FBE7F710
:10DB00001BFE0130012896D94FF408613E20E8F74A
:10DB100097FB00BF00800041741A00218032020090
:10DB2000F8B500222F4B304FC3F84825C3F84425E1
:10DB3000C3F84025C3F84C25FFF750FFBB8B952B4E
:10DB400040D8E7F723F80446002845D1254D41F693
:10DB5000F852264E264BC3F80825C5F8C401C6F86E
:10DB60008000C6F88400C6F88800C6F88000C6F8B1
:10DB70008400C5F8C800C5F8C400E6F7EDFE1D4BEB
:10DB80004FF48072C6F8A8413C73C5F8C0417C626E
:10DB9000C5F848453C62C5F84445C5F84045C5F858
:10DBA0004C45C5F84841C5F84441C5F84041C5F861
:10DBB0004C41C3F88020BFF34F8FBFF36F8FC3F882
:10DBC0008021F8BDE7F7A6FD01300128B9D940F260
:10DBD0004D513E20E8F734FB40F261513E20E8F71A
:10DBE0002FFB00BF00C00041741A002100800041DB
:10DBF00000F0004100E100E0014BC3F83C05704734
:10DC00000080004138B504460748E6F7CBFF28B945
:10DC1000064D94E80F0085E80F0038BD40F6EF018F
:10DC20003E20E8F70DFB00BF55D20101C01A0021CC
:10DC3000164A174908B592F83430C1F8040543F084
:10DC4000010C82F834C09A0710D5D1F8003243F0A5
:10DC50000103C1F80032D1F8503503F0F603022B6E
:10DC600006D140F21E613E20E8F7EAFA5B0700D4D5
:10DC700008BD084A084BC1F88820D3F84031002B72
:10DC8000F6D040F226613E20E8F7DAFA741A002155
:10DC9000008000410800008000C00041114A536A22
:10DCA000834210B519D201240F4B10615C64D3F884
:10DCB000441514734A1D824206D3A3F58043D3F85A
:10DCC000042102B91C6110BD0021084AC3F84411A7
:10DCD000C3F84405C3F8C42110BD40F6FF013E203F
:10DCE000E8F7AEFA741A002100C000410B00008072
:10DCF00010B50E4C0222034694F829C02273BCF1E1
:10DD0000010FA08B94F82810227E0BD000F0DCFDD0
:10DD10002061636A0021064A0344C2F84411C2F834
:10DD2000443510BD00F0B0FD2061F2E7741A002107
:10DD300000C0004130B4094A40F00044084D0123BE
:10DD4000C5F8044103FA00F00C60136B0549034366
:10DD5000C1F80405136330BC704700BF741A00217A
:10DD60000080004100F00041044BC3F86005D3F887
:10DD7000002242F04002C3F80022704700800041B8
:10DD8000054B0021D3F8002222F04002C3F8002204
:10DD9000C3F86015704700BF00800041044B024685
:10DDA0000120D3F8483503F07F035B4213707047BE
:10DDB00000800041014BD871704700BF741A0021E8
:10DDC00070B52D4C86B00D46E071A27209BB637A26
:10DDD0000121022B217230D0217E01AE274B284831
:10DDE00003EB4103A28BB3F8BC1001F2E731A0FBB7
:10DDF000013102EB9112B5FA85F10123304602920E
:10DE000049098DF804308DF80510E6F723FF06B0B8
:10DE100070BD022301AE2372637A217E022BDDD115
:10DE2000164BA28B03EB810315491B6F03F2E733FB
:10DE3000A1FB0313A2EB9312DDE701AE1046A17E16
:10DE4000334694F9192000F05FFD9DF9040000F0BD
:10DE5000C5FC0DF10500E7F77BFC38B9094AD2F89B
:10DE6000003243F48873C2F80032D5E740F2F5512E
:10DE70003E20E8F7E5F900BF741A0021B0B40201B2
:10DE8000D34D621000800041024B0022C3F84025B0
:10DE9000704700BF00C00041024B9A6B0260DB6B11
:10DEA0000B607047741A0021A94B01222DE9F04341
:10DEB000A84C83B0DA64D3F84C65E4F711FFA38B68
:10DEC000952BC4E90E0606D9637A012B00F0CB81AD
:10DED000022B00F09081A04B0022A049C3F88020C3
:10DEE000C3F88420C3F88820C3F88020C3F88420B6
:10DEF00084F83420D3F800221140227BC3F80012AA
:10DF0000002A40F08780637A012B00F08E80022B7C
:10DF100000F093800025904BD3F8103113B145F0F9
:10DF20001005EDB294F84830CBB18B4AD2F84036A8
:10DF300013F0FF0300F04481D2F81431D2F8182115
:10DF4000003B18BF0123003A18BF012284F82A3091
:10DF5000814B84F82B20D3F8103484F82C307E4B7E
:10DF600001A8D3F80421003A18BF01228DF804203B
:10DF70000022C3F80021C3F80C21C3F81021C3F814
:10DF80000421C3F81421C3F81821C3F80821C3F8E9
:10DF90006C21E6F789FE10B145F01005EDB20022C4
:10DFA0006B4BC3F8442105F01802102A5FD0684B70
:10DFB000D3F84875D3F844356762236294F8293062
:10DFC000022B64D0637A022B61D0217E627A237A9D
:10DFD00084F8281084F82920002B66D015F0110051
:10DFE00040F0F280B3F1010894F807906072A4F851
:10DFF000070018BF4FF00108A08B002A00F04E81E7
:10E00000012B00F0E580012A00F03F8100F02CFC9C
:10E01000C119E2E003F58043D3F84421637A003A62
:10E0200018BF0122012B7FF472AF4B4BD3F80C5178
:10E03000002D3FF470AF082574E74749D1F80C0173
:10E04000D1F80014002806BF00230425062511F08E
:10E05000010F18BF1D4632B105F00B0345F0010555
:10E0600043F00103EDB2002B7FF45CAF53E7627A1B
:10E07000012A9CD1D3F8487545F02005D3F84435E2
:10E08000EDB26762236294F82930022B9DD1217E84
:10E09000042901D0082999D12F4BD3F8143413F057
:10E0A000060F0CBF0821042190E71946A4F8073099
:10E0B0006372237394F84030E3B1274BD3F8002206
:10E0C00022F4801242F00202C3F800220022C3F8B8
:10E0D000AC2184F84020D3F8142522F47022C3F830
:10E0E0001425626922F00302C3F8002962611C4A08
:10E0F000C3F8102915F001004FD0E36C984715F0D4
:10E10000100531D0A36D9847637A022B2FD094F875
:10E110004130012B18D0BDB100230F4A0193019B60
:10E1200001330193019B013300F0B380D2F85035E5
:10E1300003F0F703042BF2D000200A4B4FF4807158
:10E14000C2F81001C3F8801103B0BDE8F08300BF2E
:10E1500000C00041741A002100800041E2FEFFFF70
:10E160008032020000E100E0637A022BECD1237BD5
:10E17000002BCCD0022B00F08180012B40F0988046
:10E180002369626A934240F28E804C4AC2F8443559
:10E190004A4B4B4AC3F8C421B9E7AB0705D515F084
:10E1A000040233D0236D9847A9E715F0280FA6D0B5
:10E1B00085F020030846626DC3F3401190479EE747
:10E1C0001A4684F82A30C3E6FFF708FC002171E7FD
:10E1D000012A3DD000F01AFBC119B9F1010F04D199
:10E1E0003B368E423AD884F80790A27A4046FFF731
:10E1F0008BFA00215EE7E7F7A5FA013001287FF6E8
:10E200006AAE40F686013E20E8F71AF82D4ED6F8A1
:10E210005034DF0120D513F0F00F0CBF0120002097
:10E2200013F4706F08BF40F0010013F00F0F08BF28
:10E2300040F0010080B1C3F34253D6F85464022B7E
:10E24000B0D8002EAED045F004051046EDB2A9E7D7
:10E2500000F0FAFAC119C0E70120A3E7194B4946BB
:10E26000C3F8109026E7E7F767FA013001287FF638
:10E2700032AE4FF408613E20E7F7E2FF636A21699E
:10E280000E4A0B44C2F8443582E700F0CDFAC119BA
:10E29000A3E740F651413E20E7F7D2FF40F63301B5
:10E2A0003E20E7F7CDFF40F629413E20E7F7C8FFC3
:10E2B00040F628413E20E7F7C3FF00BF00C0004101
:10E2C0000B00008000800041024B03EB8003986A42
:10E2D000704700BFB0B40201024B03EB8003186F1C
:10E2E000704700BFB0B4020108B5174A431E10764C
:10E2F000072B24D8DFE803F00E04231E2323231961
:10E30000124B0421124AC3F81015D2F88420C3F826
:10E31000882508BD0D4B0322C3F810250C4A0B4B72
:10E32000D2F88020C3F8882508BD084B0522C3F821
:10E330001025F3E7054B0622C3F81025EEE740F65B
:10E3400049513E20E7F77CFF741A0021008000410C
:10E350000000FF012DE9F043784D87B095F8343087
:10E36000DB0740F1DC8004460E46002845D001AFB3
:10E370004FF0020800233846ADF804808DF80630CF
:10E38000E6F7FEFB002840F0A18095F83430012C20
:10E39000DFF8AC9143F0020385F83430D9F800324D
:10E3A00043F00103C9F8003200F09580654B01226B
:10E3B000DA64AA8BD3F84C35952A00F2B580B4FA0A
:10E3C00084F40223384664098DF804308DF8054042
:10E3D000E6F740FC0DF10300E6F7DEFB002840F015
:10E3E00099806A7A9DF80330012A6AD0022A55D0B2
:10E3F00085F8410007B0BDE8F08301AF04238DF834
:10E4000006003846ADF80430E6F7BAFB00285DD1C7
:10E4100095F834303046DFF8288143F0020385F860
:10E420003430D8F8003243F00103C8F80032FFF767
:10E430005BFFA97E3046444E95F919203B4616F8FD
:10E4400001C0C8F808C501F07F0CC8F854C500F039
:10E450005BFA9DF9040000F0C1F90DF10500E7F742
:10E4600077F9002865D10123364AC8F800306B726D
:10E47000D364D2F84C35AA8B952AA0D9334806F13B
:10E48000A80183602833C360E7F74AF90130012807
:10E4900095D940F22F713E20E7F7D2FE83F00203B8
:10E4A000C3F3400385F84130002BA3D0244B002256
:10E4B0000121C3F88020C3F88420196107B0BDE8AA
:10E4C000F08383F00403C3F38003EBE740F6942169
:10E4D0003E20E7F7B5FE3046FEF704FFAA8B194B46
:10E4E000952AC9F8044085F80980DC64D3F84C35D6
:10E4F0007FF665AF1548164983602933C360E7F797
:10E5000015F9013001287FF65AAF40F23C713E20E8
:10E51000E7F796FE40F6B4213E20E7F791FE40F281
:10E520005C713E20E7F78CFE4FF4E8613E20E7F790
:10E5300087FE40F2F5513E20E7F782FE741A002173
:10E540000080004100C00041B0B402012800002159
:10E5500058B502012DE9F043984C87B006460F46A6
:10E5600094F8343043F0020384F83430002840F04B
:10E5700090800DF1040904238DF806004846ADF89B
:10E580000430E6F7FDFA002840F0DE8038468C4D76
:10E59000FFF7AAFEA17EDFF82C824B4601F07F0236
:10E5A000685CC8F808053846C8F8542594F919205D
:10E5B00000F0AAF99DF9040000F010F90DF1050032
:10E5C000E7F7C6F8002840F0F38001236372E3798F
:10E5D000012B05D1D8F8003243F00803C8F8003207
:10E5E00005EB47057848794AB5F8945005F5FA7572
:10E5F000A0FB0535734BC3F88020AD09E379002BF0
:10E600005BD194F8343043F0020384F83430FEF7E1
:10E6100035FEE4F789F9804600285DD1E3F74EF82E
:10E62000002E6B4B039008BF012200F5A87018BFA5
:10E6300000228DF8048002938DF8052053F82030D5
:10E64000484604934FD1DFF878815F4A08EB4707CB
:10E65000B7F8943003F51673A2FB03239B090593C7
:10E66000E6F7F8FAA38B952B73D80DF10300E6F7C4
:10E6700093FA002840F09280627A9DF80330012AD4
:10E680005DD0022A47D084F84100284607B0BDE893
:10E69000F0830DF1040900234FF0020848468DF87D
:10E6A0000630ADF80480E6F76BFA054600284BD13A
:10E6B000012E5ED0E379002BA3D0012BA7D194F8D3
:10E6C000343043F0040384F83430FEF7D7FDE4F728
:10E6D0002BF980460028A1D00025FFF77FF92846B6
:10E6E00007B0BDE8F08328230593E6F7B3FAA38BC0
:10E6F000952BBAD9012E56D1364829233649C0E97F
:10E700000283E7F713F801300128AED940F23C71DB
:10E710003E20E7F795FD83F00203C3F3400384F83E
:10E720004130002BB1D0274B002201212846C3F8ED
:10E730008020C3F88420196107B0BDE8F08383F01E
:10E740000403C3F38003EAE740F694213E20E7F791
:10E7500077FD2048282308F1A8018660C360E6F70A
:10E76000DFFF0130012880D940F22F713E20E7F70A
:10E7700067FD3846FEF7B6FDE37984F80980012B82
:10E7800006D1104AD2F8003243F00403C2F8003236
:10E790000C4B29250D4AC3F884208BE740F6B421A1
:10E7A0003E20E7F74DFD4FF4E8613E20E7F748FDD6
:10E7B00040F2F5513E20E7F743FD00BF741A0021F7
:10E7C000B0B4020100800041D34D6210030000800C
:10E7D00000C000412800002158B502010028094B63
:10E7E00008DD01220338C3F80025C0B2064BC3F888
:10E7F0000C0570470022C0B2C3F80025024BC3F8D5
:10E800000C057047004000410080004110B50446EF
:10E810000846FFF761FD034BA3FB0030A4EB90100B
:10E8200010BD00BFD34D6210054B0238054A33F8C6
:10E83000113003F2E733A2FB032300EB9310704780
:10E84000A4B50201D34D6210054B064A33F81130CE
:10E8500003F57A73A2FB032300EB9310704700BF0C
:10E86000A4B50201D34D621010B504460846FFF767
:10E8700033FD044B00F2E730023CA3FB0030A4EB75
:10E88000901010BDD34D621070B50D4E84461D46DC
:10E89000104636F8111006EB8206053574690C44F3
:10E8A0004FF47A7104F6B73401FB0C440549A1FB1F
:10E8B0000434FFF709FDA4092C44204470BD00BFB7
:10E8C000A4B50201D34D621070B506460846154640
:10E8D000FFF702FD0A4B4FF47A710246284603EB1C
:10E8E00085035C69074B04F6B73401FB0644A41AA0
:10E8F000A3FB0434FFF7E8FC0530A409204470BDF5
:10E90000A4B50201D34D62102DE9F0472A4C82B024
:10E9100007461E460D469046E1F7ECFF23788146F8
:10E92000BB4202D16378AB422BD07B1E072B3AD877
:10E93000DFE803F0253739353939390402200DF184
:10E94000070342462946E1F7DBFF88BB9DF907A094
:10E950002846FEF759FD314602465046E6F70AFFC3
:10E960003288164BA280B2782770657084F80280D6
:10E9700084F80390E0719A7002B0BDE8F08700203F
:10E98000DDE794F902304345CFD1E3788342CCD11F
:10E99000A288A37994F907003280B370ECE70320D2
:10E9A000CDE70120CBE740F24C410620E7F748FCD9
:10E9B0003D217520E7F744FC3C0000214000002188
:10E9C0002DE9F04786468C460846089E1546744653
:10E9D0001946002B40F0C1808542B2FA82F245D937
:10E9E0004AB1C2F1200300FA02FC954094402EFA8D
:10E9F00003F343EA0C0C4FEA154EA8B2230CBCFB00
:10EA0000FEF80EFB18CC08FB00F943EA0C439945CD
:10EA100028D9EB1808F1FF3704D2994502D9A8F19B
:10EA200002072B44A3EB0903A4B2B3FBFEFC0EFBCD
:10EA30001C330CFB00F044EA0344A04214D92C1907
:10EA40000CF1FF3304D2A04202D9ACF102032C44F2
:10EA5000241A43EA07401EB1D44000233460736097
:10EA6000BDE8F0874746DDE76346F1E792BB431B0D
:10EA700001214FEA154EAFB2200CB3FBFEFC0EFB9A
:10EA80001C330CFB07F840EA0343984561D9EB18A7
:10EA90000CF1FF3004D2984502D9ACF102002B44AE
:10EAA000A3EB0803A4B2B3FBFEFC0EFB1C330CFB70
:10EAB00007F744EA0344A7424DD92C190CF1FF3360
:10EAC00004D2A74202D9ACF102032C44E41B43EA6E
:10EAD0000040C0E7C2F120039540944020FA03F1C2
:10EAE0002EFA03F34FEA154E9040AFB20343B1FB49
:10EAF000FEFC0EFB1C10190C0CFB07F841EA004150
:10EB0000884522D969180CF1FF3004D2884502D912
:10EB1000ACF102002944A1EB08019BB2B1FBFEFC61
:10EB20000EFB1C110CFB07F743EA01439F420ED971
:10EB3000EB180CF1FF3104D29F4202D9ACF1020173
:10EB40002B44DB1B41EA004193E76046E3E7614663
:10EB5000F7E76046A4E76346B8E7834206D916B9EB
:10EB6000002108467CE7C6E900E0F9E7B3FA83F73D
:10EB70008FB9834201D3724508D8BEEB020460EB23
:10EB8000030301209C461EB9002169E73846FAE7D5
:10EB9000C6E9004CF8E7C7F1200CBB400EFA07F5B8
:10EBA00022FA0CF42EFA0CF1BA401C4320FA0CF3B2
:10EBB000B8404FEA144901431FFA84FEB3FBF9F849
:10EBC00009FB18300B0C08FB0EFA43EA00439A4588
:10EBD00040D9E31808F1FF3004D29A4502D9A8F1D0
:10EBE00002002344A3EB0A0389B2B3FBF9F809FB43
:10EBF000183308FB0EFE41EA03418E452CD96118FB
:10EC000008F1FF3304D28E4502D9A8F10203214452
:10EC100043EA0040A1EB0E01A0FB02984145CE461D
:10EC2000434602D306D14D4504D20138B9EB020E5A
:10EC300068EB0403002EA7D0B5EB0E0261EB0301D5
:10EC400001FA0CFC22FA07F3F9404CEA0303C6E987
:10EC5000003199E74046C5E74346D9E7704770B5AC
:10EC60000024E1F779FE05462646E0B2854200D849
:10EC700070BDE1F777FE0134868480F82660F4E702
:10EC800013B50C460DF1030201A9E4F75BFB9DF8F7
:10EC9000033001980BB104B1013002B010BD08B5CA
:10ECA000B1B1A1FB000140F2A373400A40EAC15098
:10ECB000490AC31841F1000119B172216D20E5F72D
:10ECC0004BFD00F2A17040F2A171B0FBF1F008BD64
:10ECD0000846FCE770470346002018707047EFF3C2
:10ECE000108272B6012103780170DBB202B962B6FC
:10ECF000012B0CBF6FF0220000207047EFF3108350
:10ED000072B60022027003B962B600207047E5F7C0
:10ED1000DFBD20BF704700280CBF6FF0150000203A
:10ED200070470020704707230370002070470020C1
:10ED3000704700207047704708B5E6F735F9E6F7E9
:10ED4000C9FBBDE80840E6F73FBC08B5E6F776F931
:10ED5000E6F7E8FBBDE80840E6F76ABC08B5E6F769
:10ED6000B5F9E6F705FCE6F797FCE7F779F800F068
:10ED700003F90120BDE80840E7F740B900207047DB
:10ED800040F2AA21722008B5E5F7E6FC4FF438718D
:10ED9000712008B5E5F7E0FC40F27E31762008B539
:10EDA000E5F7DAFC0020704740F2CF21722008B569
:10EDB000E5F7D2FC40F20531712008B5E5F7CCFC4F
:10EDC00040F2A331762008B5E5F7C6FC0020704775
:10EDD00040F2D721722008B5E5F7BEFC40F20D31B4
:10EDE000712008B5E5F7B8FC40F2AB31762008B5E4
:10EDF000E5F7B2FCFFF732BF801A00F3070038B521
:10EE00000D46144640B2E1F795FD002328702044DA
:10EE10006C7040B2AB7038BD10B4C41A002CD8BFAF
:10EE20001A4610BCFFF7E8BF13B50C46114601AAFD
:10EE3000E6F7AEFC9DF804309DF907002370BDF89D
:10EE40000530A4F8013002B010BD08B5034600201B
:10EE500043FA00F2D20707D401300428F8D140F277
:10EE600001117220E5F778FC20B1012802D00228B8
:10EE700018BF032008BD8900824214BF60313031C1
:10EE8000C8B270478900824214BF60313031C8B2C5
:10EE900070478900824214BF60313031C8B2704778
:10EEA000037E0BB190F908300B70704707B50A4626
:10EEB0000DF10701FFF7F4FF9DF9073092F90020EB
:10EEC0009A4214BF6FF01500002003B05DF804FBF8
:10EED00090F828300BB190F909300B707047F7B5F6
:10EEE00006460C4615461F46E6F74AFC38B13A4638
:10EEF0002946204603B0BDE8F040FFF795BF0DF16D
:10EF000007013046FFF7CCFF9DF907202946204630
:10EF1000FFF772FF03B0F0BD08B50346002043FAC7
:10EF200000F2D20701D541B1002101300428F6D109
:10EF300040F209117120E5F70FFC20B1012802D041
:10EF4000022818BF032008BD08B50346002043FA75
:10EF500000F2D20701D541B1002101300428F6D1D9
:10EF60004FF4A0717620E5F7F7FB20B1012802D01D
:10EF7000022818BF032008BD7047032070471FB543
:10EF8000014601A800F006F801A8ECF791FE05B0D3
:10EF90005DF804FB0B880022C3F30B0303804B884E
:10EFA000427143804B78C3F30113012B02D0022B33
:10EFB00018BF134604310371816070470B88043019
:10EFC00010B500F8043C0C4610F8033C03F0F003C5
:10EFD00000F8033C0A88C2F30322134300F8033C01
:10EFE00003F0CF034A8800F8022C4A8800F8033C5B
:10EFF000120A00F8012C0A79120102F030021343C0
:10F0000003F03F0300F8033C4A7943EA821300F817
:10F01000033C8968814205D06288FB2A28BFFB2215
:10F02000E5F7CCFC60880430C0B210BD3E22034638
:10F030000270012282700A79C270CA880271CA887D
:10F04000120A42710A7A82714A7AC271D1F80A2090
:10F050008260CA8982818A8B82738A8B120AC27308
:10F06000CA8B0274CA8B120A42740A8C82740A8C8C
:10F07000120AC27491F8222002751320587070474A
:10F080002DE9F0470B7804460D46013B2A2B00F290
:10F090006D83DFE813F02B0047004D004F00BF01E8
:10F0A0009C00F60001011401300146014F015E0190
:10F0B0006901A401BD016B036B037E00C3007401F1
:10F0C000930110020C021F02320241026B0349023B
:10F0D000620292029A02C702D902F10204031503E6
:10F0E000420332031F0323036B0351030C230370FA
:10F0F0000B798370B1F80530C370B1F805301B0A85
:10F100000371CB7943710B8983710B891B0AC3711E
:10F110004B8903724B891B0A4372082060700230CE
:10F1200080B271E1102323702B790120A370F5E7E1
:10F130001A23F8E73E230F310D3000F80D3C02236F
:10F1400000F80B3C11F80B3C00F80A3C11F8013CAC
:10F1500000F8093C11F80A3C00F8083C51F8093C59
:10F1600040F8073C31F8053C20F8033C11F8036CEB
:10F170001F2E00F8016C28BF1F263246E5F71EFC43
:10F1800006F10D036A7B06F10C00DBB2E254C0B25B
:10F19000C4E73E2303700B2383700B79C3704B7954
:10F1A00003718B794371D1F80730C0F80630B1F89C
:10F1B0000B3043814B7B0373D1F80E30C0F80D3018
:10F1C0004B8AA0F811300B7DC3741220A6E73E23B2
:10F1D0000370012383700B79C370CB880371CB88D4
:10F1E0001B0A43710B7A83714B7AC371D1F80A30D1
:10F1F0008360CB8983810B8A83730B8A1B0AC37359
:10F200004B8A03744B8A1B0A43748B8A83748B8AE0
:10F210001B0AC3748B7D037513207FE73E230370A5
:10F220000A2383700B79C370CB880371CB881B0AC8
:10F2300043710B7A83714B7AC371D1F80A308360C2
:10F24000CB8983810B69C0F80E308B8A4382D1F859
:10F25000163043614B8B03838B8B83768B8B1B0A1E
:10F26000C376CB8B0377CB8B1B0A43770B8C8377CF
:10F270000B8C1B0AC37791F8223080F820301F20B6
:10F280004CE73E230370142383708B88C3708B88F4
:10F290001B0A0371AB7959E03E230370042383708A
:10F2A0000B79C370CB880371CB881B0A43718B68C1
:10F2B000C0F80630CB68C0F80A300C202EE73E2399
:10F2C0000370032383700B79C370CB880371CB88E1
:10F2D0001B0A43710B8983710B891B0AC3714B890C
:10F2E00003724B891B0A43728B8983728B891B0AB9
:10F2F000C3720A2012E73E230370052383708B88B4
:10F30000C3708B881B0A0371D1F80630C0F8053032
:10F31000D1F80A30C0F80930CB89A0F80D300D20A3
:10F32000FCE6112323700220AB88A370AB881B0A74
:10F33000E370F3E6052303700B798370B1F80530B1
:10F34000C370B1F805301B0A0371CB7904206371D7
:10F35000E4E6082303700B798370CB88C370CB88F5
:10F360001B0A03710B7AF1E7302303700B7983706A
:10F37000CB88C370CB881B0A03710320CEE63E23E3
:10F3800003700723A3700B20AB88E370AB881B0AC4
:10F390002371EB886371EB881B0AA3712B89E371DE
:10F3A0002B891B0A23726B8963726B891B0AA372F8
:10F3B000AB89E372AB891B0A2373AFE63E2303706C
:10F3C0000C2383700B79C370CB880371CB881B0A25
:10F3D00043710B7A83714B7A0620E3719EE60B79B9
:10F3E000012B837012D113230370CB88C370CB8899
:10F3F0001B0A03710B8943710B891B0A837105205A
:10F4000080B200287FF48AAEBDE8F0870020F7E7DD
:10F41000572387E73E2320311C3000F81C3C0D2386
:10F4200000F81A3C11F81C3C00F8193C31F8123C69
:10F4300020F8183C11F81B3C00F8163C51F81A3C17
:10F4400040F8153C31F8163C20F8113C11F8103CFE
:10F4500000F80F3C11F80F3C00F80E3C11F80E3C80
:10F4600000F80D3C11F8023C00F80C3C11F8133C7C
:10F4700000F80B3C31F80B3C20F80A3C11F8093C31
:10F4800000F8083C51F8083C40F8073C31F8043CCF
:10F4900020F8033C11F8146CE52E00F8016C28BF2D
:10F4A000E5263246E5F78AFA06F11A006FE63E23B2
:10F4B0000370112339E63E230370122383700B7906
:10F4C000C3704B790371CB884371CB881B0A83715E
:10F4D0000B7A81E73E23C21C103503700E23837024
:10F4E0000B1D53F8041BAB4242F8041BF9D11988D9
:10F4F000102011809B78937010E63E230431033076
:10F5000000F8033C0F2300F8013C8A790732E5F745
:10F5100055FAA87A083001E63E2303701023837061
:10F520008B88A0F8033028E73E23037021238370E3
:10F530000B79C370B1F805300371B1F805301B0ABF
:10F540004371CB7983710B7AC3714B7A03728B7AD7
:10F550004372CB7A83720920E0E53E2303701823BF
:10F5600083700B79C370B1F805300371B1F80530C1
:10F570001B0A4371B1F807308371B1F807301B0AD9
:10F58000C371B1F809300372B1F809301B0A437234
:10F59000CB7A83720B7BC372D1F80D30C360B1F8A4
:10F5A00011300382CB7C83748B8AC3748B8A1B0AD1
:10F5B00003758B7D43751420B0E53E23037027232C
:10F5C00083708B88A0F8033064E63E234FF0000878
:10F5D000814601F1080A0370282346460E358370E0
:10F5E0004B6849F8033FA2795FFA88F39A4201D841
:10F5F000701D05E7331DDAF80020294608F10108DF
:10F6000049F8032009EB0300BAF80430063020F86B
:10F61000023C10F8017C3A460637E5F7CFF93E4444
:10F62000B6B2E0E73E23C21C143503702423837076
:10F630000B1D53F8041BAB4242F8041BF9D1198887
:10F6400011809B789370B6E73E230C310B3000F8A5
:10F650000B3C252300F8093C51F8083C40F8083CD5
:10F6600051F8043C40F8043C10F8016C3246E5F7D0
:10F67000A5F906F1090051E53E23C21C18350370B7
:10F68000262383700B1D53F8041BAB4242F8041B66
:10F69000F9D11988182011809B7893703EE53E239C
:10F6A000C21C24350370292383700B1D53F8041BDF
:10F6B000AB4242F8041BF9D11B78222013702DE5D0
:10F6C000FF230370A12383700B79C3704B790371FF
:10F6D00000233BE6FF230370A22353E6FF230370BE
:10F6E000A32383708B88C3708B881B0A03718B796B
:10F6F0004371CB798371052010E53E2303701323FA
:10F7000083700B79C3704B790371D1F80630C0F860
:10F7100005304B89A0F80930EBE5FF230370A423E3
:10F7200083708B88C3708B881B0A03718B7943713C
:10F73000CB7983710720F1E4FF23827B0370802360
:10F7400083708B88A0F80330CB88A0F805300B7A43
:10F75000C3714B8903818B894381CB8983810B7C66
:10F76000C3F3000363F300028273D8E500204BE685
:10F7700008B510B1FFF703FC10B96FF0150008BD14
:10F780000020FCE710B50C4630B129B1E6F7E8FFE0
:10F7900028B12070002010BD6FF01500FBE76FF05E
:10F7A0002200F8E708B5E7F765F8002008BD02F089
:10F7B00032B8FCF727BAFCF733BAFCF743BA08B5FE
:10F7C000E7F76AF8002008BD02F0D0BC02F0E1BC07
:10F7D0000346022200201A70032258709A702F22CA
:10F7E000D8705A71392218719A713322DA716FF018
:10F7F00025021A726FF061025A726FF02D029A722E
:10F800000122DA72704702F051B810B50446E4F7ED
:10F81000E9FFB0F5007F09DA10F5007F08DD031E6F
:10F82000B8BF03339B100020237010BD7F23FAE77D
:10F830006FF07E03F7E707B5037801A88DF8043071
:10F84000FDF7E8F803B05DF804FB1FB5002341F6AF
:10F850004B524178CDF80A30D0F80230934295BF30
:10F860004FF47A7240F2E242B3FBF2F3B3FBF2F3ED
:10F8700098BF03F5506302789BB242EA0122ADF8CB
:10F880000230ADF80020ADF80430C279837943EA44
:10F890000223ADF80630427A037A684643EA02232F
:10F8A000ADF8083002F0BDF905B05DF804FB07B50E
:10F8B000037801A88DF8043002F0C1FC03B05DF8B4
:10F8C00004FB0078003818BF012002F051B9FDF7A1
:10F8D000D5B88178008802F094BC01F085BF01F0B2
:10F8E000DABF08B5E6F7E0FF002008BDFCF7DAB99B
:10F8F00001F0EABFFCF714BF01F0BBBF02F0B2BBDE
:10F9000002F07CBB02F0C3BBFCF71CBB02F016B9D3
:10F91000FCF790BD02F031B901F0BBBE01F0BDBEF5
:10F9200001F0FBBE01F017BF02F07BB902F0C7B9CE
:10F9300001F0D8BF02F006BA01F0A4BF01F065BF24
:10F9400002F025BA03880B8002F0D3BB03880B803A
:10F9500002F0F5BB01F0EEBFFCF7E8B902F00AB81F
:10F9600001F0A6BE01F0BFBE01F02CBF01F038BF10
:10F9700001F018BF01F00DBF02F022B802F048B844
:10F98000FCF7DEB902F07DB801F065BF02F029B8DE
:10F9900002F065BCFCF790B902F09EB802F01FBC03
:10F9A00080B483B000AF0346FB71FB799BB2063392
:10F9B0009BB218460C37BD4680BC704780B582B0FC
:10F9C00000AF03460A46FB8013467B717B791846DD
:10F9D000FFF7E6FF03461A46FB8813449BB218461E
:10F9E0000837BD4680BD80B582B000AF0346FB80BE
:10F9F0000B467B7113467B807A79FB88114618464B
:10FA0000FFF7DCFF03461A467B8802FB03F39BB239
:10FA100018460837BD4680BD80B483B000AF0346AA
:10FA20000A46FB801346BB80FA88BB8853409BB2D2
:10FA3000C3F30E03002B08D1FA88BB8853409BB256
:10FA40001BB2002B01DA012300E0002303F00103C5
:10FA5000DBB218460C37BD4680BC704780B483B01B
:10FA600000AF03460A46FB801346BB80FA88BB887A
:10FA70009A420CBF01230023DBB218460C37BD4667
:10FA800080BC704780B586B000AFF860084611466C
:10FA90001A4603467B810B463B811346FB71FB688C
:10FAA0007B613A8CF9793B89184600F096F8034659
:10FAB0007B827A897B8A9A4203D2A8211420E6F7B6
:10FAC000BFFBFB68033323F00302FB689A4203D0B9
:10FAD000A9211420E6F7B4FB242200217869E4F779
:10FAE000E3FF7B694FF6FF729A827B69FA791A7796
:10FAF0003A8CF9793B891846FFF775FF03461A4699
:10FB00007B695A807B695B88B3F5004F03D9AF21CD
:10FB10001420E6F795FB7B693A891A807B690022FD
:10FB20005A7700BF1837BD4680BD90B589B000AF89
:10FB300078600B467B807B68FB61FB692433BB618B
:10FB4000FB69DB88FB82FB691B89BB82FB8AC3F3F1
:10FB50000E037B82BB8AC3F30E033B82FB691B88C7
:10FB6000452B38BF45239BB27A889A4203D9DB21C3
:10FB70001420E6F765FBFA8ABB8A11461846FFF7A0
:10FB80004BFF0346002B01D0002322E03A8A7B8AF8
:10FB90009A4213D93A8A7B8AD41AFB691B7F18468A
:10FBA000FFF7FEFE0346E31AFB607B88FA689A4281
:10FBB00004DAFB690022DA7500230AE07B8ABA695D
:10FBC0001344BB60BB687A881A80FB690122DA752E
:10FBD000BB6818462437BD4690BD80B584B000AFE1
:10FBE0000346FB800B467B7113467B807A887979CC
:10FBF000FB881846FFF7F7FE0346BB8124237B8171
:10FC00000023FB81FB88442B03D8FB88C3F1450309
:10FC1000FB817A89BB8913449AB2FB8913449BB256
:10FC200018461037BD4680BD80B586B000AF7860FD
:10FC30000B467B807B687B617B6924333B617B69FE
:10FC4000DB88FB81FB89C3F30E03BB81BB893A6967
:10FC50001344BB607B691B88452B38BF45239BB28F
:10FC60007A889A4204D940F219111420E6F7E8FA8A
:10FC70007B69DB7D83F00103DBB2002B01D0002325
:10FC800014E0BB681B889BB27A889A4201D9002392
:10FC90000CE0BB687A881A807B690633194678695C
:10FCA000E6F7D6FE7B690022DA750123184618377D
:10FCB000BD4680BD80B58CB000AFF860B9607A6099
:10FCC000FB68FB62FB6A2433BB62FB6ADB88FB8454
:10FCD000FB6A9B88BB84BB8CC3F30E037B847B8C49
:10FCE000BA6A1344FB61FA8CBB8C11461846FFF7C5
:10FCF000B5FE0346002B04D0FB6A00221A820023C3
:10FD000027E0FB691B889AB2FB6A9B89D31A7B8325
:10FD10007B8CFA6A127F1344FA6A92891344033384
:10FD2000BA6A13447B61BB681B887A8B9A4202D201
:10FD3000BB687A8B1A80FB6A9B89002B0CBF01235E
:10FD40000023DAB27B681A70BB681A88FB6A1A82D1
:10FD50007B6918463037BD4680BD80B588B000AF9E
:10FD6000786039607B68FB61FB692433BB61FB69A8
:10FD70009B88FB82FB8AC3F30E03BA6913443B6181
:10FD80003B6800221A60FB691B8A002B01D100230B
:10FD900034E0FB699A89FB691B8A13449AB2FB69B8
:10FDA0009A81FB699A893B691B889BB29A4204D964
:10FDB0004FF4B3711420E6F743FAFB699A893B6963
:10FDC0001B889BB29A4215D1FB699B69FB60FB685B
:10FDD000002B03D0FB685A7F3B699A70FB690433A0
:10FDE0001946F869E6F734FEFB6900229A813A6900
:10FDF0003B681A60FB6900221A82012318462037EB
:10FE0000BD4680BD80B58AB000AFF860B9607A6049
:10FE1000FB687B627B6A24333B627B6A1B89FB83C2
:10FE20007B6A5B89BB837B6A9B887B83FB8BC3F389
:10FE30000E033B833B8B3A6A13447B617A8BFB8BCB
:10FE400011461846FFF70AFE0346002B01D0002397
:10FE50002AE07B68002B05D03B8B03333A6A1A44B7
:10FE60007B681A60BB68002B09D03B8B03333A6A6E
:10FE7000D1187B6A1B7F1A46B868E4F79FFD7B693F
:10FE80001A785B781B0213437B827B6A083319461E
:10FE9000786AE6F7DDFDFA8BBB8B9A4203D17B6A69
:10FEA0001A897B6A5A817B8A18462837BD4680BDED
:10FEB00080B584B000AF78607B68FB60FB689B888E
:10FEC0009AB2FB68DB8819461046FFF7C7FD034668
:10FED00018461037BD4680BD80B588B000AF786049
:10FEE0007B68BB61BB69DB88FB82BB695B89BB82CA
:10FEF000FB8AC3F30E037B82BB8AC3F30E033B82F0
:10FF00003A8A7B8AD31AFB61FA8ABB8A53409BB236
:10FF10001BB2002B05DBBB695B881A46FB691344E7
:10FF2000FB61BB691A88BB691B7F19461046FFF746
:10FF300045FD0346FB81FB89FA6992FBF3F39BB213
:10FF400018462037BD4680BD80B584B000AF7860CC
:10FF50007B68FB60FB681A89FB689B889BB219462B
:10FF60001046FFF77BFD034618461037BD4680BD9F
:10FF700080B588B000AF78607B68FB61FB69243393
:10FF8000BB61FB69DB88FB82FB699B88BB82BB8A08
:10FF9000C3F30E037B827B8ABA691344FB60FA8A3F
:10FFA000BB8A11461846FFF759FD0346002B01D0C6
:10FFB000002326E0FB699B891A46FB691B8A1344D0
:10FFC000FA68128892B2934201DA012319E0BB8ADF
:10FFD0007B8107F10A031946F869E6F739FD7B8949
:10FFE000FA8A11461846FFF739FD0346002B14BF65
:10FFF00001230023DBB283F00103DBB203F0010332
:020000040102F7
:10000000DBB218462037BD4680BD90B58BB000AF3F
:1000100078600B467B807B683B623B6ADB88FB83B6
:100020003B6A1B89BB83BB8BC3F30E037B83FB8BB8
:10003000C3F30E033B833B6A24337B613B8B7A69BA
:1000400013443B61FA8BBB8B11461846FFF7E4FC67
:100050000346002B04D03B6A00225A82002345E06D
:100060003B6A1B88452B38BF45239BB2FB607A8BCC
:100070003B8B9A4211D97A8B3B8BD41A3B6A1B7FFC
:100080001846FFF78DFC0346E31A7B627A6AFB6829
:100090009342A8BF13467B6201E0FB687B623B6A28
:1000A000DB89002B06D03B691B889BB21A467B6A12
:1000B0009B1A7B627B887A6A9A4204DA3B6A002246
:1000C0005A82002312E03C8B3B6A1B7F1846FFF7E5
:1000D00067FC034623443A6AD2891344033B7A6996
:1000E0001344BB603B6A7A885A82BB6818462C3737
:1000F000BD4690BD90B58BB000AF78600B467B805D
:1001000013467B707B687B627B6A24333B627B6A2D
:10011000DB88FB83FB8BC3F30E03BB83BB8B3A6A89
:100120001344BB617B6A5B8A002B04D07B6A5B8AC9
:100130007A889A4201D9002382E07B6ADB89002B0E
:1001400009D17B6A5A7FBB699A70BB6900221A7019
:1001500000225A7021E07B6ADA89BB691B889BB256
:100160009A4204D040F251211420E6F769F8BC8B82
:100170007B6A1B7F1846FFF713FC034623447A6A09
:10018000D2891344033B3A6A13447B617B6A1E3372
:10019000032219467869E4F711FC7B6ADA897B88C7
:1001A00013449AB27B6ADA81BB691B889AB27B8856
:1001B00013449AB2BB691A807B78002B26D07B6AE5
:1001C00006331946786AE6F743FC7B6A0022DA8137
:1001D0007B6A5B7F0133DAB27B6A5A777B6A9B7DED
:1001E0003B723B7ADBB2002B14BF01230023DBB24E
:1001F000002B21D07B6ADA887B6A9A827B6A16336D
:10020000FB6000BFFB6800221A7015E0BC8B7B6AA4
:100210001B7F1846FFF7C4FB034623447A6AD28942
:100220001344033B3A6A13443B617B6A1E33032247
:1002300039691846E4F7C2FB7B6A00225A8201231F
:1002400018462C37BD4690BD80B58CB000AF7860A5
:100250007B68FB62FB6A2433BB62FB6ADB88FB843E
:10026000FB6A9B88BB84BB8CC3F30E037B847B8CB3
:10027000BA6A1344FB61FB6A9B889AB2FB6A9B8A49
:100280009A4201D1002335E0FA8CBB8C1146184606
:10029000FFF7E4FB0346002B01D000232AE0FB6AB2
:1002A0009B89002B01D0002324E0FB6A9B69002B73
:1002B0001FD0FB6A9B69BB61B869FFF745FE034627
:1002C00083F00103DBB2002B13D0BB691B89C3F39E
:1002D0000E03FB82BB6924333B61FB8A3A691344FA
:1002E000FB60FB689A78FB699B789A4201D10023F6
:1002F00000E0FB6918463037BD4680BD80B586B04A
:1003000000AFF860B9607A60FB687B617B691B7F36
:100310001846FFF745FB0346033BBA681A447B685F
:100320001A60BB681B889BB218461837BD4680BD53
:1003300080B483B000AF78607B68033318460C3715
:10034000BD4680BC704780B584B000AF78607B68E4
:10035000FB60FB68DB887B81FB689B883B817A893B
:100360003B8911461846FFF779FB0346002B01D065
:1003700000231EE0FB689B89002B01D0002318E0BE
:10038000FB681B8A002B01D0002312E0FB689B88CE
:100390009AB2FB689B8A9A4201D1002309E0FB686C
:1003A00004331946F868E6F753FBFB6800221A820B
:1003B000012318461037BD4680BD80B485B000AF1C
:1003C00078607B68FB60FB680022DA81FB680022B2
:1003D0005A82FB681633BB6000BFBB6800221A70EC
:1003E00000BF00BF1437BD4680BC704780B489B0E1
:1003F00000AFF860B9607A60FB68FB61FB691B883D
:10040000452B38BF45239AB27B681A80FB69DB888D
:10041000C3F30E037B83FB6924337B617B8B7A6997
:1004200013443B613A69BB681A60FB69DB89184673
:100430002437BD4680BC704780B483B000AF78607D
:100440000B467B807B6800221A607B687A889A80E2
:1004500000BF0C37BD4680BC704780B483B000AF8E
:10046000786039603B681A687B681A603B687A6814
:100470001A6000BF0C37BD4680BC704780B483B0A3
:1004800000AF78607B681B681A687B681A6000BFE1
:100490000C37BD4680BC704780B582B000AF786035
:1004A0000B467B807B6800221A607B6804337A8865
:1004B00011461846FFF7C0FF7B6804337A6811467F
:1004C0001846FFF7CAFF00BF0837BD4680BD80B49D
:1004D00085B000AF78600B467B807B880833FB815A
:1004E0007B689B88FA899A4294BF01230023DBB280
:1004F00018461437BD4680BC704780B582B000AF47
:10050000786039603B68002B07D03B68072B04D824
:1005100040F295111520E5F793FE3B68002B07D1BB
:100520007B68002B02D07B6800221A60002315E054
:100530007B68002B10D03B68B3F5803F04D340F2BA
:10054000A7111520E5F77CFE7B681B683A6892B21C
:1005500011461846FFF7A0FF3B68043318460837DA
:10056000BD4680BD80B586B000AF78607B68FB601B
:100570000023FB82FB681B683B6107E03B699A88AC
:10058000FB8A1344FB823B691B683B613B69002B80
:10059000F4D1FB8A1946F868FFF77EFF00BF1837D1
:1005A000BD4680BD80B588B000AF786039607B689B
:1005B0007B610023BB613B68072B04D93B684FF686
:1005C000FE72934204D940F2CD111520E5F738FEB2
:1005D0007B691B68002B42D07B69FB6102E0FB69F1
:1005E0001B68FB61FB691B689B881A463B6893424A
:1005F00004D0FB691B681B68002BF0D1FB691B68EA
:10060000BB61BB699B881A463B68934203D1F8697A
:10061000FFF734FF23E03B689BB21946B869FFF748
:1006200056FF0346002B18D0FB691B689A883B686D
:100630009BB2D31A7B82FB691A683B681344FB6048
:100640007B8A1946F868FFF7F7FEF869FFF716FF8F
:10065000F969F868FFF701FF01E00023BB61BB699E
:1006600018462037BD4680BD80B586B000AFF86023
:10067000B9607A60FB687B61BB683B617B689BB259
:1006800019463869FFF7D8FE7B6919463869FFF7C4
:10069000E4FE00BF1837BD4680BD80B485B000AF12
:1006A0000346B9607A60FB8100BF1437BD4680BC49
:1006B000704780B582B000AF0346FB80E6F730FAA2
:1006C00003469BB2FA889A4234BF01230023DBB26F
:1006D00018460837BD4680BD80B586B000AFF860CB
:1006E0000B467A60FB720023FB75FB7D002B02D169
:1006F000FB7A002B01D1012300E00023FB75FB7D79
:1007000003F00103FB75FB7D002B02D1FB7A012B6B
:1007100001D1012300E00023FB75FB7D03F0010301
:10072000FB75FB7D002B02D1FB7A022B01D101234B
:1007300000E00023FB75FB7D03F00103FB75FB7DEF
:10074000002B02D1FB7A032B01D1012300E000230F
:10075000FB75FB7D03F00103FB75FB7D002B02D1D4
:10076000FB7A042B01D1012300E00023FB75FB7D04
:1007700003F00103FB75FB7D002B02D1FB7A052BF7
:1007800001D1012300E00023FB75FB7D03F0010391
:10079000FB75FB7D002B02D1FB7A062B01D10123D7
:1007A00000E00023FB75FB7D03F00103FB75FB7D7F
:1007B00083F00103DBB2002B01D0002318E0FB7AA9
:1007C0001846E6F7A5FA03461A46FB681A80FB6846
:1007D0001B884FF6FF72934201D1002308E0FB68AB
:1007E0001B88F97A7A681846E6F7D2FA38613B69CD
:1007F00018461837BD4680BD80B582B000AF0346AD
:100800003A60FB800B467B71FB884FF6FF72934288
:1008100001D100230BE07B79062B01D9002306E0F0
:100820007979FB883A681846E6F7B2FA0346184623
:100830000837BD4680BD80B582B000AF03460A468A
:10084000FB8013467B71FB884FF6FF72934201D108
:1008500000230BE07B79062B01D9002306E07A798F
:10086000FB8811461846E6F7F9FA0346184608379A
:10087000BD4680BD80B582B000AF03463960FB71D4
:10088000386800F07AFC0346002B01D010230BE0FF
:10089000FB79062B01D9072306E03B68FA791A7029
:1008A0003B6800225A80002318460837BD4680BDA9
:1008B00080B586B000AF0346FB7107F10802FB79F3
:1008C00011461846FFF7D6FF78617B69002B13D0DD
:1008D0004FF422711720E5F7B3FCBB89FA79114672
:1008E0001846E6F77DFB78617B69002B04D040F267
:1008F0008D211720E5F7A4FC07F108031846E6F759
:10090000BDFB0346002BE8D000BF00BF1837BD4633
:1009100080BD80B586B002AFF860084611461A4621
:1009200003467B810B463B811346FB71F8793A897C
:1009300079893B8B00930346F868FFF7A3F800BF63
:100940001037BD4680BD80B586B002AFF86008465E
:1009500011461A4603467B810B463B811346FB71C9
:10096000F8793A8979893B8B00930346F868FFF759
:1009700089F800BF1037BD4680BD80B582B000AF9A
:100980000346FB800B467B7113467B807A8879791E
:10099000FB881846FFF721F9034618460837BD467D
:1009A00080BD80B582B000AF0346FB800B467B71F3
:1009B00013467B807A887979FB881846FFF70DF912
:1009C000034618460837BD4680BD80B586B002AFE5
:1009D000F860084611461A4603467B810B463B8168
:1009E0001346FB71F8793A8979893B8B009303466A
:1009F000F868FFF747F800BF1037BD4680BD80B5E7
:100A000082B000AF0346FB800B467B7113467B80B0
:100A10007A887979FB881846FFF7DFF8034618468D
:100A20000837BD4680BD80B483B000AF78600B4608
:100A30007B8013463B807B687A885A807B683A8843
:100A40001A8000BF0C37BD4680BC704780B483B0AD
:100A500000AF78607B68043318460C37BD4680BC15
:100A6000704780B483B000AF78607B681B88043324
:100A70007A68134418460C37BD4680BC704780B571
:100A800082B000AF03460A46FB801346BB80BA889B
:100A9000FB880A211846FFF7B2FF034603339BB2D7
:100AA00023F003039BB218460837BD4680BD80B5CE
:100AB00082B000AF03460A46FB801346BB80BA886B
:100AC000FB8809211846FFF758FF034603339BB202
:100AD00023F003039BB218460837BD4680BD80B49F
:100AE00083B000AF786039607B689AB23B689BB294
:100AF00013449BB204339BB218460C37BD4680BCEE
:100B0000704790B583B000AF0446084611461A46B8
:100B10002346FB800346BB800B467B8013463B800D
:100B20007A88FB8811461846FFF7A9FF03461C4642
:100B30003A88BB8811461846FFF7B9FF03461946A5
:100B40002046FFF7CCFF034618460C37BD4690BD44
:100B500080B483B000AF0346FB71FB79002B01D05A
:100B6000002300E0022318460C37BD4680BC7047C6
:100B700080B483B000AF0346FB80FB889B089BB228
:100B800018460C37BD4680BC704780B483B000AFB8
:100B90000346FB80FB88B3F5FF7F03D2FB885B082D
:100BA0009BB200E0FF2318460C37BD4680BC70475F
:100BB00080B584B000AF0346FB80FB881846FFF782
:100BC000E4FF0346FB81FA88FB89D31A40F2716285
:100BD000934204DCFA88FB89D31A9BB201E040F20D
:100BE000726318461037BD4680BD80B483B000AF35
:100BF00078607B6801221A7000BF0C37BD4680BC4C
:100C0000704780B58CB000AFF860B9601346FB71D7
:100C1000FB7903F00403002B0CBF0123002387F8AA
:100C20002E30FB7923F00403FB71BB685B78002B4B
:100C300002D0FB79002B09D1BB685B7883F00103FC
:100C4000DBB2002B04D0FB79002B01D1012300E0A3
:100C5000002387F82D3097F82D3003F0010387F833
:100C60002D3097F82D30002B09D0FB79002B0CBFCD
:100C700001230023DBB21946B868E6F7B3FCBB6872
:100C800002333B6200BF3B6AFF221A7000BF97F835
:100C90002E301846FFF75CFF034687F82F3097F891
:100CA0002F30BA6813441B7D032B07D1FB79022B2D
:100CB00004D097F82F30013387F82F3097F82F3072
:100CC000BA68134401221A7597F82F20BB680C32BA
:100CD000002123F8121097F82F30BA689B001344B4
:100CE0005B68BB6297F82F20BB680C3233F8123078
:100CF000FB84BB680233FB6100BFFB6900221A70F2
:100D000000BFFB68BA6A1A60FB68FA8C9A80F868C0
:100D10003037BD4680BD80B588B000AFF8607A60DE
:100D20001A460B46FB7213463B81FB7A1846FFF7C7
:100D30000FFF0346FB77FB6802337B6100BF7B69D3
:100D4000FF221A7000BFFB7FFA6813441B7D012B42
:100D50000CD0FB7F0133FA6813441B7D012B03D1B8
:100D6000FB7F0133FB7701E0002344E0FA7FFB685F
:100D70000C3233F812301A463B891344F97FFA6873
:100D8000103132F8112093420CDDFA7FFB680C32EF
:100D9000002123F81210FB7FFA68134400221A7511
:100DA000002328E0FB7FFA689B0013445B68BB616B
:100DB000FA7FFB680C3233F812301A46BB691344D1
:100DC0003A8979681846E3F7F9FDFA7FFB680C3237
:100DD00033F81210FA7F3B890B4499B2FB680C324E
:100DE00023F81210FB6802333B6100BF3B6900220D
:100DF0001A7000BF012318462037BD4680BD80B55C
:100E000086B000AF78600B46FB7013463B80FB78E2
:100E10001846FFF79DFE0346FB757B6802333B6176
:100E200000BF3B69FF221A7000BFFB7D7A68134444
:100E30001B7D012B0BD1FA7D7B680C32398823F89E
:100E40001210FB7D7A68134402221A7519E0FB7DAB
:100E500001337A6813441B7D012B0DD1FB7D5A1C95
:100E60007B680C32398823F81210FB7D01337A68D5
:100E7000134402221A7504E04FF48B710920E5F740
:100E8000DFF97B680233FB6000BFFB6800221A7049
:100E900000BF00BF1837BD4680BD80B586B000AF2B
:100EA000F860B9601346FB71FB689B783B753B7D2E
:100EB000DBB2002B14BF01230023DBB2002B01D0D7
:100EC000002342E0FB791846FFF742FE03467B759C
:100ED0007B7DFA6813441B7D022B05D17B7DFB755E
:100EE0007B7D0133BB750EE07B7D0133FA681344D3
:100EF0001B7D022B05D17B7D0133FB757B7DBB7593
:100F000001E0002321E0BB68002B1DD0BB7DFA6807
:100F1000134400221A75BA7DFB680C32002123F8B5
:100F20001210FB7DFA68134403221A75FB7DFA68E0
:100F30009B0013445A68BB681A60FA7DFB680C3248
:100F400033F81220BB689A80012318461837BD4633
:100F500080BD80B582B000AF786039600122396809
:100F60007868FFF79AFF034618460837BD4680BDEC
:100F700080B582B000AF7860396000223968786847
:100F8000FFF78BFF034618460837BD4680BD80B586
:100F900084B000AF78600B46FB701346BB70FB78E3
:100FA0001846FFF7D5FD0346FB73FB7B7A681344B5
:100FB0001B7DBA789A4205D1FA7B7B680C3233F8F4
:100FC00012300FE0FB7B01337A6813441B7DBA7843
:100FD0009A4206D1FB7B5A1C7B680C3233F81230E4
:100FE00000E0002318461037BD4680BD80B582B0B2
:100FF00000AF7860012201217868FFF7C8FF03463F
:1010000018460837BD4680BD80B582B000AF786015
:10101000012200217868FFF7BAFF03461846083717
:10102000BD4680BD80B582B000AF7860022200214D
:101030007868FFF7ACFF034618460837BD4680BD09
:1010400080B584B000AF78600B46FB70FB78184623
:10105000FFF77EFD0346FB73FA7B7B680C3233F8A7
:101060001230002B07D1FB7B5A1C7B680C3233F803
:101070001230002B01D0012300E000239BB2184660
:101080001037BD4680BD80B582B000AF78600121C9
:101090007868FFF7D5FF0346002B14BF0123002318
:1010A000DBB218460837BD4680BD80B584B000AFBE
:1010B00078600B46FB70FB781846FFF749FD034646
:1010C000FB73FB7B7A6813441B7D022B05D1FA7BF3
:1010D0007B680C3233F8123028E0FB7B01337A68EE
:1010E00013441B7D022B06D1FB7B5A1C7B680C3200
:1010F00033F812301AE0FB7B7A6813441B7D032B14
:1011000005D1FA7B7B680C3233F812300EE0FB7BA2
:1011100001337A6813441B7D032B06D1FB7B5A1CD9
:101120007B680C3233F8123000E000231846103789
:10113000BD4680BD80B582B000AF7860012178687F
:10114000FFF7B3FF034618460837BD4680BD80B59C
:1011500082B000AF786000217868FFF7A6FF0346F1
:1011600018460837BD4680BD08B5E6F737FC18B10C
:10117000A0211D20E5F764F808BDB0FA80F0400911
:10118000704710F0FD0F14BF012000207047406829
:1011900070474068A030704790F8A83290F8D0208F
:1011A000DBB22AB913F0FB0F14BF012000207047F7
:1011B0000020704790F8C43290F8D020DBB22AB9F2
:1011C00013F0FB0F14BF0120002070470020704770
:1011D0001B38E02809D8A1F5A47044F2481380B266
:1011E00098428CBF1220002070471220704708B52B
:1011F000F8F786F80438C0B201288CBF002001201F
:1012000008BD1FB5FFF7F3FF48B901A90220FFF79A
:1012100031FBA8B140F285113920E5F711F8F4F758
:10122000B3FF0028F1D0012004B010BD039C20467C
:10123000EFF7ECFA20B12046EDF7BAFB0028F2D127
:1012400001A8E5F71BFF0028F0D00020ECE72DE90E
:10125000F8438046B0F85660B0F858501746303022
:1012600091B3F7F7EBFA04460221E9F743FA814616
:1012700002212046E9F73EFA4E45B8F8003028BF73
:101280004E463B80B6B21B2E38BF1B26FB2E28BF16
:10129000FB26854228BF05467E80ADB21B2D38BF98
:1012A0001B25FB2D28BFFB25B4F5A47F38BF4FF4C9
:1012B000A474FD80B4F5296F28BF4FF42964A4B24B
:1012C000BC803C81BDE8F883EFF75AF8CBE708B55E
:1012D000431E072B05D8DFE803F00A0A04090404BB
:1012E000040940F2C2210620E4F7AAFF032008BD4A
:1012F00010B5044638B1FBF7DDFC34EA00030CBF3F
:101300000120002010BD0120FCE71FB5022001A92B
:10131000FFF7B0FA40B140F267113920E4F790FFCF
:101320000398EFF773FA28B901A8E5F7A7FE00289C
:10133000F6D0002005B05DF804FB08B5FFF757FFB5
:1013400030B9FFF7E2FF18B9BDE80840F5F71AB861
:10135000012008BD10B50446FFF7D7FF28B9FFF7F5
:1013600046FFC0B90124204610BDFBF789FC68B1D7
:10137000FAF74EFB0446EDF72BFD50B92046EDF78A
:1013800023FD80F00104E4B204F00104002CE6D156
:10139000E9E70024F8E7F4F715FF431E5C425C41DF
:1013A000E1E710B503780446012B0DD1F4F700FEF8
:1013B000A8B1F4F70FFEF4F72FFF50B9A1886088A9
:1013C000BDE81040F7F7A8B9F7F79AFF052801D153
:1013D0000C2010BDF6F766FF0028FAD0F8E71220BF
:1013E000F7E738B505460C462AB11F2901D8002079
:1013F00038BD1220FCE7E6F7CFF9A04211D328460A
:10140000EDF706FD08B11F2CF3D82846EDF78EFA4C
:1014100048B121462846EDF7B1FA0028E7D145202A
:10142000E6E70720E4E74220E2E738B50546EDF7B6
:101430007DFA08B32846EFF7E9F908B9002038BD6E
:101440002846EEF7A9FD04462846EEF725FFA8B981
:10145000002CF3D0B4F87E00FAF764FB2088E6F79E
:1014600081FB01212088E5F7BBFD0028E6D041F291
:1014700091513920E4F7E4FE4220E0E70C20DEE75A
:101480002DE9F04186B00546008801A9E8F78CFDFA
:101490000446002840F0828001A8FFF77AFE029EF1
:1014A0009DF8043096F8C021003A18BF01228DF84B
:1014B00002203BB9827C202A08D19DF8023083F0BB
:1014C000010303E0036813F02003F6D103F00103E6
:1014D0008DF8033090F862309B0603D49DF80330FA
:1014E000002B61D0B5F806802F8940463946FFF7BA
:1014F0006FFE0446002851D16A88A9881046FFF77C
:1015000067FE0446002849D1B8F1FB0F4ED8B7F565
:10151000296F4BD8FB2A49D8B1F5296F46D801A8C5
:10152000FFF735FEFF2786F84B719DF80230CBBBE5
:101530009DF8041003AAB1FA81F14909FFF787FE6B
:101540006A88BDF8123040F6480CBDF8141093427A
:10155000BDF80E0028BF13466145AA88A6F8503191
:1015600028BF6146EB88984228BF1846BDF8103066
:101570006345A6F84C01288928BF6346834228BFEB
:1015800003468A42A6F84E31134628BF0B46A6F8FA
:10159000523186F84A71002386F84B31204606B056
:1015A000BDE8F0813A24F6E71A24F7E71124F5E7BD
:1015B0002DE9FF4706468846008802A9E8F7F4FCB3
:1015C000044630BB02A8FFF7E4FD034602A8FFF77C
:1015D000DEFD9A7CDDF80CA00746242A93F86330E0
:1015E0009AF8D49143EAD30308BFB9FA89F403F017
:1015F000010308BF640923433FD0B57815B9FBF751
:1016000059FB0546F078002839D1FBF753FB25B983
:101610000924204604B0BDE8F0870028F8D097F8E8
:10162000732032B115F0020500F00200F0D000285E
:10163000EED0FF228AF85521B9F1000F1BD19AF89C
:10164000542102F0FF04B2B98AF8570101A98AF8BF
:1016500054818AF85651B2888DF805003846AAF8A8
:1016600058218DF80450ADF80620E9F769F80023F9
:101670008AF85531CDE73A24F9E71A24C9E7002D55
:10168000CDD1C5E7FAF790BA08B5FBF7E3FA002029
:1016900008BD082303700020704710B5FFF7B1FDA7
:1016A000044618B9E7F746FD204610BD0C20FCE7BC
:1016B00010B503780446012B13D8FFF73EFE50B94E
:1016C0002346E21D611C13F8170BFFF75AFDBDE816
:1016D0001040E7F799BEE8F767F90028F0D00C2032
:1016E00010BD1220FCE710B503780446012B0AD880
:1016F000FFF723FE48B9214611F8010BFFF741FD22
:10170000E7F75CFF38B9122010BDE8F74DF9002863
:10171000F1D00C20F8E70020F6E738B50546FFF7D2
:1017200070FD0446A8B92878012803D9FF280BD0FA
:10173000122038BDFFF725FD691CE7F70DFC0028D6
:1017400014BF00200720F4E70120E7F7E7FC20465C
:10175000EFE70C20EDE738B50546FFF752FD0446EC
:10176000A8B92B78012B03D9FF2B0CD0122038BD40
:101770001846691CFFF705FDE7F776FC002814BF43
:1017800000201220F3E7E7F7C9FC2046EFE70C2022
:10179000EDE708B50088E8F70DF900280CBF302008
:1017A000002008BD38B50546FFF7C7FD044638B927
:1017B0002878003818BF0120E8F7F0F8204638BD37
:1017C0000C20FCE708B5FFF7B8FD18B9E7F7E8FF0C
:1017D000002008BDE8F7E8F80028F7D00C20F8E76B
:1017E000082303700020704703466FF02F01212269
:1017F00010B50C2404700020DC70592459709A70C4
:101800001C7158719971DA7110BD082108B5E4F79F
:101810006FFF002008BD7FB506460D46008802A96F
:10182000E8F7C2FB0446A0B9B37853B902A8FFF7A2
:10183000AEFC90F87230AB7033882B80204604B039
:1018400070BD40F6881201A97F20E3F793FFA870CE
:10185000F2E70224F2E7D82340F6881213B50446D3
:10186000037001A97F20E3F785FF6070002002B0BC
:1018700010BD10B50446FAF7CBF8EDF7A1FA2070C9
:10188000002010BD08B501220B4600F11001E8F759
:1018900071FD002008BD10B5014604460020E6F7A2
:1018A000F5F908B92060A080002010BD10B50446ED
:1018B0000020FFF74FFD28B100202146E6F7CEF9C2
:1018C000002010BD0C20FCE710B504460120FFF7F6
:1018D00041FD28B101202146E6F7C0F9002010BDE6
:1018E0000C20FCE773B50C46054669460088E8F70E
:1018F0005BFBA11C024698B96846FFF74AFC034609
:1019000000F11A0683F86A2030680860307908719F
:101910002888208093F86A000028F3D102B070BDB7
:1019200000230220C4F802300B7123706370F5E7C6
:10193000FFF7A6BD1FB544F290228388934217D8C3
:101940000288B3F5296FADF8042028BF4FF429634E
:1019500040880A80ADF80600ADF80A0001A8ADF88D
:101960000830ADF80C30FFF78BFD05B05DF804FBD7
:101970001220FAE707B50288ADF8002043886846D0
:10198000ADF80420ADF80230ADF80630F9F7AAFF43
:1019900003B05DF804FB37B50D466946E8F704FB74
:1019A000044650B968462A46FFF7F1FB9DF800103F
:1019B000B1FA81F14909FFF74AFC204603B030BD76
:1019C00003466FF06F0100200A2299705870DA7098
:1019D00058719971DA7110B56FF004041C701C71A4
:1019E00010BD10B50446FFF7A8FC58B92078611C5B
:1019F000FFF7C7FBE279E8F725FA002814BF0020BB
:101A0000022010BDE7F7D0FF0028EFD00C20F8E748
:101A1000F7B507460D4600886946E8F7C5FA064659
:101A2000A8B96846FFF7B3FB044694F86E0084F843
:101A30007060FFF74CFCA87094F86F00FFF747FC4C
:101A4000E87094F870000028EFD13B882B8003B039
:101A5000F0BD10B583880446022B10D8C078FFF77C
:101A600047FC08B9112010BDA078FFF741FC002801
:101A7000F8D020460121BDE81040FFF799BD1220A3
:101A8000F1E713B58378C17803F00104027903F01C
:101A9000020351EA040C1DD052EA030C1AD0002CA8
:101AA00018BF0021002B037818BF00228DF8021008
:101AB0008DF80320427843EA0223ADF800304379E1
:101AC0008279684643EA0223ADF80430FFF7C1FF8C
:101AD00002B010BD1120FBE713B500886946E8F796
:101AE00063FA18B10224204602B010BD9DF8003000
:101AF00001984BB9FFF750FB0028F3D0019991F8FA
:101B00005A3123B13A24EEE7FFF754FBF4E7684675
:101B1000FFF73FFB90F85C40002CF3D190F8533076
:101B20009B0706D10123684681F85A31EAF798F8F5
:101B3000D9E701225430EAF72DFED4E707B5037840
:101B400000214278012B8DF800308DF80120ADF88E
:101B50000210ADF8041007D1012A07D86846FFF734
:101B600020FC03B05DF804FB002BF7D01220F8E74F
:101B700008B5E6F7C9FE002008BD13B5EAF7E8FA94
:101B8000B8B9F7F7BDFB05280DD101A8F6F744FE5B
:101B9000019B0446B3F87E00F9F7C4FF5CB1002452
:101BA000204602B010BDF4F7D3F84FF6FF73984209
:101BB000EBD10C24F4E7019B1888E5F7D3FF019BD8
:101BC00021461888E5F70CFA20B141F23D01392091
:101BD000E4F736FBEAF798FAE2E710B54FF6FF7341
:101BE0000446008886B0984217D004A9E8F7DCF9CB
:101BF000A8B904A8FFF7CBFAA389A2880293638946
:101C00006188019323890093E388F9F783FE002814
:101C100014BF0020302006B010BD0020ECE70220E9
:101C2000F9E72DE9F0410646FFF7D7FF044630B942
:101C300001463088FEF7FFFD054618B9022420460C
:101C4000BDE8F081FFF7A8FA0028F7D095F8BC426C
:101C50007CBBB088E8F70AFF014607460520E8F795
:101C600017FF804639460820E8F712FF404522D387
:101C7000B84520D241F64B539F4205D8B5F86E20A7
:101C800040F202239A4218D10023A5F8C082C5E988
:101C9000B137F279B37943EA0223A5F8CC32337A2B
:101CA000727A43EA0223A5F8CE32FF2385F8BC32CC
:101CB000C5E73A24C3E71224C1E70C24BFE71FB5E8
:101CC0000446E8F7C5FA00283AD02046E8F750FF66
:101CD00001A90020FEF7CEFDD8B9FF2401A8E5F741
:101CE000CDF9D8B101A90220FEF7C4FDD0B9012475
:101CF00001A8E5F7C3F9C0B101A90320FEF7BAFDB9
:101D0000B8B9FF2401A8E5F7B9F9A8B1002004B0DB
:101D100010BD41F2C3013920E4F792FA039B83F826
:101D2000B442DBE741F2CD01F5E7039B83F87B404A
:101D3000DEE741F2D801EEE7039B83F83040E1E7AC
:101D40001220E4E713B500886946E8F72DF901464B
:101D5000B0B99DF80030019C63B19DF80030012BB3
:101D600003D10198FFF726FA48B194F85B3153B1DB
:101D70003A2105E02046FFF70FFA0028EDD10221B5
:101D8000084602B010BD012384F85B31F8E700215A
:101D900010B504460088FEF74EFD014608B9022042
:101DA00010BDFFF7F9F90028F9D091F8D032F3B956
:101DB00091F80231DB071CD5D4F8023001F2DB22A6
:101DC000C1F8D132D4F80630C1F8D5326389A1F810
:101DD000D93204F10C031C3453F8040BA34242F82B
:101DE000040BF9D10123002081F8D032D8E73A2042
:101DF000D6E71A20D4E72DE9F341054690F8018093
:101E000002210078FEF717FD0446002800F08780C5
:101E1000FAF736FF08B32046ECF79EFFEE788642CD
:101E200028BF0646B6B2B8F1040F5DD0606CFFF76C
:101E3000DDF88719BFB2FAF723FFB8B9EB7873B9A9
:101E40002046ECF789FF874210D92046ECF7E0FFE7
:101E500050B9072002B0BDE8F081EE78E3E72046F4
:101E6000ECF78CFF0028EBD11220F3E7FAF708FF1C
:101E7000394602462046FFF7B4FA0028EAD1A8F115
:101E80000303012B2DD82046ECF7C2FF6B78032B00
:101E90002DD108F0FD07012F3AD12046ECF7B8FF0D
:101EA000002833D1B8F1010F08BF02273A46616C10
:101EB0006846FEF7A6FE33466A680121606CFEF7AD
:101EC0002AFF0028C5D06B78023B012B07D8606C35
:101ED000FFF78CF801210246606CFEF790FF0020AE
:101EE000B8E7002ECFD1BFE7002ECCD0BCE700284A
:101EF000BAD1042BCDD12046EEF788FC0028B3D010
:101F0000606CFFF7C0F80028C3D1ADE70027CDE72C
:101F1000B8F1040FCFD12046EDF7AEF8DFE742204D
:101F200098E72DE9F3470746467890F80390022199
:101F30000078FEF780FC044600283BD0FAF7A0FEAC
:101F400030B12046ECF744FF002808BF4FF00009ED
:101F5000606C1FFA89FAFFF757F800EB09081FFABF
:101F600088F8FAF78DFE60B1FAF78AFE414602461C
:101F70002046FFF736FA054668B1284602B0BDE8AC
:101F8000F087FB78002BEFD02046ECF721FF0028EC
:101F9000EAD11225F1E7042EFBD0032E10D0B9F1BF
:101FA000000FF6D02046EEF731FC38B10C25E4E7FF
:101FB00004220EE04225E0E70725DEE7012E0CD1E2
:101FC0002046ECF725FF0028F2D1012E0CBF062297
:101FD0000522616C6846FEF714FE53467A680021BC
:101FE000606CFEF798FE0028E6D0023E012EC4D8B1
:101FF00042460021606CFEF702FFBEE713B50446BF
:10200000F9F706FD4FF440736846ADF80030002341
:102010008DF8023014F8013B8DF803300194FFF77E
:1020200080FF02B010BD38B5022105460078FEF7EA
:1020300002FC0446A0B1EEF7E9FB28B92046691C72
:10204000ECF77AFD002038BD2046ECF7C1FE08B160
:102050000C20F8E72046ECF7B7FE0028F8D1EDE7B2
:102060004220F0E713B50446F9F7D2FC684614F8AD
:10207000013B8DF803304FF440730194ADF800300C
:1020800000238DF80230FFF7B6FE02B010BD73B525
:102090000546F9F7BDFC04462B7863B100230DF12A
:1020A000010101208DF80030E5F7F0FD18B1684618
:1020B000FFF7B9FFA0B9002620468DF80060ECF7C5
:1020C0008FFEB0428DF8036014BF80233346ADF815
:1020D00001302B78012B05D169462046FAF78AFB9F
:1020E00002B070BD1BB92046FFF79FF9F8E7122038
:1020F000F6E738B5012104460088FEF79CFB03464D
:10210000D8B190F818230AB10C2038BD90F8B2204D
:10211000173A012AF8D890F84C030028F4D1A21CF1
:1021200003F21931123452F8045BA24241F8045B05
:10213000F9D1012283F81823E7E70220E5E708B583
:1021400001210088FEF777FB034658B190F8180389
:1021500050B993F8B220173A012A05D8022283F821
:10216000182308BD0220FCE70C20FAE737B5054626
:102170000C4600886946E7F717FF034630B9684602
:10218000FFF707F82A882280828F6280184603B002
:1021900030BD2DE9F341438804460E46EBB1694654
:1021A0000088E7F701FF054698B923886846338021
:1021B000FEF7EFFF07466846FEF7E9FF0646D6F84A
:1021C0001480384662884146E7F7E2FE736943456A
:1021D000F5D1284602B0BDE8F0811225F9E713B524
:1021E00000880C460880694680B2E7F7DDFE0346AA
:1021F00020B96846FEF7CDFF427BA270184602B0B8
:1022000010BD10B50C460121FEF715FB88B1022C5C
:1022100011D804F00103C4F3400480F8953280F82B
:10222000944223B190F892323BB1EEF7B5F800201A
:1022300010BD0220FCE71220FAE71846F8E710B5B7
:1022400004460078003818BF0120F6F7EDFA207830
:10225000003818BF0120EEF747F8002010BD10B578
:102260000446FAF70DFD50B1F9F7D2FB6178C1F3DE
:10227000400201F00101ECF703FF002010BD022134
:102280002078FEF7D8FA0028F0D14220F6E708209F
:10229000FAF7FCBC0B20FAF7F9BCF9F78BB9F0F7A9
:1022A0007BBF10B5044604B910BD23689847646825
:1022B000F9E703680BB9016070471A465B6813B110
:1022C0008A42FAD170478A4218BF5160704708B5F8
:1022D000EDF766FE18B1FB210120E3F7B1FFECF743
:1022E00095FA10B14FF48071F6E70220BDE808407E
:1022F000FEF7DEBA08B50120FEF7DAFA0020FEF795
:10230000D7FAE5F74DF8E5F721FCE6F7A1F818B1A3
:10231000DA210120E3F794FF08BDFFF7EBBF08B512
:10232000FFF7D5FFF0F70CFD20B140F217110120A7
:10233000E3F786FF08BD08B5F6F740F820B140F294
:1023400041110120E3F77CFFF9F7A6FCF3F70AFD42
:10235000BDE80840F9F78CB908B5FFF7ECFFF8F7CE
:10236000BFFF20B14FF4B4710120E3F769FF08BD4E
:10237000FFF7C0BF08B5F3F75BFDFAF7A7FBFAF765
:10238000C5FBF8F7AFFFBDE80840E9F775BE08B533
:10239000F3F758FDFAF79AFBFAF7B8FBF8F7A2FF44
:1023A000BDE80840E9F768BEC27910B5F9B1D2B905
:1023B0008388012B01D95B08838003683B24012BB0
:1023C0009CBF0D2303600368D9438379DB436343D8
:1023D000172404FB0133818803609B0CB3FBF1F4E9
:1023E00001FB1433837182F00102C27110BD002A17
:1023F000F9D18388FE2BE0D85B009BB2FF2B88BF0E
:10240000FF23D9E783790BB1013B83718079B0FA5F
:1024100080F040097047E1F7ADBE8868FEF7E5BB84
:10242000007C022803D0431F5842584170470120C6
:10243000704708B5037C012B04D0FFF7F1FF00F0D3
:10244000010008BD1846FAE7704790F860000128BF
:102450008CBF002001207047014805F0A9B800BFDB
:102460001006002138B5094D4FF0FF324FF0FF3311
:10247000284607F071F8044601F032FD10B12046FD
:1024800001F000FE05F05AFCEEE700BF4006002117
:10249000034673B5054613F8010B0E46022801F1F9
:1024A000FF3424D0052834D0012843D1022C41D94F
:1024B00003220020CDE900320022002301F0D4FCE9
:1024C0000446B8B3EB78321F9A4204D002B0BDE89C
:1024D000704001F0D7BD291D04F1080007F06DF828
:1024E0002146154802B0BDE8704007F053B8032CF0
:1024F00020D90422CDE900320022002301F0B4FCEF
:102500000446B8B1B5F80330721F9A42DED1691D96
:10251000E2E7032C0ED904200022CDE9003000238D
:1025200001F0A2FC044628B1B5F80330721FC3F3D2
:102530000D03EAE702B070BD4006002170B52848DF
:1025400088B001F0D7FC00220023CDE90623002348
:102550006FF00802CDE90133CDE9032300934FF476
:10256000C062204B2049214804F0B0FE20491F489A
:1025700008F0D6F81F4806F0AFFD1F4A1F491D4856
:1025800006F0B8FD4FF0FF324FF0FF331C4805F066
:1025900035F8134D194E4FF0FF324FF0FF332846F8
:1025A00006F0DAFF017D0446032906D0052905D08F
:1025B000012910D001F066FDEDE7022104F10800C9
:1025C00007F004F83046A289A16806F0A7FD0028AC
:1025D00003DB2046EEE70421F0E705F0AFFBF1E76F
:1025E0002806002165240201B09A0021D01A00219A
:1025F000D4B80201E0AF02019C0400219021002127
:1026000010060021014B1B68184700BFB4040021CD
:10261000014B1860704700BFB404002107B50B469A
:10262000002102460091034800F014F903B05DF860
:1026300004FB00BF052602012DE9F047058B044687
:102640002807904611D4022905F0070540F0CD80F7
:10265000204606F059FA78B10138218B042811D8A8
:10266000DFE800F0C3106D85950001290CBF45F02F
:10267000100545F02005258388F31188BFF36F8F7F
:10268000BDE8F08701F0070AAA4500F0A680002700
:10269000B9463E46A368002B00F0BD8041F008011A
:1026A000218388F31188BFF36F8FA168002900F0A0
:1026B000BB800D68002900F0B780334652462046A3
:1026C000D1F80480C047002D76D02B6829461D46DE
:1026D000F0E701F007035A1F012A1BD8002221F05E
:1026E0000701062B276889B2C4E9002209D13B46BD
:1026F00003E0628B013262831B68002BF9D141F049
:1027000002012046218306F0FFF900287BD041F02A
:10271000200177E0042B0AD121F0070189B220467D
:10272000218306F0F1F910B141F020012183218BC2
:1027300001F0070AAA4550D00027B946AAE7236945
:1027400021F0070141F00601062DD3F80090218306
:102750002DD1B9F1000F40D041F00801218388F359
:102760001188BFF36F8F20463949C84729E021F00F
:102770000701236941F0040189B2042DD3F80490C4
:102780002183E6D000274FF0040A3E4682E721F07D
:102790000701236941F0050189B2052DD3F808909E
:1027A0002183D6D000274FF0050A3E4672E7002766
:1027B0004FF0060A3E466DE72B4687E7B9F1000F5A
:1027C000D1D14FF04003EFF3118883F31288BFF3A8
:1027D0006F8F238B23F008032383258BEA062ED5E6
:1027E00025F01003238305F007056669218B002E71
:1027F000BFF66FAF00232768C4E9003321F007015B
:1028000041F001012183218B4FF0000901F0070AFB
:10281000AA457FF43FAF002F9BD041F008012183F0
:1028200088F31188BFF36F8F002FC7D03D683946FA
:1028300033465246204606F093F92F46F4E7AB069E
:102840007FF51AAF25F02003238305F00705FFE687
:102850008D8B02012DE9F04F81468B4617461C46B1
:10286000002595B0387808B9284657E37B1C252801
:10287000039306D05946C8470028C0F24F8301355C
:10288000FBE1182200210EA806F051FE7B78252BD3
:102890007DD0002398469E469C461E46781C0146E5
:1028A00010F8012B2B2A00F0A18000F29880202A3A
:1028B00000F09F80232A00F09F802BB19DF84030CC
:1028C00043F040038DF84030B8F1000F05D09DF87B
:1028D000403043F020038DF84030BEF1000F05D0AA
:1028E0009DF8403043F010038DF84030BCF1000FEC
:1028F00005D09DF8403043F008038DF840302EB1EC
:102900009DF8403043F004038DF840309DF840308E
:1029100003F04400442803D16FF386138DF8403050
:102920009DF840302A2A43F080038DF840307FD153
:102930009DF841204B1C42F001028DF841201A788D
:102940002E2A0CBF012100219DF8412061F3410294
:102950008DF8412078D15A782A2A6ED000224FF083
:102960000A0C0133194611F8010BA0F13006092EAB
:1029700040F295809DF840101292C1F3400040EA69
:10298000D2700A4660F341028DF840205CE0BA1C28
:1029900003928DF843309DF84130DA0740F12E81E3
:1029A00054F8048BB8F1000F07DA9DF84020C8F105
:1029B000000842F004028DF840205E0740F12781B4
:1029C00054F804ABBAF1000F80F226819DF8413033
:1029D0006FF341038DF841304FF0FF3A1CE12D2A8F
:1029E0000DD0302A7FF469AF012358E74FF0010C76
:1029F00055E74FF0010E52E74FF001084FE701266F
:102A00004DE703460EFB0262303A184610F8016BA0
:102A1000A6F1300CBCF1090FF3D999428FD09DF883
:102A200040101192D20F62F341018DF8401086E7F9
:102A30000B4600224FF00A0EE7E79DF841200233D3
:102A400042F004028DF841201A786C2A47D02BD826
:102A5000682A31D06A2A4BD04C2A51D01A4612F833
:102A6000013B782B03928DF843309DF8412000F212
:102A7000BE806D2B51D8692B00F2B980572B67D8D7
:102A8000412B03D0453B022B00F2B18004229DF87C
:102A9000423062F302038DF84230012373E00CFBF5
:102AA00002020B46303A5DE7742A25D07A2AD5D146
:102AB00006219DF841200CE05A78682A9DF84120B3
:102AC00006D1012161F3C6028DF841200233C5E72A
:102AD000022161F3C6028DF841200133BEE75A7826
:102AE0006C2A9DF8412001D10421EBE70321F0E796
:102AF00005219DF84120ECE707219DF84120E8E7FA
:102B0000BDF8402022F4F04222F0020242F480425A
:102B100042F00202ADF84020DFE76E3BD9B201235C
:102B20008B4040F282410B4237D113F0240F51D138
:102B3000D8075CD503219DF8423061F302038DF87C
:102B4000423002F07803A3F140014B424B411AE0BE
:102B50000120A3F15801C9B200FA01F111F4624F4A
:102B600094D140F6010631421DD111F4043F3ED00C
:102B70009DF8423060F3020302F07802402A8DF89B
:102B8000423034D000239DF84020C2F340010B4373
:102B900063F341028DF84020FDE602219DF84230AA
:102BA00061F30203E8E702209DF8421002F0780288
:102BB00060F30201402A8DF8421002BF9DF84010D8
:102BC00041F001018DF84010632BDBD1131E18BFBB
:102BD0000123D8E703219DF8423012F0780F61F30A
:102BE00002038DF8423014BF01230023CBE79DF888
:102BF000403043F001038DF84030C3E79DF9402099
:102C0000002AACBF4FF0FF38DDF84480D5E69807C6
:102C10007FF5E2AEDDF848A00023CDE911339DF841
:102C200042309DF8411003F00703012BC1F3C301AB
:102C300033D1CB1E042B04D8DFE803F02146462114
:102C40002100236801294FEAE372CDE90E321CD13D
:102C50009DF93830DA17CDE90E3204349DF8403052
:102C600013F0030650D03A4659464846039B06F0F7
:102C70001BFA0028C0F252810544039FF2E554F884
:102C8000043BDA17CDE90E32E8E70229E5D11AB2A2
:102C900043F3C033CDE90E23DFE7022B24D1CB1E53
:102CA000042B04D8DFE803F01810101818000129CD
:102CB0004FF0000254F8043B14D00229CDE90E3243
:102CC000CCD19BB20E93C9E7073424F00704F4E893
:102CD0000223CDE90E23C1E754F8043B0E930023F1
:102CE0000F93BBE7DBB2CDE7042B08D1073424F008
:102CF0000704D4E900230834CDE90E23AEE7032B03
:102D0000ACD154F8043BDDE79DF843007828B4D8F3
:102D100062281CD825283FF4ADAD5828ADD1DDE997
:102D20000E010DF13603009310AA08AB06F076F9F8
:102D3000BAF1000F074680F29980002F9DD00DF167
:102D40003603D81B002E00F0C0800130BDE0633890
:102D5000152892D801A252F820F000BF312E0201AE
:102D6000432E02017B2C02017B2C02017B2C0201F1
:102D70007B2C0201432E02017B2C02017B2C0201E1
:102D80007B2C02017B2C0201CF2E0201672E020157
:102D90008D2E02017B2C02017B2C0201B52D02013C
:102DA0007B2C0201672E02017B2C02017B2C02018D
:102DB000672E0201BAF1000F0E9F35DB51463846EF
:102DC00006F072FB07EB000A002F3FF456AF002617
:102DD0009DF8423013F01002059200F0928002300C
:102DE0005B06119A48BF129B104448BFC018B8F147
:102DF000000F049240F39F809DF84020A8EB00084C
:102E0000C2F380035007069300F19580510640F10C
:102E100088803EB159463046C84700287EDB069B75
:102E200001351E4630227DE0384606F036FBC9E704
:102E30000E9B002601208DF8203008AF0DF1210AED
:102E4000C6E719075ABFC3F300135E012B26DDE95D
:102E50000E23002BBFF663AF524263EB43032D26D4
:102E6000CDE90E235BE7002659E700269DF84020B8
:102E70000DF13603DB1B6FF386129A458DF8402067
:102E80007FF65BAFAAEB0303119356E70E9890B35E
:102E90000DF136030093002108AB10AA06F0BEF82E
:102EA000BDF84230BAF1000F03F0EF0343F4F043F2
:102EB00043F010030746ADF84230D6DA00283FF45D
:102EC000DCAE00260DF13603181A9A4680E70E9BF9
:102ED00007293FF6D2AEDFE801F00C04060C080823
:102EE0000C0C1D70C9E61D80C7E6EA17C3E9005245
:102EF000C3E61D60C1E62F4F064607F1050A05200F
:102F000066E71A0748BF01306AE710460793069242
:102F10005946C847DDE90623002804DA15B0BDE8A4
:102F2000F08F202243461946002903F1FF33ECDCE1
:102F3000454498466D1A2EB159463046C847002878
:102F4000ECDB01359DF84230DA0601D41B0705D5CC
:102F500059463020C8470028E0DB0135059B33B1D6
:102F600059469DF84300C8470028D7DB0135049E29
:102F70002E4405E059463020C8470028CEDB0135F5
:102F8000731B002BF6DC53463A465946484606F07A
:102F90008BF80028C2DB0544A844A8EB0503002BEE
:102FA0007FF76BAE59462020C8470028B6DB0135B5
:102FB000F3E700BFECB802014FF04002EFF31183DA
:102FC00082F31288BFF36F8F0121044AC2F84015C3
:102FD00083F31188BFF36F8F002070470000084112
:102FE00020B1034B800143F001031847704700BF35
:102FF000E0B5020103F062B80023012213B50446D4
:10300000CDE90032074BD0E9091203F0FBFDA36EB6
:103010001B6823B1E06E02B0BDE81040184702B053
:1030200010BD00BFC8BA020130B50C460E4985B0CC
:103030000291D0F898110546CDE9003100F1E00188
:103040004FF0FF33204603F023FE50B9012384F8EC
:103050006430D5F8943123B1204605B0BDE8304046
:10306000184705B030BD00BF3F92020138B50C468D
:103070001146054606F0E5F8034638B928460449E6
:1030800006F0DFF803460020236038BD0120FBE78F
:10309000C8BA02012DE9F04F01238146056946684F
:1030A00085B005F55377D7E8EF2F002A03D1C7E89D
:1030B000E13F0029F7D140F0C180B368B26A043B18
:1030C0002632B3EB420F4FEA420126BFB3FBF1F3C6
:1030D000B3FA83F300234FF0010428BFC3F12003A8
:1030E000013B9C4005F5D87800F0A2801022082111
:1030F00070689A4002EB4402043099400932C5F8E6
:103100004802063122F003020A44B16A01FA03FCC4
:10311000510001EB4C01C5F84C12B16A994000EB2B
:103120004103C5F840320333134423F00303C5F8C9
:103130003C327368C5F84442C5F83832414B4046CA
:10314000C5E9A363316800F0ABF9044630BBD9F898
:1031500004A0D9F81090DAE9073409F52A7B012B8D
:10316000584608BF103C07F006FC0023DAF824009C
:1031700035494FF4806201EB802100935846234685
:1031800004F05AFB09F52670304907F0C6FBDAF85F
:10319000140083685C684CB96FF057040023D7E8CB
:1031A000EF2FC7E8E13F00293ED0F8E74B46284A19
:1031B000DAF81810A04704460028EFD1DAF8140016
:1031C00083681B69002BE7D00122DAF818109847B2
:1031D00004460028E2D11F4B2846C5F894311E4B07
:1031E000C5F898311D4B0393D5F8F8310293D5F803
:1031F000F031CDE90083D5F85032B26AD5F84813E2
:1032000000F018F904460028C8D105F1E00003F0E9
:10321000E7FD0028C5F850030DDB0223D7E8EF2FA8
:10322000C7E8E13F0029F9D1204605B0BDE8F08F9D
:103230006FF00B04B2E76FF01504AFE76FF077049F
:10324000F2E700BFC3920201B0A000217B9202010D
:103250006F920201F92F020195920201039302017C
:1032600013B504460846216901F55371D1E8AF1F33
:10327000022910D193B1A0B10121CDE9003113464B
:10328000D0E9091203F0BEFC074B984208BF6FF06B
:103290000B0002B010BD6FF00F00FAE76FF04C00AA
:1032A000F7E76FF00100F4E72EF8FFFF2DE9F74391
:1032B00088461546066906F55373D3E8AF3F022BDF
:1032C0005FD1136823B96FF0150003B0BDE8F08338
:1032D0001B78002BF7D0D6F84893B9F1000F33D103
:1032E00006F5CE774FF0FF324FF0FF33384604F04B
:1032F00075F830462A6801A9FFF7B8FE019C1CB991
:10330000384605F0E8FFDEE705F10803A3666B69C0
:1033100084F86490E366E46360B1384605F0DBFF4F
:1033200021463046236E2A68FFF77EFE0020C8F84B
:103330000040CAE72022296804F1400006F099F80D
:10334000384605F0C8FFF1E730460F4905F079FF30
:1033500004460028B7D005F1080383666B69C06393
:10336000C366002380F8643020222968403006F0CC
:1033700080F822460121304600F03EF80028D5D0E2
:10338000A1E76FF00F00A0E7C8BA02012DE9F04FE6
:1033900005460E4690460027D0F8A4A085B0AAF5B1
:1033A000A4742146304606F088F8E0B9114BA4F128
:1033B000400B0293DAF810303246CDE900832946FB
:1033C0004FF0FF335846AAF5C47903F061FC60B9A9
:1033D0007023012203FB079383F86420DAF80C3092
:1033E0000BB158469847703417B105B0BDE8F08F5F
:1033F0000127D6E7A79302011FB5144690B18AB101
:10340000012912D10A4B00F1E0010293D0F8983162
:10341000403201934FF0FF332046009303F038FC15
:1034200004B010BD6FF01500FAE70020F8E700BF08
:10343000A79302012DE9F04385B00F46DDE90C8129
:103440001446DDE90E251E4628B321B3DFF84CC033
:1034500000F1E009002D08BF654697B9CDE90244A7
:1034600000F5C474204607F0C0F802ABCDE9004374
:103470002A4633464146484603F0D8FC05B0BDE82D
:10348000F083002241460C9248462A4605B0BDE82A
:10349000F04303F0DBBD6FF01500EFE78D33020161
:1034A000F0B50E46044689B000286FD001230246CD
:1034B000C3630023D0F89810364F403040F80C7C9E
:1034C00042F8301FCDE901334FF0FF330093C36D55
:1034D00006F08CFB304A06AB92E8030083E8030059
:1034E000184603F0DDFA0546D8B904F1340003F0BC
:1034F000B7FA0546A8B93946284805AA06F04EFB92
:10350000054670B9059B9A6872B10C33D4F89400E3
:10351000C4F8A03005F064FFC4F8D40030B96FF0EF
:103520000B05284609B0F0BD0346EFE7D4F8940038
:1035300005F056FFC4F8D8000028F0D0D4F88C303D
:10354000D4F8A010C4F8A8300423C4F8AC30C4F8F0
:10355000C4300223A362124BB4F89420D4F8D47080
:10356000C4F8B810C4F8D010D4F89010236204F155
:10357000A403A4F8B020C4F8A470C4F8C010A4F840
:10358000C820C4F8BC00A661E362CAE76FF0150565
:10359000C7E700BFF7B8020130B1020101B902016B
:1035A00010B60201014910220A60704710ED00E0D8
:1035B00072B6404080F31188BFF36F8FBFF34F8F17
:1035C00030BF62B6BFF36F8F704700BF72B649401D
:1035D00081F3118820BF80F3118862B6704700BF65
:1035E00040B2002807DB01234109034A00F01F0015
:1035F000834042F82130704700E100E040B20028EB
:103600000CDB01220649430900F01F0082402033F1
:1036100041F82320BFF34F8FBFF36F8F704700BF78
:1036200000E100E0054B420953F82220012300F09D
:103630001F0003FA00F01040704700BF00E100E0F7
:10364000D30748BF002140B258BF02310028ACBFA9
:1036500000F16040064A4FEA4113DBB2ABBF00F510
:10366000614000F00F0080F800331354704700BF32
:1036700014ED00E030BFFFF7FDBF00BF08B5084BF9
:10368000084A23F07F039360BFF34F8FBFF36F8F20
:1036900003F02CFD04F066FC00F09CF903F066FDDD
:1036A0000000000100ED00E0094A0A49936809683A
:1036B0009867D96708494B6843F080534B600023F3
:1036C00083F31188BFF36F8F9368D86F704700BF83
:1036D00084230021D0B7020100ED00E013498A687D
:1036E0004FF030001044EFF3098C80E8F01F4020C9
:1036F00080F31288BFF36F8F0D4F4FF000668A6919
:103700008A603E60906F0023936780F3118802F116
:10371000300090E8F01F8CF3098802F1000004B536
:1037200005F07DFEBDE804407047000084230021C1
:1037300004ED00E01EF0040F0CBFEFF30880EFF380
:103740000980816911F8021C0229FFD001B505F03A
:1037500057FE01BD42F8203C009B0B4942F81C3C3F
:10376000019B21F0010142F8183C029B42F8081C21
:1037700042F8143C4FF0807342F8043C0023203A96
:1037800002658367704700BF7F8C0201084B986019
:10379000836E83F30B88104681F30988002163B69A
:1037A00081F31188BFF36F8F0022002305F067FAC1
:1037B0008423002101B5EFF30580A0F110004FEA4A
:1037C000C0000449014409C99847BDE801400249C5
:1037D0000847000010B00201DD370201044B996870
:1037E0009869884203D003494FF080520A607047BD
:1037F0008423002104ED00E0084B9A6A9A6A986AD3
:103800009A6A9A6A9A6A9A6A9A6AC0F300506FEA48
:1038100002426FEA124240009A62704700ED00E0F7
:103820000B4B9A6A9A6A9A6A920508D59A6B9A6AB9
:10383000120404D518B19A6A22F400429A62002058
:103840009A6A9A6A9A6A42F47F429A62087070474A
:1038500000ED00E00D4B9A6A9A6A9A6A920708D5C1
:103860005A6B9A6A120604D518B19A6A22F080023D
:103870009A6200209A6A9A6AD206044A58BF9B6AE2
:10388000936A43F0FF0393620870704700ED00E015
:1038900070B5444B06465B6800258AB0C3F3080345
:1038A00085F31188BFF36F8F02F07F40B0F17F4F37
:1038B00011D102F00C0008280DD010074CBF0E46A5
:1038C00001250022033B8DF80720032B05D8DFE8F4
:1038D00003F01E5C60592E46F3E700249DF8073084
:1038E0009BB92022314602A805F016FE099B002D47
:1038F00053D0C3F3080222B96FEA53236FEA43237C
:103900000993204602A905F079FD0AB070BD254B48
:10391000DA6A9107E1D4DA6A002ADEDBDA6A520059
:10392000DBD55A69B16942F480725A61BFF34F8F97
:10393000BFF36F8F5A6931F8021C22F480725A610A
:10394000BFF34F8FBFF36F8F4DF60272914209D0D4
:103950009A6AD2B242B101200DF10701FFF77AFF56
:103960000446BBE73468B9E79A6A12F47F4F05D082
:1039700001200DF10701FFF753FFF1E79B6AB3F553
:10398000803FAAD3FFF738FFEAE700200DF10701D7
:10399000E4E700200DF10701EDE723F4FF7323F0C6
:1039A0000103ADE700ED00E0044B5A6942F010025C
:1039B0005A615A6942F480625A61704700ED00E032
:1039C000EFF30880EFF3098101B57246FFF760FF5E
:1039D00001BD00BF002340210348C21801331E2B44
:1039E00082F80013F9D1704700E100E0002080F375
:1039F0001488BFF36F8F002080F30A8880F30B8850
:103A0000FFF7F8FA00200E490860BFF34F8F0D480A
:103A100080F3088800F03EF8402080F311880A48BF
:103A20004FF40061401880F30988EFF314800221FD
:103A3000084380F31488BFF36F8FFFF71FFE000069
:103A400094ED00E038B7002138AC0021BFF34F8F70
:103A50000549064BCA6802F4E0621343CB60BFF32A
:103A60004F8F00BFFDE700BF00ED00E00400FA0546
:103A7000002318460649D1F89020C2F3072293424A
:103A800000DB7047C1F89830C1F8A0000133F6E7B9
:103A900000ED00E010B572B6002484F31388FFF740
:103AA000E7FF23464FF0FF300C4A03F120010133BA
:103AB000102B42F82100F8D100234FF0FF30074AC5
:103AC00003F160010133102B42F82100F8D162B6F6
:103AD000BFF34F8FBFF36F8F10BD00BF00E100E059
:103AE000084B9B6883420BD1EFF3058343B1064B30
:103AF0005A6842F080525A605A6A22F400425A626E
:103B000004F0BEB98423002100ED00E01FB5094C8C
:103B1000094A23460121094800F0EAF800230393EB
:103B2000074B0121E41A01A80193029400F0EAF87E
:103B300004B010BD000001210000002134B60201D4
:103B4000E006002110B50C7A0B6804F01F0223F088
:103B50001F031A43CB68640923F01F03054943EA96
:103B6000440343F00103C1F89800C1F89C20C1F858
:103B7000A03010BD00ED00E02DE9F04F0F461446D7
:103B800006464FF000084E4D85B0B84580F294804F
:103B9000D6F80490B9F1000F36D0B9F11F0F40F2FA
:103BA000898019F01F0F40F08580D6F800A01AF028
:103BB0001F0F7FD1504605F036FC834609EB0A0003
:103BC000013805F030FC834574D11BF1160F71D01C
:103BD0005C456FDDC5F898B0D5F89C10C5F898B075
:103BE000D5F8A03021F01F0143F01F0AD6E90032BA
:103BF0001A44994202F1FF391ED1CA4508D1314613
:103C00005FFA8BF005F018FC08F101080C36BCE7F0
:103C10003146C5F898B0D5F89C3022F01F0203F069
:103C20001F031343C5F89C30E0B205F005FC10F10A
:103C3000160F3FD0441CE7E7C5F898B0D5F8A02090
:103C4000013B23F01F0302F01F021343CA45314614
:103C5000E0B2C5F8A030E8D005F0EEFB10F1160F89
:103C600028D0C5F898B0D5F89C209DF808300AF106
:103C7000FF3A62F304038DF80830D5F8A0309DF8C0
:103C800008205B0863F347128DF80820D6E900325C
:103C90001344009323F01F03411C5344A3EB090377
:103CA000C8B223F01F030728039303D86946FFF720
:103CB00049FFBFE76FF01504204605B0BDE8F08F5F
:103CC00000ED00E00522044BC3F89420BFF34F8FB2
:103CD000BFF36F8F704700BF00ED00E0BFF35F8F51
:103CE0000022024BC3F89420704700BF00ED00E0B3
:103CF00010B5034C2278FFF73FFF207010BD00BFC6
:103D0000C02300212DE9F74F294D8A4606464FF082
:103D10000008AB46274FD0451BDAD6F80490B9F11E
:103D2000000F3FD031680846019105F07CFB0199F6
:103D3000044609EB0100013805F075FB84424FF0A1
:103D400014021D4B08D002FB08F36FF015024BF86C
:103D5000032003B0BDE8F08F14F1160F2C60F8D0EB
:103D60001978A142F5DD02FB08B0C7F89840C7F802
:103D70009840D7F89C4000F10801007B64F30400F0
:103D80000871D7F8A0000C79400860F347140C7153
:103D9000D7F89C1021F01F016960D7F8A01021F01E
:103DA0001F01296108F1010814350C36B3E700BF83
:103DB0009821002100ED00E0C023002138B50E4D10
:103DC0002C68082C15D80020FFF788FF0B4B0C4AF5
:103DD000C3F8C020844205D10A4B00201C70FFF7B5
:103DE00071FF38BD696801EB0011FFF7ABFE0130D0
:103DF000F0E74FF0FF30F4E740B6020100ED00E0DD
:103E0000AAFF4400C0230021014B1860704700BF87
:103E1000E4040021074A0346106828B9D96831B183
:103E2000596921B1136070476FF0770070476FF0E8
:103E300015007047AC210021052838B5054608D883
:103E40002A21C140C90704D5064805F080FB044675
:103E500010B90024204638BD0121083005F096FB3A
:103E60002575F7E7B00600212DE9F0410546DDE9AB
:103E7000068750B1022804D1124805F068FB0446B9
:103E800028B900242046BDE8F0810F48F5E700F18D
:103E900008060121304605F079FB2575B8F1000FC1
:103EA000F0D0002FEED0304605F099FBB84203D297
:103EB000204600F0E7F8E4E73A464146304605F090
:103EC0007CFBDFE7580600218406002108B5034B80
:103ED0000146186805F05EFB002008BDB0210021F6
:103EE00083891BB1024B1B685B691847122070471E
:103EF000AC210021044B054A1B6810600BB1DB6844
:103F000018476FF012007047AC210021B02100214A
:103F10002C218279054B01FB02339A6A1B7F801AA0
:103F2000173323F00303B0FBF3F07047580600216A
:103F300038B52C248279094B04FB02335B6A0C6888
:103F40005B681A68944294BF0C600A60D3E900541D
:103F5000FFF7DEFF05FB004038BD00BF580600211B
:103F60002DE9F74F054601911046194691469846AE
:103F700017461E4606F02DFE82468B464FF0400344
:103F8000EFF3118183F31288BFF36F8F6B8B002BDC
:103F900058D02A8B9A423CD900910022002328460F
:103FA00003F0D2FA00990446002832D081F3118838
:103FB000BFF36F8F019B002B55D058EA09030FD038
:103FC000B8F1FF3F08BFB9F1FF3F09D004F00CF989
:103FD000BAEB00076BEB0106002EBCBF00273E4684
:103FE0004FF02C08A379254D3A4608FB03535B6A32
:103FF00020461B6801A9D3F800903346C8472061CA
:10400000002831D1A079214608FB005006F01AFCA7
:1040100024E0688B431E6B8381F31188BFF36F8F9D
:104020002B7F2A8BAC6A173323F00303121A02FB8F
:104030000344124B124AEB1A9B105343A3712B7F7C
:10404000E371B7E781F31188BFF36F8F4A464346A8
:10405000284603F079FA04460028ABD10024204614
:1040600003B0BDE8F08F2361002301222360A2800A
:10407000A381019A2369E281A360F0E75806002139
:10408000A38B2EBA2DE9F041044600252C27144EAF
:104090000CB9BDE8F0812379D4F80080013BDBB294
:1040A0002371002BF5D1216959B163799B0707D49E
:1040B000A379204607FB03635B6A1B689B689847EC
:1040C0002561A079A56007FB00602560036A1BB12C
:1040D000204698474446DBE7214606F0B3FBF9E764
:1040E00058060021084B70B5C31A0D4607499B10AE
:1040F000044659434022064805F095FA2B460146EE
:104100002046BDE870401847C8210021B76DDBB6D6
:1041100068AF0201402373B50B4C0093041B0B46A0
:104120000D460A49A41061430646094A094805F0AC
:10413000A7FA011E05DA30462B4602B0BDE87040F2
:10414000184702B070BD00BFC8210021B76DDBB6B3
:10415000ED96020168AF020170B50022012104460C
:104160000520FFF76DFA0F4801F0A0FF0E4B9842B3
:1041700015D105F0B5FC26690C49304604F014FD54
:1041800000280BDB012535642469084904F11C0073
:1041900004F00AFD002801DB0020E56470BD6FF02B
:1041A0000400FBE7E54102010000AD0BA4B60201EB
:1041B00001460C23002270B54B430848C418403315
:1041C000D4E90E561844A26305F01AFA2DB132460E
:1041D0002B46BDE870400248184770BDC821002139
:1041E00068AF020110B1012804D07047034B1B6C6B
:1041F0005B0701D1FFF7DCBF704700BFC82100217A
:1042000008B54FF04003EFF3118183F31288BFF339
:104210006F8F114A136843F002001060DA0708D468
:1042200081F31188BFF36F8FBDE80840012001F0D2
:104230002DBF0A4BD3F80C24D3F80C34D307EFD599
:10424000074805F0DDF981F31188BFF36F8FBDE8F2
:1042500008400020FFF7ACBF1822002100500041A9
:10426000082200217FB500220123CDE9022304ABFF
:10427000CDE90433094A6B46CDF800D0CDF804D01F
:1042800005F02DFA002805DB4FF480420023684634
:1042900003F0B4F907B05DF804FB00BF0B9702010F
:1042A000074BD3E8EF2F22F00201C3E8E01F0028FC
:1042B000F7D1D30702D4012005F00DBC704700BF31
:1042C000182200212DE9F041012207463549D1E8A5
:1042D000EF3FC1E8E02F0028F9D133B93249334824
:1042E0004B60CB608A6004F072FC7B1E012B28D8E7
:1042F000012F06D12E4BD3F81C3403F00303022BFD
:104300001FD006F007FA0546E8B92A4B1B78D3B14F
:1043100002220646264BC3F80823254CDFF8988076
:10432000D4F81834D4F81824D20316D503F00303B4
:10433000022B01D0012F10D175B386F31188BFF382
:104340006F8FBDE8F0814FF04003EFF3118683F3E8
:104350001288BFF36F8F0125DFE7C5B13046FFF745
:1043600035F9D4F81835DBB2012BD9D1D4F80421B2
:10437000002AD5D00022C4F80421D4F80421022256
:10438000C4F818252022C8F88021A360C8E70021BE
:10439000212003F055FDE4E70222054BC3F8042376
:1043A000CFE700BFC4210021B4210021E421002176
:1043B00000500041AF9A002100E100E008B5074835
:1043C00006F019F938B10648FFF71EFD0448FEF75C
:1043D0001FF9002008BD6FF01200FBE7C8AF020113
:1043E000E54302010A2838B50446074D04D1AB68FD
:1043F0000D2128465B689847AB6803485B68E1B2CB
:104400009847204638BD00BFC8AF020130B54068AC
:1044100001F01F04057BB2F5001F85B044EA451486
:1044200005D1204602F016F9002005B030BD002568
:10443000B2F5800FCDE9025514D1B3F1007F0CBF66
:10444000042305238DF8083000232046194602AACC
:1044500001F03CFF1F4B984238D10121204602F069
:10446000B3F8E1E7B3F1C06F25D0B3F1007F14BF1B
:10447000012302238DF808308368CB40D907E3D4A9
:10448000B2F1A07FE0D1144A14486109012908BFA4
:10449000024604F01F03803352F82330DB07D3D4E5
:1044A0000DF107052946204602F03AF80C4B9842D8
:1044B00003D00395C8E70323DCE7284602F07EF823
:1044C000044B9842F5D06FF00B00AEE76FF015008B
:1044D000ABE700BF0000AD0B00058C4100088C412C
:1044E0000400AD0B10B502F059F8044668B902F0AB
:1044F0002DF8084B98420AD12146074802F00AF8E5
:10450000224605210A20FFF79BF8002010BD6FF01E
:104510000400FBE70000AD0B1D4502014209034604
:1045200070B502D0012A17D070BD0D4E32695168A6
:104530000029F9D0012503F01F030C689D400029D4
:10454000F2D08A682A4002D030464B6898472CB196
:10455000236821461C46F2E7024EE7E72346F8E7C8
:1045600098AF020180AF02012DE9FF41476801F0D9
:104570001F053B7B144645EA43150E4628460DF1C0
:10458000030101F0CDFF14F4403F80460BD12846D3
:1045900002F088F83C4B984503D19DF8030002F0E7
:1045A00007F800200CE000232846194602AACDE9AE
:1045B000023301F08BFE344B984204D06FF01500AB
:1045C00004B0BDE8F081804503D19DF8030001F0FF
:1045D000EFFFA30349D540F206332340B3F5837FB1
:1045E00019D00CD8062B17D004D8ABB1022BE5D1CB
:1045F000042311E0B3F5807FE0D101230CE040F209
:104600000222934226D0B3F5407F25D0B3F5007F38
:10461000D4D1022300E007238DF8043084F48033E2
:10462000C3F30043E0068DF805304CBF0323C4F309
:10463000401321038DF8063010D501237A68B3406A
:1046400093600022284601A901F0F0FE0E4B98422B
:10465000A7D0B3E70523DFE70323DDE7620341BF0C
:1046600001237A68B340D360EBE7E3064FF0000321
:104670004CBF0324C4F340141A46284601A98DF800
:10468000044001F023FEE1E70000AD0BF0B54B79EB
:10469000012B29D0032B24D110278B79032B20D178
:1046A000CE790EB1012E1CD10A79012A1ED0022A20
:1046B00020D0B2B914460B684568B3F5164FD5F84B
:1046C00000C06ED033D8B3F5165F6DD01CD8B3F5EB
:1046D000966F6BD010D8B3F5967F6AD0B3F5167F7E
:1046E0006AD06FF085005BE00027D6E74FF4807456
:1046F0000E22E0E70024FBE7B3F5166F5FD0B3F5B9
:10470000965FEED1384B3CE0B3F5E14F5AD007D875
:10471000B3F5615F58D0B3F5964FE2D1334B30E03B
:1047200047F61225AB42DCD14FF4000329E0B3F584
:10473000613F4BD013D8B3F5963F4AD009D84DF618
:10474000C025AB4247D0B3F5614FCAD14FF46B03DC
:1047500017E0B3F5E13FC4D14FF0EB7311E0B3F5CF
:10476000612F3BD008D8224DAB423AD0B3F5E12FB0
:10477000B7D14FF0E86304E01E4DAB42B1D14FF02A
:1047800080530569CCF8243543683A431B683443A9
:104790002243C3F86C252B1D03C983E803000020C6
:1047A000F0BD4FF41D03ECE7134BEAE74FF49E23F3
:1047B000E7E74FF4A033E4E74FF41C33E1E74FF4AD
:1047C0001D23DEE70D4BDCE70D4BDAE74FF06C7392
:1047D000D7E70C4BD5E74FF46503D2E74FF0706392
:1047E000CFE74FF08063CCE700B0130000A04E008D
:1047F00090D0030040420F000050270000C0750019
:1048000000F03A0000903A012DE9F743804600227B
:1048100001211320FEF714FF1320FEF7E1FE002113
:10482000D8F80470D8F810603C6801AAC4F80015E4
:10483000C6F80080D7F80C90484605F023F8051E0E
:104840004DDB019BD9F800201979186800F02CFC89
:10485000051E44DB4046311DFFF718FF05460028C2
:104860003DD17B68990713D506F1180001F0A8FC2B
:104870001E4B984237D1337E43F00043C4F8A03139
:10488000C4F88C300123327E9340194AC2F80435B3
:104890000823C4F800353B7A53B9C4F81031D4F872
:1048A00010317369C4F834350123C4F838352360F6
:1048B0007B689A075CBF4FF48073C4F804337B684D
:1048C000DB0644BF4FF48003C4F804333369C4F8F3
:1048D00044350023C4F848350123A360E36028462B
:1048E00003B0BDE8F0836FF00405F8E70000AD0BFE
:1048F00000F00041F8B504460D46076905F00AFFCF
:10490000B0B92E4B1B789BB16426606804F071FF30
:1049100000BB012005F0E8F8013EF6D1002121207E
:1049200003F08EFAF0E786F31188BFF36F8FF5E797
:104930004FF04003EFF3118683F31288BFF36F8FBC
:104940006068314604F055FF90B986F31188BFF3D3
:104950006F8FEDE74FF04003EFF3118683F312887A
:10496000BFF36F8F6068314604F043FF0028DAD050
:104970003B691D70626838691368C3F844050120FB
:10498000C3F848050020C3F82001D3F82051C3F82C
:1049900058015268D3F85801D20608D50820626839
:1049A0001268C2F800054FF48002C3F80423012204
:1049B0009A6081F31188BFF36F8FF8BDAF9A002121
:1049C0004FF04003EFF3118283F31288BFF36F8F30
:1049D000094BD3F8001161B10021D3F80805C3F8E1
:1049E0000011D3F80031C0B282F31188BFF36F8F8A
:1049F00070476FF00A00F7E7009000410346F0B5FA
:104A000010469C7893F803C04FF04005EFF31182F5
:104A100085F31288BFF36F8F1F7893F801E0E41BD2
:104A200004EA0C04A04288BFA0B23E180CEA0606B5
:104A30003D461E7082F31188BFF36F8F0A188A42B9
:104A400017D177450DD14FF04001EFF3118281F37B
:104A50001288BFF36F8F1978597082F31188BFF3F2
:104A60006F8F1B79241AA34222BF0122054B1A60C3
:104A7000F0BD5E197679013501F8016B05EA0C0588
:104A8000DDE700BF00900041DB432DE9F04713F064
:104A900001050E46144604D02148FFF7AFFFBDE8DC
:104AA000F087A2B34FF04003EFF3118883F312882D
:104AB000BFF36F8F0920FEF7B5FD07460920FEF70B
:104AC0009DFD88F31188BFF36F8FDFF858804FF496
:104AD000007AC8F80051D8F8003101232546DFF8E4
:104AE0004890C8F80030C9F880A1D8F8003183B1E7
:104AF000FFF766FF031EC9F880A1F6DB013DADB2EA
:104B00007355002DF1D117B10920FEF769FD20463C
:104B1000C5E7BFF34F8F20BF40BF20BFE5E700BF11
:104B2000642200210090004100E100E02DE9F04105
:104B30000D461446114F07F1450814B92046BDE84B
:104B4000F0814FF0FF334FF0FF32384602F056FD50
:104B5000224629464046FFF751FF0646384602F0F6
:104B600027FD3EB94FF0FF324FF0FF33044802F00B
:104B700045FDE6E7A41BA4B23544DEE7342200215C
:104B80004C22002138B50122184C1146204605F070
:104B9000A2FE0122002104F1180005F09CFE40F263
:104BA0000743A4F848304FF0706323630C230025BB
:104BB000012184F834300E4B84F84550A4F8465057
:104BC000D3F80425092022F00102C3F80425C3F814
:104BD0000051D3F80021C3F804132A461960FEF7E8
:104BE0002FFD0920FEF7FCFC284638BD34220021A9
:104BF0000090004110B5FFF7E3FE002820DB174BC3
:104C0000C0B293F8322093F8314093F83310141B5C
:104C100031EA04040DD193F8472093F8464093F805
:104C20004810141B31EA04040BD101220C4B5A60CA
:104C30000EE09C180132114084F8350083F83210E0
:104C400010BD9C180132114084F84A0083F84710C7
:104C50000448BDE8104002F0ABBC00BF3422002184
:104C6000009000414C2200210123834070B5DC43B9
:104C70000B4AD2E8EF1F01EA0405C2E8E65F002E06
:104C8000F7D14FF4803282400648C0F80823BFF3C2
:104C90005F8FBFF36F8F0B4214BF0120002070BDE8
:104CA0008C22002100600141F8B51B49044622F026
:104CB0007F450868C1E90023A5F50013101AB3F574
:104CC000400F0FD303F034FAA30003F1824303F53E
:104CD000B033D3F8402595421DD14FF40002C3F8FC
:104CE000402512E00D4B1B681A0A1B065E190C4B7F
:104CF00042F10007C3E9006703F01AFA094A04F514
:104D0000A87352F823309D4205D14FF48033054AF1
:104D1000A340C2F84433F8BDB81E00219022002100
:104D2000C01E002100600141D9B101230D4A83401A
:104D3000D2E8EFCF4CEA030CC2E8E1CF0029F7D16B
:104D40004FF48033084A8340C2F80433074BD3E85A
:104D5000AF3FC340DB0742BF4FF48002044BC3F8B0
:104D6000002170478C22002100600141882200212F
:104D700000E100E00D4B1868010A0006BFF35F8FE9
:104D80000B4BD3F80435181841F10001B3F5801F1F
:104D90000AD2084BD3E90023904271EB030303D2FC
:104DA00010F1807041F10001704700BF9022002196
:104DB00000600141C01E00212DE9F74F14461D4639
:104DC0000746FFF751FF0090FFF7D4FFA04271EBB9
:104DD00005037AD2444B201A65EB0101984271F128
:104DE00000017DD2414B03EB0713D3E902239D421F
:104DF00008BF944254D04FF4803324F07F4B5E467A
:104E000000214FEA870907F1500809F182494FEA6A
:104E10008808BB4009F5B0391FFA88F808F18248C4
:104E20000193D9F84005324B08F5B038D3F804A502
:104E3000A0EB0A0020F07F402AF07F420128C9F849
:104E4000402504D1132005F0C0FE0021284B0AF1B3
:104E5000020CA6EB0C0020F07F40B0F5000F88BFDD
:104E60006646C8F80010019AD8F8000026F07F4086
:104E7000C3F84423C9F84005D3F80405824506D099
:104E8000301A023820F07F40B0F5000F1BD8A6EB97
:104E90000B0626F07F46361945F1000334461D46C1
:104EA00012490C9801EB0712C2E9024500243B01AC
:104EB000C8500D9B536038460099FFF735FF2046D8
:104EC00003B0BDE8F08F3046B0E70123094ABB408C
:104ED000D2E8EF0F1843C2E8E10F0029E0D0F7E76E
:104EE0006FF01504E7E700BF01000001A81E0021D4
:104EF000006001418822002173B500244FF0FF308B
:104F00004FF0FF31164D174BC5F80845C3E90201B4
:104F10004FF4803302264FF48002C5F80433124B5D
:104F20000121C5F804631620C3F880212246FEF74C
:104F300087FB1620FEF754FB01230C4AAB602B6065
:104F400013600B4B0B4A0093204600230194FFF79C
:104F500033FF3046FFF7B6F9204602B070BD00BF00
:104F600000600141A81E002100E100E08C22002128
:104F7000A94C0201FFFF7F002DE9F743294BD3F82D
:104F8000042392070BD5D3F8042142B10022C3F8C1
:104F90000421254AD3F80431136801331360EFF379
:104FA000108272B61F4CD4F80433DB031ED51F4B9E
:104FB000D3E8EF1F21F00100C3E8E50F002DF7D182
:104FC00011B9D4F840318BB10025C4F84051D4F860
:104FD000403182F31088FFF7CDFEEFF3108272B6F6
:104FE000134BD3E90267B042B94104D282F310886F
:104FF00003B0BDE8F0834FF0FF38D3E900104FF065
:10500000FF391D60C3E902894FF48033C4F8483387
:1050100082F310880029EBD0009032463B462846A8
:105020008847E5E7006001419022002188220021A5
:10503000A81E0021431C13B520D0012820DDB0F5A7
:10504000000F1FDA441EFFF795FE0F4BD3E9001344
:10505000421AB2F5000F28BF00240C480132224446
:10506000824228BF0246002052180949019000914F
:1050700043F10003FFF7A0FE02B010BD0348E1E7D3
:105080000024E0E7014CDEE7B81E0021FFFF7F00AF
:10509000A94C020108B5FFF76DFE024B1B68C01A50
:1050A00008BD00BFB81E00212DE9F04701272F4D94
:1050B0002F4E00EB8101814202D10020BDE8F08734
:1050C000046804F07F03C4F3432A7F2B4FEA14449F
:1050D00008BF4FF0FF33032C44D8DFE804F002137D
:1050E0003D40C2F80C354FEA531EBEF1010F14BF0C
:1050F000AC46B44603F01F0407FA04F4CCF80840A9
:10510000012402E0C2F81435002450F8049B03F097
:105110001F0809F4005CBCF1000F4FEA53130EBFE7
:10512000A6464FF0010E0024012B0CBFB446AC463E
:105130000CEB880CDCF80032C9F3C11903F0E0482D
:105140004FEA0A2343EA8903234343EA4E0343EA2F
:105150000803CCF80032AEE7C2F80835C3E7C2F85E
:105160001035D1E76FF08500A8E700BF00058C413E
:1051700000088C4110B504460269A2B0C2F8800054
:105180001649002001F092FB002201211220FEF7B7
:1051900057FA8422002101A8646804F0C8F90023AA
:1051A000012001AA61680432D940C90744BF00FA4E
:1051B00003F142F8041C2168D940C90748BF00FA2E
:1051C00003F103F1010348BFD163102BEAD101A819
:1051D00001F084FB002022B010BD00BFD598020171
:1051E00002460B46014802F0F9B800BFFC05002159
:1051F000014802F06DB900BFFC05002108B5044864
:10520000FEF708FEBDE808400248E1F783B800BF9A
:1052100084B70201B999020170B588B000F06EFE42
:1052200003A8E1F761F9E1F771F918B16FF08500B2
:1052300008B070BDE1F77CF90028F7D1E1F78AF9F1
:105240000028F3D1E1F7B0F90028EFD1E1F79AF99E
:105250000028EBD1E1F7BAF90028E7D1E1F7DAF954
:105260000028E3D1E1F7E8F90028DFD1E1F7C0F940
:105270000028DBD1E1F7CEF90028D7D1E1F7DCF93E
:1052800005460028D2D16C460F23224601218DF815
:105290000030E1F789F80028CADB01262246022106
:1052A00028468DF80060E1F77FF80028C0DB334B1B
:1052B0002246032128460093E1F776F80028B7DB61
:1052C00041F64C532246042128460093E1F76CF83E
:1052D0000028ADDB2246052128468DF80060E1F765
:1052E00063F80028A4DB1F23224607212846ADF8D7
:1052F0000030E1F759F800289ADB03232246062103
:1053000028468DF80030E1F74FF8002890DB47F28F
:10531000A853984208DD404080F311884FF0040004
:1053200002DF6FF00B0083E7154805F064F910B950
:105330006FF012007CE7134B93E8070084E8070046
:105340002046E1F7B1F9A8B90F49104805F0E5FA90
:105350004FF0FF304FF0FF31FFF742FF044630B906
:105360000B490C48E1F798F80446FFF741FF04EABF
:10537000E4705DE76FF015005AE700BF97970302EE
:10538000B0AF020138B102012D9A02011C230021A5
:105390005F240021E953020138B5044607480A4654
:1053A00083685D6835B100232146A84720EAE07094
:1053B000C0B238BD6FF08500F8E700BFB0AF0201A2
:1053C0000149024805F0C6BA1C230021481F0021EC
:1053D00010B403460A46034881680C681946234600
:1053E00010BC1847B0AF020137B54FF0FF304FF097
:1053F000FF31FFF7F5FE002845D1244D0DF10701DF
:10540000284600F07DFC0446FFF7F2FE002C3AD15E
:105410009DF80730042B26D128783E2819D0FF2884
:105420001ED04FF0FF324FF0FF33214604F08BF8CF
:10543000044648B16A781549023204F1080004F0C4
:10544000BCF82046FEF742FD03B0BDE83040FFF750
:10545000B7BFAB78022BE4D1002200230124E4E79C
:10546000AB78802BF7E7022B0DD14FF0FF324FF0D6
:10547000FF330320FEF7E0FC04460028E4D06A88EE
:1054800029460432D9E703B030BD00BFC323002151
:105490002DE9F341C54D07882B7806463CB2002B19
:1054A00040F0288404238DF80730C14BD3F80080E6
:1054B000B8F1000F14D00DF106030DF10702691CBD
:1054C000C04701280CD09DF8063073BB9DF807300B
:1054D0000E22AB7001236A70EB70AF80A8712DE0D3
:1054E000B7F5105F4FEA97230ED2002B3ED0013B59
:1054F000072B19D8DFE813F02F0018005400BD0067
:105500007A01180018008A013F2B00F0288342F22C
:1055100026039C424FF0010000F3E58340F21D4357
:105520009C4230D00128D1D101200F236B7004237D
:10553000AB700123E8702B71A5F8057040F6354378
:105540009C4240F0CB83AB79002B40F0C783002016
:1055500002B0BDE8F081304640F2064230F9033B2C
:1055600093420AD040F21D42934216D042F20C03FD
:105570009C424FF0010002DDD9E1FAF70BFA40F24C
:1055800006439C42CAD10F236B700423AB700123E6
:10559000E8702B71A5F80570A0E3FAF7FDF9EEE7C6
:1055A000304640F6354130F8032B13B28B4227DCEE
:1055B00040F62C418B4209DC40F6014293422ED04A
:1055C00040F6034293422DD00120A7E7A2F62D43D7
:1055D000082BF9D801A252F823F000BF2B56020184
:1055E000C9550201C9550201C95502013D560201C2
:1055F000C955020143560201C9550201495602012B
:1056000040F67B42934222D040F67C42934227D020
:1056100040F663429342D7D1FAF7D1F8AFE7FAF7F1
:10562000C1F87BE7E1F75EF978E79DF8073061495B
:1056300003338DF80730FAF7BAF86FE7FAF7B9F8DD
:105640006CE7FAF7B8F869E7FAF7B7F897E79DF863
:105650000730584904338DF80730FAF7B5F85DE79D
:105660009DF80730534902338DF80730FAF7AEF84A
:1056700085E73388A3F58053013B082BA4D801A20A
:1056800052F823F0A9560201BB560201B957020194
:10569000C9550201C9550201C9550201C955020186
:1056A000C9550201DB5702019DF807304148083314
:1056B0008DF80730FAF711F930E79DF807302F22FF
:1056C000403300213B488DF8073003F030FFEB7981
:1056D00095F82A2043F02003EB716B7A62F0010207
:1056E00043F080036B722B7B85F82A2063F03F0325
:1056F0002B736B7C95F82B2063F01B036B746B7D15
:1057000042F0010223F0280343F028036B75AB7DC0
:1057100085F82B2023F0220343F02203AB756B7F27
:1057200095F82D2043F004036B7795F8203042F074
:10573000800263F0080385F82030FF2385F82130CC
:1057400085F8223095F8233085F82D2023F07F034B
:1057500043F07F0385F8233095F8273095F82E2005
:1057600023F0300343F0300385F8273095F82830D4
:1057700042F0040263F03F0385F8283095F82930A1
:1057800085F82E2023F07B0343F07F0395F8342027
:1057900085F8293095F8303042F0400243F0040398
:1057A00085F8342085F830300020B7E6079A0021CC
:1057B0002C2300210E9A00219DF80730082208337F
:1057C0000021A4488DF8073003F0B1FEEB7A23F0F6
:1057D000600343F06003EB72E6E79DF807309D48F5
:1057E00006338DF80730FAF77AF897E641F2054369
:1057F00032889A427FF4E8AE9DF80730954903332A
:10580000F01C8DF80730FAF7C9F887E6304630F813
:10581000033B42F22606A3F50053013B7B2B7DD8C8
:10582000DFE813F090009400A4007C00C400C700DF
:10583000CA00D300D600D900DF00E200E500E8008E
:10584000EB00F400F700FA00FD00000103010C0179
:105850000F011C012501280131013A017C007C0067
:105860007C007C007C0043014C01550158015B0128
:105870006101640167016A017C007C0073017601AB
:10588000790182018B018E017C007C007C007C0010
:105890007C007C007C007C007C007C007C007C0028
:1058A0007C007C007C007C007C007C007C007C0018
:1058B0007C007C007C007C0091017C007C009A01D3
:1058C0007C007C007C007C007C007C007C007C00F8
:1058D0007C007C007C007C007C007C007C005E0105
:1058E0007C007C007C007C007C007C007C007C00D8
:1058F0007C007C007C007C007C007C007C007C00C8
:105900007C007C007C007C007C007C007C007C00B7
:105910007C007C007C007C007C00DC00B44200F356
:10592000E08142F20C0301209C427FF7F7ADA7F51E
:105930000053494A0D3B9BB222FA03F3DB077FF584
:10594000F1AD20E6F9F7CDFFB4420AE09DF807304B
:10595000404803338DF80730F9F7C8FF42F22603B9
:105960009C4200F3AC8142F20C03DDE79DF8073066
:1059700005220833002137488DF8073003F0D7FDA2
:10598000EB7963F00203EB712B7A23F0490343F0C8
:1059900049032B7242F226039C4200F38F8142F2AC
:1059A0000C039C427FF700AF0020C0E7F9F7A0FF8F
:1059B000CAE7F9F79FFFC7E79DF80730254801338D
:1059C0008DF80730F9F798FFC8E7F9F797FFBBE7BD
:1059D000F9F796FFB8E7F9F795FFB5E7F9F7D8FFBC
:1059E000B2E7F9F791FFAFE7F9F790FFACE7F9F706
:1059F0008FFFA9E7F9F78EFFA6E79DF80730154856
:105A000001338DF80730F9F787FFA7E7F9F786FF2D
:105A10009AE7F9F785FF97E7F9F784FF94E7F9F735
:105A200083FF91E7F9F782FF8EE79DF80730094978
:105A300007338DF80730F9F77BFF8FE7F9F77AFF27
:105A400082E79DF80730034910338DF80730F9F7E6
:105A500073FF83E70E9A0021411200039DF807307F
:105A6000A64808338DF80730F9F768FF76E7F9F7AD
:105A700067FF69E79DF80730A04902338DF80730CA
:105A8000F9F760FF6AE79DF807309C4902338DF80B
:105A90000730F9F75BFF61E79DF8073008338DF8B1
:105AA0000730FF23EB71EB7274E79DF807309349E1
:105AB00002338DF80730F9F74DFF4FE79DF80730B7
:105AC0008E4804338DF80730F9F746FF46E7F9F7BB
:105AD00045FF39E700F03CFA36E703F0B3FF33E760
:105AE00003F0B3FF30E7F9F73BFF2DE7F9F73AFF93
:105AF0002AE7F9F739FF27E79DF807307F48013398
:105B00008DF80730F9F732FF28E7F9F731FF1BE787
:105B1000F9F730FF18E79DF80730784808338DF81B
:105B20000730F9F729FF19E79DF807307349043367
:105B30008DF80730F9F722FF10E7F9F721FF03E7A7
:105B4000F9F720FF00E79DF807306C4802338DF825
:105B50000730F9F719FF01E7F9F718FFF4E63046C7
:105B60004FF60B4230F8033B93423FD8B3F57C4FDE
:105B70007FF62AADA3F57C43013B0A2B3FF624AD0B
:105B800001A252F823F000BFFB5B02010D5C020191
:105B9000C9550201C9550201C95502015F5C0201E4
:105BA000C9550201C95502013B5C02014D5C02016D
:105BB000655C0201A3F57D43092B3FF605AD01A20B
:105BC00052F823F0775C0201995C02019F5C0201AC
:105BD000A55C0201AB5C0201B15C0201C955020186
:105BE000C9550201C9550201B75C020103F54072B3
:105BF00092B2092ADED90120C1E49DF807303F485E
:105C00000C338DF80730F9F7E3FD87E49DF8073092
:105C100002224033002139488DF8073003F087FC19
:105C2000EB7923F0230343F02303EB712B7A23F06A
:105C3000070343F007032B72B6E59DF807302F48A2
:105C400017338DF80730E0F75FFE67E49DF8073003
:105C50002A4820338DF80730E0F7A8FE5EE4F9F714
:105C6000D2FD5BE49DF80730244801338DF80730FE
:105C7000F9F7CBFD52E49DF80730022240330021B2
:105C80001E488DF8073003F052FCEB7923F03F03F8
:105C900043F03F03EB7187E5F9F7CDFD3EE4F9F7FB
:105CA000D4FD3BE4F9F703FE38E4F9F70AFE35E4E6
:105CB000F9F70DFE32E4F9F70CFE2FE4002042F272
:105CC00032039C420FD10F236B700423AB7001236E
:105CD0002B7132236B712023E870AB7101232B7081
:105CE00035E40120EBE7A7F50153033B012B7FF6D9
:105CF0004AAC17E44FF0FF302AE400BF0E9A0021AF
:105D000038B5094C0D4623781BB9BDE83840F9F782
:105D100039BDA278611C023203F0FEFB002004238F
:105D200020702B7038BD00BF079A002170B5054662
:105D30000E46084C204604F05EFC38B1A3682946A4
:105D40002046B2B21B68BDE8704018476FF01200E1
:105D500070BD00BFB0AF0201F8B51C4D1C4905F184
:105D60002002002808BF2946104602F03BFB4FF0F6
:105D7000FF3200284FF0FF334FF0010014BF12270D
:105D80000027FEF759F800F10806022104463046C4
:105D900003F00DFC3E2303702223012143703046A3
:105DA00003F005FC092321210370304603F0FFFBBB
:105DB00000F8017B2FB12022FF2103F0B8FB204621
:105DC000F8BD05F1200103F033FEF8E74F9A0021FA
:105DD00092B90201F8B5354BD3E8AF2F022A1F461E
:105DE0005DD0042A60D0012A46D1314C314E2021A9
:105DF0002046FFF79BFF002846D12022314620464F
:105E000003F07AFB0028F2D021462B4802F0D6FAA4
:105E100005460028EBD14FF0FF324FF0FF33012051
:105E2000FEF70AF800F1080602210446304603F0A6
:105E3000BEFB3E230370422301214370304603F032
:105E4000B6FB082341210370304603F0B0FB064641
:105E500000F8015BD5B14022002103F068FB00236C
:105E6000D7E8EF2FC7E8E13F0029F9D15CB1204620
:105E7000BDE8F840FEF72AB80022D3E8EF1FC3E8D8
:105E8000E02F0028F9D1F8BD1F25C4E70A4903F027
:105E9000CFFD203106F1210003F0CAFDDFE700202D
:105EA000FFF75AFF0446DAE70120F9E74023002113
:105EB0004F9A002192B902016F9A002110B586B065
:105EC0001022002101A803F032FB01230A4C8DF8B7
:105ED000113005944FF0FF324FF0FF33012101A83C
:105EE00002F09CF9204604F0DAFF049B6FF3943330
:105EF0000493FFF76FFFEDE73023002110B588B062
:105F00000E4804F0C7FF00220023CDE9062300233A
:105F10000A220B4CCDE90323CDE9013300934FF462
:105F200062722046074B084901F0D0F92046074924
:105F300008B0BDE8104004F0F3BB00BF30230021DF
:105F4000C81E0021BD5E0201B0A4002185B9020176
:105F5000012208B5084BD3E8EF1F002903D1C3E89D
:105F6000E02F0028F7D105D10021044802F0B2F952
:105F7000002008BD0C20FCE7402300213023002135
:105F8000002910B508BF0222044618BF04220D4B99
:105F9000D3E8EF1F002903D1C3E8E02F0028F7D191
:105FA0000ED12146084803F043FD084804F12001C2
:105FB00003F03EFD0021064802F08CF9002010BDE0
:105FC0000C20FCE7402300216F9A00218F9A0021CA
:105FD000302300210149024804F0BCBC44230021C5
:105FE000481F0021322337B50125ADF804300023C6
:105FF0001A2168460E4A8DF80630ADF800508DF82B
:106000000230DEF771FB044670B901462A460C20C7
:10601000FDF716FB2A4621461120FDF711FB2A4603
:1060200021460820FDF70CFB204603B030BD00BF21
:106030005B9A020137B500240C4D6FF009034FF451
:10604000806228460A49009401F0F6FB0949284677
:1060500004F066FB0849094804F05FFC224604216D
:106060001A20FDF7EDFA204603B030BD481F00218D
:1060700038A80021B2B90201839A02014423002109
:10608000014B00201B6818475423002120B1012830
:1060900006D10448DEF78EB8034B01201B68184771
:1060A000704700BF8160020154230021014B18603A
:1060B00001487047542300210000AD0B0022D3009B
:1060C00003F1FF7303F58033D3F80013013107D0D8
:1060D000D3F800130132D3F80433202A0B60EED139
:1060E000144BD3E94C32072B07D1023A032A124B47
:1060F0000CD9D3F80024D10716D4104B1A68104BD2
:10610000C3F844250F4B104A1A6070470F498A5C48
:10611000002AEED0D3F80024D207EAD50022C3F833
:106120001421C3F81821E4E76FF00102C3F800243A
:10613000E3E700BF0000FF01005000410080FF01C5
:10614000006000410C0500210090D003BCB90201A1
:1061500070B501250268B2FA82F3C3F11F03DBB206
:1061600005FA03F422EA0404D0E8EF6F964204D162
:10617000C0E8EC4FBCF1000FF6D1EBD101480B7039
:1061800070BD00BF0000AD0B10B50368CB40DB074E
:1061900010D401238B40026843EA0201D0E8EF4F9C
:1061A000944204D1C0E8EC1FBCF1000FF6D1F2D14B
:1061B000014810BD0148FCE70000AD0B0400AD0B29
:1061C00001460148FFF7C4BF10050021036803F032
:1061D0001F020260034A04485B09012B18BF1046E6
:1061E000704700BF00058C4100088C41034B08300C
:1061F00033F81000C0F34010704700BF14050021B1
:1062000070B50D4C00F1080334F813300546DA057B
:106210000E4607D5C3F3432304EBC302526854F878
:1062200033309847A3682BB131462846E268BDE871
:106230007040184770BD00BF1405002110B4124A09
:10624000083032F81030D9051BD5C3F3432123F4AD
:10625000F85322F81030002002F10E0434F8023F07
:1062600013F4807F03D0C3F34323994209D0013054
:106270003028F3D1002342F83130044810BCFFF736
:1062800083BF10BC704700BF1405002188050021A2
:1062900038B50246FFF7AAFF0B4C02F1080560B1C2
:1062A000002134F815305B0B9B0003F1824303F5AA
:1062B0002043C3F81015C3F810151046FFF7BEFFB2
:1062C000002324F8153038BD140500212DE9FF41C5
:1062D000044690461D4601B3504E00F1080736F8BB
:1062E00017309B0702D5FFF781FF28BB002320460C
:1062F000CDE900338DF80E308DF80F300DF10F021F
:106300000B460DF10E0103F0F1FB36F8173023F0C8
:10631000020343F0010326F81730B8F1000F2DD027
:106320003E4E04F1080736F8173098F80000990738
:10633000D8F8042002D5CAB1394821E023F020035F
:10634000DB04DB0C26F8173082B10328F4D8D8F828
:10635000042092F800C04FEA8C0202F1824202F55A
:10636000204280B9C2F81005C2F8100536F817307F
:1063700023F01C0343EA800326F817301DBB29488D
:1063800004B0BDE8F081D2F8101543EA4C3321F097
:106390000301C2F81015D2F8101543F0200321F4C0
:1063A0004F3121F44071C2F810152102D2F810E5E6
:1063B00001F47C5141EA004141EA0E01C2F8101596
:1063C00026F81730D2E72046D5E90067FFF736FFF9
:1063D000002ED4D0114DD5E90023964201D19F4221
:1063E00019D011480DF10F01FFF7B2FE0D4B984285
:1063F000C6D19DF80F2005EBC20304F108005F60D1
:1064000035F8103045F8326043EA422343F4807394
:1064100025F81030B3E70022EDE700BF1405002196
:106420000400AD0B0000AD0B88050021F0B504465B
:10643000164685B019B3344D00F1080735F817201A
:10644000930703D4FFF7D2FE00285AD112F01C0F95
:1064500002D04B78012B54D001238DF80F3000234C
:106460004A1CCDE9001320468B1C0DF10F0103F0EF
:106470003DFB35F8173043F0030325F8173016B904
:10648000224805B0F0BD204A04F1080732F8170091
:10649000830736D5002396F800C020F020004FEA8D
:1064A0008C0101F18241C00401F52041C00CC1F80A
:1064B000103522F81700C1F810357578002DDFD09F
:1064C000D1F81035B67823F4991323F4F853C1F8B2
:1064D0001035D1F810E5230203F47C532D0443EA70
:1064E0000E0305F4403534052B4304F4801440EAD0
:1064F0004C30234340F02000C1F8103522F817003B
:10650000BEE70348BDE700BF140500210000AD0B46
:106510000400AD0B014BC3E90201704714050021D3
:1065200008B50246FFF762FE38B1054B083233F872
:10653000123004485B0B0B7008BD0348FCE700BF3A
:10654000140500210000AD0B0400AD0B38B50F4C55
:1065500094F87850BDB96022294604F1100002F089
:10656000E6FF0A20FDF73CF8094B0A48C3F87C51C6
:10657000D3F87C214FF00042C3F80423012384F8B0
:106580007830636738BD0448FCE700BF140500217C
:1065900000A000410000AD0B0500AD0B034B93F8CC
:1065A0007800003818BF0120704700BF1405002193
:1065B00001460148FFF7E8BD840500210146014876
:1065C000FFF7C6BD8405002137B50446FFF70EFE70
:1065D0001E4B04F1080233F81230E8B113F0020543
:1065E0001AD15B0B9A0002F1824000F5214002F1C2
:1065F0008242056002F520420068D2F8100540F0A2
:106600000100C2F8100529B1012202FA03F3104A71
:10661000C2F8043303B030BDC3F38203042B11D09E
:10662000052B11D001A80194FFF7D0FD019B016952
:10663000D94001F001010231204603B0BDE83040ED
:1066400003F09DBA0321F7E70221F5E714050021C5
:1066500000A0004108B50246FFF7C8FDC0B10F4BCE
:1066600002F1080133F81130990711D401225B0BB4
:106670009A400B499B0003F18243C1F8082303F5BC
:106680002043D3F8102522F00302C3F8102508BDDB
:106690000021BDE80840104603F071BA140500213E
:1066A00000A0004113B5104B00F1080233F812307E
:1066B0000446DB0716D5FFF7CDFF2046FFF7E8FDC0
:1066C00001A80194FFF782FD019B00EB8300D0F845
:1066D000003203F0E04343F00203C0F80032034805
:1066E00002B010BD0248FBE7140500210000AD0B0D
:1066F0000400AD0B2DE9F04F002601223446654B16
:106700006548664987B01D6835B1D0F80453154215
:106710001EBF1C601D68164304338B424FEA4202C1
:10672000F1D15D4BD3F87C31002B00F09680DFF87F
:106730007091DFF87081D9F820300493C9F82030C7
:10674000D8F820300593C8F820304FF0000A0DF13A
:10675000100B4FEA4A13009348E094FAA4F4B4FAF9
:1067600084F4009B504A1C4404F1080332F813706F
:106770000123E00804F0070203FA02F21BF80030DC
:10678000039423EA02030BF8003003A8FFF71EFD71
:10679000039BB908803350F82330C7F382054A07BA
:1067A0002F46C3F301432BD520463946DDB2FFF710
:1067B00027FD03A80394FFF709FD039B803350F8DE
:1067C0002330C3F301439D4207D10021204603F04B
:1067D000D6F92946204603F0D2F903A80394FFF71F
:1067E000F5FC0122039B02FA03F303625BF82A40E3
:1067F000002CB2D1BAF1000F1DD14FF0010AA8E769
:10680000022B0CD10321204603F0B9F905F0050352
:10681000012BE2D139462046FFF7F2FCDDE70221E9
:106820002046019303F0ABF9032DF3D0019B032B1A
:10683000D3D1022DEDE7184BC3F87C41D3F87C315E
:10684000D9F820300493C9F82030D8F82020134319
:106850000592C8F820207FF478AF012416B907B05C
:10686000BDE8F08F96FAA6F3B3FA83F304FA03F2C5
:106870009B0003F1824303F52043D3F81005D3F8BE
:106880001015C0F30520C1F3014126EA0206FFF707
:10689000B7FCE3E700A1004100A0004120A10041B6
:1068A00000058C4100088C411405002170B5084C8E
:1068B0000E462379154643B91220FCF791FE0123B9
:1068C000044823712660A56070BD0348FCE700BF43
:1068D000582300210000AD0B0C00AD0B002330B598
:1068E0000D4A50F8234003F5A2710133102B42F8F2
:1068F0002140F6D10023084A00F13C0103F5B274AF
:1069000051F8045F0133102B42F82450F6D1D0F82F
:106910008030C2F8043330BD002001410123024A17
:106920008340C2F804337047002001410123024A2A
:106930008340C2F8083370470020014130B40C4B4B
:106940000124D3F80C030025034623B930BC094BBE
:106950001A689968104793FAA3F2B2FA82F204FA1D
:1069600002F123EA0103044992008D50EDE700BFD4
:106970000020014158230021002101412DE9F0416F
:106980000E4617460C4D55F8184FAC4203D16FF028
:106990001200BDE8F081314654F8440CA4F14408DB
:1069A00002F08BFD30B9C7F800804046BDE8F041E9
:1069B00003F0EDB92468E8E7642300212DE9F041F4
:1069C00007460D460B4E56F8084FB44202D16FF001
:1069D00001000AE0394654F8240CA4F1240802F01E
:1069E0006CFD20B91DB1C5F80080BDE8F0812468B8
:1069F000EBE700BF6423002110B5044610B96FF027
:106A0000150010BD00680028F9D002F046FD0028EE
:106A1000F5D000212068FFF7D1FFC8B104F11C03B5
:106A2000C4E907330C4B04F12402D96803F10800D0
:106A3000DA60A16260620A601A78062A01D95B688E
:106A40000BB90020DDE70720226804499847F8E7E2
:106A50006FF01000D5E700BF64230021C0B9020128
:106A600010B50446006810B96FF0150010BD02F0B3
:106A700014FD0028F8D0A368012BF5D8064B04F1CB
:106A800044016360054BDA6903F118006064A26495
:106A9000D96100201160E9E79005002164230021FD
:106AA00038B505460D4C20222046002102F03FFD5E
:106AB0002B682846636023462A7903F8082BC4E92B
:106AC000023304F11003C4E9043304F11803C4E9E8
:106AD0000633BDE8384000F003B800BF642300214E
:106AE00008B50248FFF788FF002008BD9005002187
:106AF0000EB4431E062B33B588BF0020094B05ACEE
:106B000054F8045B53F82010074801F0F0FF2146C9
:106B100028460194FBF782FD02B0BDE8304003B087
:106B2000704700BF9CB70201D3B902012DE9F04FB5
:106B30009A46836A06469342174687B041D300259A
:106B40004FF0180BBD4203D1002007B0BDE8F08F15
:106B50000BFB05F8D6F82C90B26909EB0804231D4D
:106B60000593CAB9606961680368B4F80CC0C91AB2
:106B7000A3680CF1030E5C1E04EB0C145B4204EBE7
:106B80004E041C4004EBCC0384680633A14228BFAA
:106B90004FF0FF3103F0C7F859F808303046029340
:106BA000336AA9B21B6A0193109B53F825300093F6
:106BB0005AF82520059B03F008F90028C5D10135B6
:106BC000C0E70148C1E700BF40F4FFFF30B544898A
:106BD0008C4212D3036A013C5D882C4003EBC40352
:106BE00059609A60BFF35B8F026A53880133538008
:106BF000C38C0133C384002030BD0148FCE700BFD3
:106C000041F4FFFF30B4144648B1006A38B133B1E3
:106C1000013404D0446F14B1A44630BC604701482D
:106C200030BC70472DF8FFFF30B4144650B1006AF5
:106C300040B13BB1013405D0D0F8844014B1A44632
:106C400030BC6047014830BC704700BF2DF8FFFFE3
:106C500070B50C46114605461E460C4B20220029F5
:106C600008BF1946204602F004FC049B6662A3623A
:106C7000059B2562E362069B23636A6804F1340383
:106C8000C4E90D526B60A26B136070BDC8BA0201FB
:106C90002DE9F0430E4691461F46054685B0002873
:106CA00068D001F15808404603F028FA781C41D119
:106CB000B46C06F1480314F001040BD00024013435
:106CC000802C55D0620953F8222004F01F01CA40DD
:106CD000D107F4D40121600953F8202004F580671E
:106CE00004F01F04A1400A4343F820200E9B4A46AB
:106CF00002930D9B294601930C9B304600933B4623
:106D0000FFF7A6FF404600F053FC2C7874B196F8CC
:106D100088405CB1AB6A01332ED10021284603F0D4
:106D20001CFA044610B1284603F0EEF9204605B0DF
:106D3000BDE8F083B7F5806FD8D3A7F580637F2BCC
:106D400006F148010FD8580951F8204003F01F03FD
:106D500024FA03F2D2070BD4012202FA03F32343ED
:106D600041F82030C2E7054C404600F021FCDDE749
:106D7000034CF9E7014CD9E70024D7E72DF8FFFFD2
:106D800029F8FFFF2DE9F04385B00F46904603A98F
:106D90000D9A0546994603F0C5FB0446E0B10C9EEA
:106DA000039BD5F8A0009E42A8BF1E460168D0F8FC
:106DB00008C0611A33464A46614528BF4FF0FF318B
:106DC00002F077FF2346424639462846009603F0F4
:106DD0004AFB05B0BDE8F0830048FAE72EF8FFFF54
:106DE00038B50446E0B100F15805284603F044FAEE
:106DF000D4F894309B6953B9D4F88C40103C002CE3
:106E000000DC084C284603F035FA204638BD012B3B
:106E1000F7D1D4F89C0003F059F9A0F11004EEE783
:106E2000014CF2E72EF8FFFF2DF8FFFF2DE9F047A8
:106E30000D468AB09046DDE912978C220021044667
:106E40001E4602F074FB012204F15800114603F0C3
:106E500042FD714BC4F89450C4F870806C62636753
:106E60006E4BA3676E4BE3676E4BC4F880306E4B7E
:106E7000C4F88430D4F89430D3F81880B8F1000FF7
:106E800065D127B9694F38460AB0BDE8F08704F1EB
:106E90008C0397E8030083E80300D4F89400036AA6
:106EA0009B6898470023286100F001006B6184F81B
:106EB0008800B8F1000F5ED1B9F1000FE2D0D9F827
:106EC0000830002B00F0A580594BC4F8A49004931F
:106ED000584B0593584B0693584B0793EB6A1B6826
:106EE000C4F89830EB6A9B69C4F89C3006ABC4F8D0
:106EF000A060009302220021D4F8940004ABFFF7B5
:106F000015FE07460028BED1D4F89C0003F079F89E
:106F1000EB6A1B689E62EB6A9B699E62B8F1000F88
:106F20005FD1C246D4F890300993D4F898305B8989
:106F3000534532D894F88830C4E90044002B57D127
:106F4000D4F894000421036A5B6898479BE7B8F182
:106F5000010FA2D1D4F89400036A1B689847420637
:106F600006D5D4F894000021036A5B689847F1E7DE
:106F70004307EFD591E7B8F1010FB7D12D4B04933B
:106F80002B4B05932D4B06932B4B0793EB6A9B6979
:106F9000C4F89830EB6A1B68A6E74846D4F890100E
:106FA00003F0B2FA0546C8B131680890411AB068DA
:106FB0000022814228BF4FF0FF31D4F89030304694
:106FC00002F0B1FE009501230022D4F8980008A930
:106FD00002F028FF18B90AF1010AA6E71848074687
:106FE00051E794F88830C4E90044002B3FF44BAFDC
:106FF00000230293134B204601933523124A00933A
:1070000004F10801FFF724FEB8F1000F7FF43BAF55
:1070100096E70B4F37E700BF856D020165A20201BD
:107020002FA4020125A5020167A402012DF8FFFF8C
:107030006EBA020174BA02017BA3020173A20201BB
:107040002EF8FFFF85A202017ABA02017FB505463C
:107050000E46074902AC03C984E803000899284694
:10706000009101943146FFF7E1FE04B070BD00BF0E
:1070700044B102010F4B70B553F82040013053F872
:107080002060A64200D870BDD4E900352846984754
:107090006DB138B10028B8BF4042FF28A8BFFF201B
:1070A000EB681870EA68537843F0010353700834B2
:1070B000E7E700BFBCB70201012208B5094B022077
:1070C0001A70FFF7D7FF01F053F90320FFF7D2FF43
:1070D00000F028F9FBF732FA034A137B23F001038F
:1070E000137308BDAF9A00216820002108B503483A
:1070F000034A0021121A03F0A3FA08BDE00600219A
:10710000B09A00210023012270B586B0CDE9042396
:107110000F220193CDE9023218230F4D0F4E03FBCE
:1071200000550F4906EBC016044601EB00214FF451
:10713000807230460B4B009500F098F8737B2C75ED
:1071400023F004037373084B013403EBC423EE6094
:107150006B6006B070BD00BF84230021E81F0021D2
:1071600038B400212BA7020138AC002180B52F4B89
:10717000A6B003F5006282F3088883F30A88E0234F
:107180002B4D002485F822302023EB772C766C766B
:10719000AC7685F820406B6A264E43F4E0236B62A0
:1071A00085F82340FCF700FCFCF7FCF94FF0FF33B7
:1071B000AB62EB62FCF702FEFCF7A8FC40F20113A5
:1071C00006AD2846ADF82430CDE9204401F0B2F8F0
:1071D000B56003F00FFA2046FFF74CFF0120164D73
:1071E000FFF748FF00F09EFD144BB56105930123A6
:1071F000134F14494FF40072CDE9034328463B4630
:10720000CDE90144009400F031F806466A7B284637
:1072100022F004026A7303F019FC2046FFF772FFA4
:107220003A4631462846FCF7B1FA00BF38AC002197
:1072300000ED00E084230021682000217DBA0201D6
:10724000B970020138B5002138B5064C064DAC4284
:1072500001D3002038BD2046D4E9011203F0F4F92F
:107260001434F4E7E8050021FC0500212DE9FF4175
:107270000E9E00F1580506730426C0E91655002538
:10728000044646730D9EC0E906558673D61D0C9ABA
:1072900026F00706C0E91A168560C57305670292D5
:1072A0000B9A01EB060801920A9A00924246FCF7FB
:1072B00051FA054B65659B6803B15B6F4046636798
:1072C00004B0BDE8F08100BF84230021F0B50025A3
:1072D00087B00595109DDDE9127604950F9D044653
:1072E00003950E9D02950D9D01950C9D0095FFF750
:1072F000BDFFB6F1FF3F08BFB7F1FF3F05D056EA2B
:10730000070305D1204600F08DFC204607B0F0BDF4
:107310003A463346024904F1180000F08BFEF4E7C8
:10732000B9A902012DE9F043294C2A4D87B0264620
:10733000AE4204F130040FD300F0C4FC4FF4004619
:1073400040F2E737224CDFF89090AC4220D307B0F0
:10735000BDE8F04300F0CABC54F8043C059354F86F
:10736000103C049354F8143C039354F8183C0293D3
:1073700054F81C3C019354F8203C009354E90A2330
:1073800054E90C01FFF772FF54F8303C5E65CEE71C
:10739000636A5A1C0DD00021384623EAE373C3FB0D
:1073A000060151EAC333D4F8008004D1404600F00E
:1073B00039FC3034C9E74FF47A720023D8F77CFEE9
:1073C00002460B4608F11800494600F033FEF0E78C
:1073D000E8050021E8050021B9A902012DE9F341E2
:1073E000044617461E464FF04003EFF3118883F31F
:1073F0001288BFF36F8FC368334A7BB1806891688E
:10740000884219D057EA060318D188F31188BFF3D0
:107410006F8F6FF00F0002B0BDE8F081916891F9B5
:107420000E100133E36093682161A36088F3118833
:10743000BFF36F8F0020EEE72169F2E791F90E109C
:1074400090F90E306FF07E029942A8BF1946914222
:10745000B8BF11468B422EDD03F073F90546224674
:107460004146CDE90076194800F070FB0028E1D0D4
:107470004FF04003EFF3118683F31288BFF36F8F51
:10748000A068D0B1236821699C420AD04BB193F91E
:107490000E309942A8BF19466FF07E039942B8BFDB
:1074A000194603F04EF940B13146084800F0A8FBF8
:1074B0006FF00A00AFE70025D1E7002DF4D186F385
:1074C0001188BFF36F8FF3E784230021B09A002166
:1074D00038B5836804466BB3194A926893422CD13D
:1074E000C368012B03D9013BC360002038BD4FF0B6
:1074F0004003EFF3118583F31288BFF36F8F0169A7
:10750000806803F01EF9204603F0B0FAA06058B17D
:1075100090F90E2022610022C26703F097FA2946F3
:10752000084800F06DFBE0E7E06085F31188BFF3E9
:107530006F8FDAE76FF01500D8E74FF0FF30D5E72F
:1075400084230021B09A002137B511464FF0400244
:10755000EFF3118582F31288BFF36F8F04689CB13B
:107560002368426823F003039442036008BF43602A
:107570000121204603F05AF9044685F31188BFF330
:107580006F8F204603B030BD51EA0302F5D000F101
:107590000802CDE900131046294600F0D7FA00286A
:1075A000EFD1024B9B685C69EBE700BF84230021AD
:1075B00038B504464FF04003EFF3118583F312888A
:1075C000BFF36F8F03F052FA48B10022C26703F095
:1075D0003DFA2946BDE83840074800F011BBD4E920
:1075E00002329A4218BF01330221A36004F1100055
:1075F00003F042FCEDE700BFB09A002113B54FF055
:107600004004EFF3118184F31288BFF36F8F846815
:1076100044B1013C846081F31188BFF36F8F002077
:1076200002B010BD52EA030406D181F31188BFF302
:107630006F8F6FF00F00F3E7CDE900230246024899
:1076400000F084FAECE700BFB09A00212DE9F04F7A
:1076500004464FF0FF384FF0FF39484E85B04FF0E9
:107660004003EFF3118783F31288BFF36F8FD4F8D1
:1076700080508DB9022104F1980003F03CF90028F4
:1076800043D100233946CDE90089029304F18802F1
:107690003B4800F055FCE2E7D4F884202B68954283
:1076A000C4F8803008BFC4F88430D4F8983043F070
:1076B0000203C4F89830EB6823F0040343F001039D
:1076C000EB606B6887F31188BFF36F8F284698478C
:1076D0004FF04003EFF3118B83F31288BFF36F8FEA
:1076E000EB68990723F0010219D4EA60D4F89830C6
:1076F00023F00203C4F898308BF31188BFF36F8F27
:10770000DB05ACD400F01AFBA9E704F190050022D8
:107710000121284603F000FA0028F8D1B1E73068CB
:1077200023F00303EB600028E0D000273B46D0F8AD
:1077300000A00028DAD04268014695420CD10168C9
:107740009FB972683160824200D1716040F8083B95
:10775000FFF72EFF39460023BAF1000F0BD0DAF8FD
:10776000002050460F469246E3E739607268824235
:1077700008BF7760EAE75246F3E700BFA82300217D
:10778000B09A0021F8B5C36804469A070F46C3F3C0
:1077900040062CD45B071AD40B680BB983680B60C6
:1077A000E368DD0742BFA36802263B603D6858BF1F
:1077B0000126002D3AD01F4B9B68AB420AD0D5F86A
:1077C0009830D807C3F3800214D46FF01206002358
:1077D0003B6025E002F09EFFD5F898300028F0D1FC
:1077E000D907C3F3C002F0D552B15B0708D46FF0DC
:1077F0000F06ECE7002AFAD1C3F3C003002BF6D141
:1078000000232360D5F8843063B9C5E920442846B5
:1078100003F07CF8E36843F00403E3603B68A36093
:107820003046F8BD1C60C5F88440F0E76FF01506DF
:10783000CDE700BF84230021F0B50446002089B0C5
:10784000C4E920000E9D04F18800C4E9220004F17F
:107850009000C4E924001DB32879002840F20110EB
:1078600008BF0120C4F8980000204FF0FF364FF009
:10787000FF37CDE90330CDE90100CDE906672046A9
:10788000084B0094FFF722FD25B1296811B120466D
:1078900002F046FF204609B0BDE8F04002F043BFC9
:1078A0000120DFE74D76020138B5074D2C6854B151
:1078B000FDF7F0FB054B04441C6128680021BDE87E
:1078C000384003F062B938BDB82300218423002179
:1078D00038B50D4D2B4653F81C4F9C4200D004B9CF
:1078E000EC68AB6838B95A7BD20604D1A26912B9E8
:1078F000DA897F2A05D89C4202D02046FFF7D4FFC0
:107900002346AB6138BD00BF8423002170B590F9D8
:107910000D200146002A437B04DA03F07F03437302
:1079200003F02FF8154A4B7B104663F07F034B732F
:1079300050F81C3F146A834208BF002323B9C1E9F1
:107940000004216011620CE091F90E5093F90E6071
:10795000B5420ED0AE420CDD5868C1E9003001607E
:1079600059609068BDE87040431A58425841FFF78B
:10797000AFBF9C42E3D01B68E0E700BF8423002137
:1079800070B490F90D30427B002B29DBD30627D150
:1079900083692BBB134962F07F0242730A4652F897
:1079A0001C4F944218BF23460C6A23B9C0E9002437
:1079B000206008620CE090F90E5093F90E60B54219
:1079C0000AD0AE4208DD5A68C0E900321060586043
:1079D000002070BCFFF77CBFA342E7D01B68E4E740
:1079E00070BC70478423002108B590F90D20014632
:1079F000002A437B04DA03F07F03437302F0C1FFE4
:107A0000044B9868431A58425841BDE80840FFF7B4
:107A10005FBF00BF842300212DE9F04106461546D3
:107A20001C464FF04003EFF3118783F31288BFF336
:107A30006F8F02F0E3FF87F31188BFF36F8FB4F10C
:107A4000FF3F08BFB5F1FF3F08D02A46234606F1A5
:107A500018000349BDE8F04100F0ECBABDE8F08140
:107A6000B9A90201F8B504460D464FF04003EFF303
:107A7000118783F31288BFF36F8F00264FF4004CF9
:107A800040F2E73031464FF47A720023E4FB0C01F8
:107A9000D8F712FBB44202DD0228B8BF0220074A21
:107AA000074B1060074A98681E611560FFF7FCFEDF
:107AB00087F31188BFF36F8FF8BD00BFB823002193
:107AC00084230021B423002138B54FF04003EFF3A5
:107AD000118583F31288BFF36F8F174B174A9C6889
:107AE00011688C4207D12046FFF7DEFE85F311882E
:107AF000BFF36F8F38BD00211160114A1268C2B107
:107B0000E2897F2A15D8627BD20612D10D4A94F9F8
:107B10000E10126891420CDB0B4A944209D01A698C
:107B2000824203DC2046FFF7F1FEDCE7121A1A61FD
:107B3000DCE70022FBE700BF84230021B023002103
:107B4000B8230021B4230021E81F002110B50C4602
:107B5000064B11469868064B1860DDE90223FFF7D3
:107B60005BFF2046BDE81040FBF79EBD842300214B
:107B7000B0230021F8B504464FF04003EFF311861F
:107B800083F31288BFF36F8F437B49B2DA0619D1B2
:107B90008569BDB903F07F03437302F0F2FE437BB6
:107BA000164A63F07F0343731346817353F81C0F27
:107BB000984218BF0546106A5DB9C4E900300460F8
:107BC000146211E00020A17386F31188BFF36F8F58
:107BD000F8BD95F90E70B9420BD08F4209DD6B6884
:107BE000C4E900531C606C600120FFF771FE0120A6
:107BF000EAE7A842E1D02D68DEE700BF8423002138
:107C000049B9EFF3058030B9054B9A699B689A42F0
:107C100001D0FBF749BD81F31188BFF36F8F704727
:107C20008423002110B54FF04002EFF3118482F35A
:107C30001288BFF36F8F427B510704D484F31188FD
:107C4000BFF36F8F10BD22F004024273FFF798FE5E
:107C50002146BDE810400148FFF7D2BFB09A00218D
:107C600070B50446183002F07AFF4FF04003EFF38E
:107C7000118683F31288BFF36F8F94F90D20637B15
:107C8000002A05DA03F07F032046637302F079FED1
:107C90000B4D637BA86843F010036373031B5842CA
:107CA0005841FFF715FE86F31188BFF36F8FAB685D
:107CB000A34203D1BDE8704002F014BF70BD00BF05
:107CC000842300214FF04003EFF3118183F31288E6
:107CD000BFF36F8F044B9A68D37B013BD37381F35F
:107CE0001188BFF36F8F70478423002110B54FF0C8
:107CF0004003EFF3118483F31288BFF36F8F084BB7
:107D000000209A68D37B0133D373FFF7E1FD84F33E
:107D10001188BFF36F8FBDE8104002F0E3BE00BFD3
:107D2000842300210021044B084603F11C02C3E90F
:107D30000722FFF797BE00BF84230021F8B54FF05C
:107D40004003EFF3118583F31288BFF36F8F194956
:107D50008868437B03F07F03437302F012FE0846FA
:107D60008B685A7B62F07F025A7350F81C2F0C6AA2
:107D7000824208BF002222B9C3E9000423600B62DB
:107D80000CE093F90E6092F90E70BE420ED0B7422D
:107D90000CDD5168C3E900210B6053600120FFF73F
:107DA00097FD2846BDE8F840FBF77EBCA242E3D031
:107DB0001268E0E78423002150EA01032DE9F04135
:107DC00005460E4603D1FFF7B9FF00202CE0831CC7
:107DD00071F1FF332ADB02F0F4FE44194FF0400347
:107DE000EFF3118883F31288BFF36F8F114F124B9B
:107DF000B8681860FFF7F8FDB86810492A4633469E
:107E0000183000F017F9BA684046537B43F010036E
:107E10005373FBF749FC02F0D4FE201A63EB030313
:107E2000012873F10003D0DBBDE8F0816FF001049D
:107E3000241AD3E784230021B0230021B9A9020129
:107E4000B1F1FF3F08BFB0F1FF3F08B506D1084BC5
:107E50009868FFF705FF4FF0FF3008BDFFF7ACFF54
:107E60004FF47A7380FB0303C00B40EA4340F4E70E
:107E700084230021014B9868704700BF84230021B0
:107E80002DE9F04104464FF04003EFF3118683F3F0
:107E90001288BFF36F8F037BD9070BD586F3118848
:107EA000BFF36F8F404080F311884FF0040002DF72
:107EB000BDE8F081437B1A0704D586F31188BFF330
:107EC0006F8FF5E723F0200242F00801D20920D19C
:107ED0004173A36813B1204602F05BFD04F1180062
:107EE00002F03DFE4FF0000804F15807A56DBD42B9
:107EF00000D0B5B90120FFF7EBFC104B9B68A34203
:107F0000DBD1EFF30583002BD7D13046FBF7CCFB59
:107F1000D3E703F05F0343F00803437302F031FD3E
:107F2000D7E7284602F035FD05F1180002F017FEEC
:107F30002846C5F87C80FFF723FDD7E7842300217E
:107F4000D3B5DDE90667089CCDE90067FFF7FEFDC4
:107F50001CB1034B9B685B69236002B0D0BD00BFBE
:107F60008423002108B50648064A0749121A02F080
:107F700069FBBDE80840054A0549064802F062BBB6
:107F800000000021DC06002100BB0201000000000F
:107F900000BB020100000021034B1B680BB9FDF779
:107FA00079B80020704700BFBC23002110B5114BE9
:107FB0001C689C420AD1FFF7EFFF6FF000400E4BA8
:107FC0001B6913B19842A8BF184610BDFFF7E4FF24
:107FD000002CF2D0D4E904321B1A62EBE072B3F148
:107FE000004F72F10001E8DA002AACBF1846002009
:107FF000E5E700BFBC0500218423002130B570B146
:108000000B4B5B6898420AD0036843B1D3E9042163
:10801000D0E90445121941EB0501C3E90421D0E977
:10802000003213605A600023C0E9003330BD00BF46
:10803000BC050021B3F1FF3F08BFB2F1FF3FF8B527
:1080400004461D46164661D081604FF04003EFF3B1
:10805000118783F31288BFF36F8F013275F1FF33FD
:1080600024DA6FF001032F49D1E900209B1A4FF069
:10807000FF3262EB00009E1B60EB0500012E70F1E9
:10808000000301DA01260020C4E90460264ED6F878
:1080900000C07568B44508BF4FF0000CBCF1000F7C
:1080A0000DD1C4E900652C6074601CE0FFF774FF1B
:1080B000013645F10005361845EBE070E4E7DCE9F0
:1080C0000420D4E90431934271EB000E1FDAD21A76
:1080D000DCF8043060EB0100CCE90420C4E900C303
:1080E0001C60CCF804403368B3420BD09C4209D1E9
:1080F000FFF75CFF18B10D4B1B69834202D00021D2
:10810000FCF798FF87F31188BFF36F8FF8BD9B1AB8
:1081100061EB0001AC45C4E90431C2D0DCF800C019
:10812000BCE700BFE8200021BC050021842300211A
:108130002DE9F8430446FFF7C7FC4FF04003EFF387
:10814000118683F31288BFF36F8F244FDFF890807E
:10815000D8F80000234A40453C604FEAE471D2E978
:10816000003E0BD050B1D0E9045CAC4271EB0C097D
:1081700017DA2D1B6CEB010CC0E9045CE3184FF01F
:1081800000044EEB0101C2E900313C60FFF70EFF35
:108190002146FCF74FFF86F31188BFF36F8FBDE8D0
:1081A000F883EB184EEBE571C2E9003100220023A1
:1081B000C0E90423FFF722FF86F31188BFF36F8F16
:1081C000836898474FF04003EFF3118683F31288DA
:1081D000BFF36F8F3C68641BBAE700BFBC2300216C
:1081E000BC050021E820002110B54FF04003EFF35B
:1081F000118483F31288BFF36F8FFFF7CDFE034620
:10820000054AD2E90001181841EBE37184F31188A3
:10821000BFF36F8F10BD00BFE82000212DE9F347A9
:108220001D46294B16469F68012387F8603087F862
:10823000613052EA05030CBF0123002307F16002FD
:10824000804602F019FD81464FF04003EFF3118A9A
:1082500083F31288BFF36F8F97F8604064B90146CB
:108260005246404602F0D9FD8AF31188BFF36F8F62
:10827000204602B0BDE8F087002387F8603056EA58
:10828000050306D18AF31188BFF36F8F6FF00A04DC
:10829000EEE75146CDE900650C4A0D48FFF756FC64
:1082A00004464FF04003EFF3118583F31288BFF3C8
:1082B0006F8F2A464946404602F0AFFD85F311888C
:1082C000BFF36F8FD4E700BF84230021C4050021D2
:1082D000B09A002138B503464FF04002EFF3118504
:1082E00082F31288BFF36F8FC16001218160006843
:1082F000834206D185F31188BFF36F8F0024204697
:1083000038BDD0E9003213605A600023C0E9003361
:1083100002F029FD294604460148FFF771FCEEE70B
:10832000B09A00210A460146014802F0BBBD00BFD9
:10833000E8050021014B4367704700BFE8050021B5
:1083400038B504460D4602F0E5F920B9064B9B68A6
:108350005B6F0BB938BD054B2A4621461846BDE870
:10836000384002F09FBD00BF84230021E8050021B2
:10837000024A0349034800F0BABB00BFC8BA020171
:1083800082BA0201A2BA02011FB50024084B4FF4C1
:108390000072029302AB009306494FF0FF33064888
:1083A0008DF80C40FFF748FA204604B010BD00BF1E
:1083B000C9BA020138D70021F020002130B599B0A8
:1083C0000546684600F02AF86946044608A800F009
:1083D00055FA034608A928461C4300F08BF92046AD
:1083E00019B030BD70B598B005466846164600F025
:1083F00015F83146044608A800F048F9034608A9D4
:108400006A4608461C4300F083F9034608A928463B
:108410001C4300F06DF9204618B070BD38B50B68EC
:10842000124D1BBAC3614B682A461BBA83618B6825
:1084300004461BBA4361CB681BBA03610B691BBAC4
:10844000C3604B691BBA83608B691BBA4360CB69FD
:1084500001461BBA0360D7F769FE034620461C4657
:1084600029461A46D7F782FE601E38BDD4B70201EE
:108470002DE9F04106460C46904688B0684602F168
:10848000200106F12007D8F71DFA6A4669466846BA
:10849000D8F72AF969463846D8F714FA3A463946E1
:1084A000384604F12005D8F71FF96A466946684640
:1084B000D8F71AF941462846D8F704FA6A464146E1
:1084C0003046D8F7E7F92A4629466846D8F70CF926
:1084D0002A4669466846D8F707F969466846114A48
:1084E000D8F702F969462046D8F7ECF9324621461A
:1084F0002046D8F737F9324621462046D8F732F9D8
:10850000224631462846D8F72DF96A46294628469C
:10851000D8F7C0F93A4629462846D8F723F908B0D3
:10852000BDE8F08174B80201F0B504460D4699B07B
:108530002A4668462146D8F715F969466846D8F7AD
:10854000C1F96A46214608A805F1200604F1200772
:10855000D8F7A0F96A4629466846D8F79BF932460B
:10856000394610A8D8F7C0F8324639463046D8F711
:10857000F9F831462846D8F7A5F96A46204608A9F1
:10858000D8F7B2F8224629462846D8F7EBF86A46CB
:10859000684608A9D8F7E6F86A4639463846D8F753
:1085A00079F92A46684608A9D8F7DCF86A463146C0
:1085B0003046D8F76FF93A4631463046D8F7D2F808
:1085C000684610A9D8F77EF9224669462046D8F7B2
:1085D000C9F808A922460846D8F7C4F810A90846E1
:1085E00008AAD8F757F93A46384610A9D8F7BAF882
:1085F00019B0F0BD2DE9F04105460C46904688B013
:108600000A4668462946D8F7ADF869466846D8F75D
:1086100059F96A462946284604F12006D8F73AF95E
:1086200005F120076A4621466846D8F733F93246F5
:1086300039463046D8F796F831462046D8F742F901
:108640002A4621462046D8F78DF86A46214620461C
:10865000D8F788F86A4629464046D8F783F8424654
:1086600039463846D8F716F9224629466846D8F7DB
:1086700079F86A4631463046D8F70CF93A46314621
:108680003046D8F76FF808B0BDE8F08170B5044601
:108690000D4690B004F1200600F014F9304605F1C3
:1086A000200100F00FF9214608A8D8F70BF908A916
:1086B00008460D4AD8F718F808A922460846D8F700
:1086C000E9F808A90846094AD8F70EF8314668467D
:1086D000D8F7F8F8202269460DEB0200D7F7D6FF4D
:1086E000013810B070BD00BF74B8020194B8020127
:1086F00000F002B938B505460C4600F0FDF805F16A
:10870000200004F12001BDE8384000F0F5B800BFBA
:1087100013462DE9F047B8B08946544A19468046B9
:1087200010A8D7F703FD5249024610A8D7F71EFD3F
:108730000746179E4D4907EAD676C6F1010210A8F2
:10874000D7F714FD179C4A46E44328A918A8FFF759
:108750008FFEE40F20A90846C4F101024FF0FE0A83
:10876000C7F1010700F090F825466A4618A928A825
:10877000FFF740FF4FEA6A1338AA02EB830353F86E
:10878000A04C0AF01F03DC4004F0010465402A46B7
:1087900028A918A8D7F746FD2A4630A920A8D7F758
:1087A00041FD0AF1FF3A28A918A8FFF7BDFEBAF16A
:1087B000FF3FD9D1C4F1010220A908A800F064F854
:1087C00066406A4618A928A8FFF714FF324628A970
:1087D00018A8D7F727FD324630A920A8D7F722FDE1
:1087E00008A96A460846D8F755F808A9084600F0CF
:1087F0009DF808A908F12004084609F12002D8F7DD
:1088000049F8204620A908AAD8F744F808AA6846DB
:1088100018A9D8F73FF869466846D8F753F818AA58
:10882000694608A8D8F736F821466846D8F74AF8C6
:1088300008AA69461046D7F795FF68460D4A08A969
:10884000D7F790FF20462021D7F734FF024608A92A
:10885000534268461F43D7F7E5FC40466946064A3F
:10886000D8F718F8384638B0BDE8F087B4B8020138
:1088700034B8020194B8020154B802010A46014911
:10888000FFF746BFF4B7020170B588B004460D4645
:10889000164600212022684600F049FE00232946A2
:1088A00020222046009300F037FE2A46694668469B
:1088B000D7F758FF324669462046D7F7B3FC08B0D1
:1088C00070BD00BF0B681BBAC3614B681BBA8361E4
:1088D0008B681BBA4361CB681BBA03610B691BBA77
:1088E000C3604B691BBA83608B691BBA4360CB6959
:1088F0001BBA0360704700BFCB691BBA03608B696A
:108900001BBA43604B691BBA83600B691BBAC36017
:10891000CB681BBA03618B681BBA43614B681BBAF7
:1089200083610B681BBAC361704700BF70B50D4609
:10893000052498B0064610A8D7F7C4FF2A46684613
:1089400010A9D7F7A7FF694610A8D7F7BBFF10A952
:108950000846D7F7B7FF6A4610A908A8D7F79AFFC5
:1089600008A910A8D7F7AEFF10A90846D7F7AAFFA5
:1089700010A90846D7F7A6FF10A90846D7F7A2FF07
:1089800010A908AA0846D7F785FF10A90846D7F707
:1089900099FF10A90846D7F795FF10A96A4608A8BD
:1089A000D7F778FF08A910A8D7F78CFF10A90846B9
:1089B000D7F788FF013C10A9F5D1084608AAD7F7D8
:1089C00069FF052410A90846D7F77CFF10A90846BF
:1089D000D7F778FF013CF5D110A908AA0846D7F7C8
:1089E00059FF10A908A8D7F76DFF08A90846D7F7BF
:1089F00069FF08A96A466846D7F74CFF1024694604
:108A000010A8D7F75FFF10A90846D7F75BFF013C16
:108A100010A9F5D12A460846D7F73CFF402410A9F3
:108A20000846D7F74FFF10A90846D7F74BFF013C80
:108A3000F5D110A96A460846D7F72CFF102410A9D3
:108A40000846D7F73FFF10A90846D7F73BFF013C80
:108A5000F5D110A96A460846D7F71CFF102410A9C3
:108A60000846D7F72FFF10A90846D7F72BFF013C80
:108A7000F5D110A9084608AAD7F70CFF2A463046B8
:108A800010A9D7F707FF18B070BD00BF7047704737
:108A9000034640B1426802F00302022A06D0032ACC
:108AA00004D0012A05D06FF0150070471A68002A1B
:108AB000F9D000209860704710B54268034602F074
:108AC0000302022A4FF00004816007D0032A02D07B
:108AD0005C60002001E018685C6010BD18685C6094
:108AE0000028F6D0FFF7F6FBF3E7002070470FB43D
:108AF00007B504A951F8040B0191F9F78FFD03B0F4
:108B00005DF804EB04B07047038B13F0070305D145
:108B10000368002B0CBF002003207047022B05D1F7
:108B2000408BB0FA80F0400980007047012B05D1DE
:108B30000368002B0CBF0020052070470020704701
:108B400010B50C4600B111B96FF0150010BD081D2D
:108B5000FFF79EFF0028F9D1A368032BF6D9F3E7AE
:108B60002DE9F0410D4607461946281D90461E4640
:108B7000FFF7A2FF044638B133464246294638463D
:108B8000A446BDE8F0416047BDE8F08110B44FF065
:108B90004004EFF3118284F31288BFF36F8F4161B9
:108BA00010BC0121F9F748BD38B50C46054658B14F
:108BB00051B10B6843B14B6833B11C22002100F066
:108BC000B6FC00202C6138BD6FF01500FBE770B5D6
:108BD00005460E46FFF7B4FF041E15DB4FF04003B9
:108BE000EFF3118283F31288BFF36F8F4FF6FF719B
:108BF0006B8B2C8B8B4204F0070407D182F3118816
:108C0000BFF36F8F6FF00A04204670BD022C0CD1A9
:108C100001336B8382F31188BFF36F8F00232246E9
:108C200031462846FFF79CFFEEE7062C14D8DFE814
:108C300004F004131313041A0400002333606B6858
:108C40003BB9C5E90066ACB902212846F9F7F4FC46
:108C5000DAE71E606E60F6E782F31188BFF36F8F6C
:108C60006FF00404D0E782F31188BFF36F8F6FF0C9
:108C70008504C9E782F31188BFF36F8FC4E7044608
:108C800008B5084611461A46A047FFF7F3F8FAF769
:108C900027FF00EBC100408840087047F8B5034645
:108CA000FFF7F7FFB0FA80F0C0F11F0003EB800C74
:108CB000DCF81060CA00171D0C4606328DB256B99A
:108CC000012101FA00F0D9680143D960CCF81040C5
:108CD000DD539D52F8BDF1000431585AD85303EBCF
:108CE000C0009E52C5805D52F4E710B500EBC10490
:108CF000E388994202F104010AD1012303FA02F246
:108D0000C36823EA0203C360002340F8213010BD8A
:108D1000A28840F8213000EBC20100EBC300CB80F9
:108D20008280F4E708B50346FFF7B3FFB0FA80F29C
:108D30001846BDE80840C2F11F02FFF7D6BF2DE973
:108D4000F843B1FA81F5C5F11F0900EB8908D8F89D
:108D5000102003460E46C2B10327D8F8104018462B
:108D60002146FFF796FFB04206D34A461846FFF762
:108D7000BCFF2046BDE8F88303EBC404E088013F54
:108D8000C8F8100001D08242E7D14FF0FF34C5F19E
:108D900020029440DA681440EBD094FAA4F2B2FABC
:108DA00082F2111D53F821402146DFE738B5034612
:108DB000FFF76FFF0D46044611461846FFF769FF9F
:108DC0000444600003EBC50568801846FFF761FFA7
:108DD000014423F8314038BD38B50C460346FFF74F
:108DE00058FFA51A511A054403EBC40448006080DB
:108DF00003EBC2006C00448023F832101846114681
:108E0000FFF747FF014423F8315038BD38B5054618
:108E1000FFF73FFF0C46014405EBC1035B88DA070F
:108E20000AD42846FFF77EFF21462846FFF731FF88
:108E300022182846FFF7BAFF35F83410611A05EBFF
:108E4000C1035B88DB070CD42846FFF76BFF35F8BE
:108E500034102246611A2846FFF7A8FF35F834304F
:108E6000E41A21462846BDE83840FFF717BF61B134
:108E700000680439091A21F0070303445A88C90815
:108E800022F001025A80FFF7C1BF704770B5056834
:108E900009B9002070BDAB68B3EBD10FF9D90B3124
:108EA000CC0821462846FFF74AFF06460028F0D0A6
:108EB00001462846FFF7EDFEA04207D928463219A1
:108EC000FFF78AFF11462846FFF7E8FE05EBC602CA
:108ED00010465388043043F001035380DAE72DE94C
:108EE000F84301F1FF3919EA01090F4614460668F3
:108EF0000CD04B420B40042B1A464F4628BF04228D
:108F0000994664B900252846BDE8F883042904D8A9
:108F1000BDE8F8431146FFF7B9BF0422F1E7B36893
:108F2000B3EBD40FEED904F10B013944891A304662
:108F3000C908FFF704FF80460028E3D009F10405C3
:108F400005EBC0057B1E35441D447F423D40A5EB2B
:108F500009052C442B1F07349B1B24F00704A41B7A
:108F6000B0EBD30F4FEAD3074FEAE40408D201462F
:108F70003A463046FFF730FF41463046FFF78EFE57
:108F800039463046FFF785FE3844844207D23046E2
:108F90002246FFF721FF21463046FFF77FFE06EB12
:108FA000C706738843F001037380ACE7F0B404464E
:108FB000043AC81D114420F0070021F007010E1AE1
:108FC000F308B3FA83F2206000270446C2F12405B7
:108FD000AD008360073544F80C7FC2F12002E90838
:108FE00004EB820244F8047F9442FBD14A0042F031
:108FF000010242805A1A550000EBC10407806580C7
:10900000841920F8311000EBC303678082535A881B
:1090100042F001025A80F0BCFFF740BE2DE9F84F44
:109020009A46D37880466F2B0F461546A3F1410B25
:1090300029D024D8582B0CBF10260A26DDF82890FA
:109040003246002340463946D7F736F8092AD4B2CB
:109050001ED83034B045E4B277F1000709F8014D6D
:1090600001D3D14511D82B789B0605D5082E15D1F3
:10907000AB7843F00803AB704846BDE8F88F03F0C7
:10908000F703702BD7E70826D8E780460F46D7E7C7
:10909000BBF1190F94BF37345734DBE7102EEBD1F7
:1090A000AB7843F01003E6E72DE9F0410746884628
:1090B00015461E461446B44205D30EB1601B08E0A7
:1090C0002378002BFAD0414614F8010BB84700284A
:1090D000F1DABDE8F081704720B183682BB11B68DD
:1090E00033B118476FF0150070476FF004007047F8
:1090F0001846704730B450B149B142B1846854B198
:10910000A56845B141F8040BA36830BC18476FF05F
:10911000150030BC70476FF00400FAE730B4134616
:10912000044650B1006860B182686AB155685DB1AB
:109130000A46AC46616830BC60476FF0150030BC31
:1091400070476FF00100FAE76FF00400F7E703697A
:10915000D3F8500370476FF085007047084608B594
:10916000114618B101F01AF8002008BD6FF0010097
:10917000FBE7084608B5114618B101F007F80020D2
:1091800008BD6FF00100FBE713B5044608462169EE
:1091900001F55371D1E8AF1F022909D15BB168B164
:1091A00000931346D0E90912FDF73EFD02B010BD51
:1091B0006FF00F00FAE76FF04C00F7E76FF0010077
:1091C000F4E72DE9F8431C46DDE9085316469846B6
:1091D0000F46006939B34AB344B36A1C43F1000334
:1091E000022A73F1000324D2226842B1D0F850332E
:1091F0009A4204D96FF00B002360BDE8F88305EABA
:10920000080909F101035A425A412146384600F043
:10921000CDFF88B9B8F1FF3F08BFB5F1FF3FF0D0EF
:109220006FF06800E9E76FF00100E6E76FF0150006
:10923000E3E76FF08500E0E730600020DDE700F055
:10924000FABF38B50D46044600F14001284600F04B
:1092500034F930B1284604F1B00100F02EF920B9FC
:109260000120702303FB004038BD0020FCE702F51D
:10927000267102F52A7001F06DBBD0F8B030A0F570
:109280002670003B18BF012300EB8300D0F8840256
:1092900000F02EBF10B50846029B114652B993F854
:1092A00064202AB90122184683F86420F9F7A4FE45
:1092B000002010BD9A6E5468002CF9D0DA6EA047D9
:1092C000F6E7CB6833B1C86883681B6813B1002226
:1092D000096918477047FEF7FBB810B54368046981
:1092E0001B68C4F8483304F5CE7001F032FA002050
:1092F00004F55374D4E8EF3FC4E8E20F002AF9D133
:1093000010BD2DE9F34117460D4679B30B786BB3C9
:10931000D0F8A440A4F5C47814344FF0FF324FF0D5
:10932000FF332046FEF75AF82A46404601A9F9F7CE
:109330009DFE019E2EB9204602B0BDE8F041FFF728
:10934000CABF58B12046FFF7C6FF3B462A46314602
:10935000404602B0BDE8F041F9F766BE202229463A
:1093600006F1400000F085F83766E4E702B0BDE89A
:10937000F08110B50C46036903F55373D3E8AF3F92
:10938000022B0AD161B1084600F055FF702200217E
:10939000204600F0CCF8002010BD6FF00F00FBE776
:1093A0006FF00100F8E700F046BF0268D2F8E03045
:1093B00013B1D2F8DC10184770477047836913B9AE
:1093C000D0F8883019707047012070478369012BED
:1093D00004D1D0F888301878C0B2704704207047A4
:1093E00038B5C4003434204601F076FD054618B186
:1093F0002246002100F09BF8284638BD01F005B94F
:109400000146006801F001B900210120FFF7F6BF15
:1094100008B5FAF72FF9BDE80840FAF7DFB9836E0F
:1094200083F30B88704740E800F313F4803FD8B211
:1094300008BF6FF0150070477FB50A894E890B6829
:109440004D6802F01F0242EA461200938DF8082090
:1094500023F01F036A1E134423F01F0307280393FE
:1094600004D86946FAF76EFB04B070BD6FF01500C2
:10947000FAE7034610B5013922B900211A44934294
:1094800008D110BD11F8014F002CF6D003F8014BA4
:10949000013AF1E703F8011BF1E7034600201A5CEB
:1094A00002B970470130FAE7034600201A5C0AB19E
:1094B000884200D170470130F8E7431E013913F8A4
:1094C000012F11F8010F824201D1002AF7D1101AA1
:1094D000704770B50B46054662B110F8016B1C78F9
:1094E0000131B44200D11CB92A781B78D01A02E0AD
:1094F000013AEFE7104670BD10B55AB10139841832
:1095000010F8012B11F8013FA04201D09A42F7D088
:10951000D01A10BD1046FCE710B5431E0A44914214
:1095200000D110BD11F8014B03F8014FF7E70346D6
:10953000C9B20244934200D1704703F8011BF9E716
:109540004FF0FF3070470120FAF776BC7047416A50
:1095500049680968FAF704BD70B50646FDF7F4FFDF
:10956000054628B10446637913F0010302D1236054
:10957000284670BD002300223046FDF7E5FF6379E1
:10958000206023F0010363710446ECE783680B4419
:10959000036070470A4610B4146814B910BC01F097
:1095A0005BB9537943F0010353712246F4E7838892
:1095B000026819448180D018704730B484880568E7
:1095C000A3188380281930BCFFF7A6BF0268531E7A
:1095D000036083880133838002F8011C704783880D
:1095E000C2888168D21A03685B1AD01A70470C22AD
:1095F0000369C9B201FB0233186C00F00700704721
:109600004FF04003EFF3118283F31288BFF36F8FA3
:10961000036803F0C00343F00203036082F3118880
:10962000BFF36F8F704770B5C9B203694FF0400444
:10963000EFF3118584F31288BFF36F8F0C2606FBBE
:109640000134246C14F0C00408D0A24206D085F383
:109650001188BFF36F8F4FF0FF3070BD012206FB02
:1096600001331A6485F31188BFF36F8F436803EBEE
:10967000C1035B6898470020EFE78022FFF7D3BF64
:10968000F8B5069F0469C9B24FF04005EFF31186A3
:1096900085F31288BFF36F8F0C2505FB0144256C01
:1096A00005F0070CBCF1010F0CD1276486F311887B
:1096B000BFF36F8FC4E90E23436853F831309847E6
:1096C0000020F8BD05F0C005AF4286F31188BFF356
:1096D0006F8F0CBF6FF077004FF0FF30F1E713B5DD
:1096E00080240094FFF7CCFF02B010BD10B41C24FE
:1096F0000069CBB203FB0400002110BC104700201E
:10970000FCF7C4BC002000F0E6B91046FDF750BFDE
:10971000436800205B681B690B607047436802EA7E
:1097200001005B6821EA020198600020D96070475F
:10973000436800205B6899607047436800205B685D
:10974000D960704743685A68536821EA03000B40A8
:1097500090600020D360704710B50369586848B125
:10976000884213D19C680868A142586000D1986073
:10977000002008607AB9002010BD814206D1086837
:10978000206098688142F3D19C60F1E7044600684C
:109790000028F2D13AB15A680A609A685960002AE2
:1097A000E9D19960E7E76FF01500E5E70B4602693C
:1097B000D2E9010183E803000020704743681B6879
:1097C000D3F88004C3F880047047436802691B68BB
:1097D000D3F8100150B10020526912780A70C3F812
:1097E0001001D3F8102101221A6070474FF0FF30AA
:1097F000704702680346D2F8580140B95B689B077E
:1098000006D4D2F82001003818BF0120704701208B
:10981000704742681368D3F80413C90518D5D3F804
:109820002011A9B14FF04000EFF3118180F31288AD
:10983000BFF36F8FD3F8200130B10020C3F82001AF
:10984000D3F820010120D86081F31188BFF36F8F16
:109850005268D20615D54FF04001EFF3118281F323
:109860001288BFF36F8FD3F8581111B10021C3F8DC
:1098700000154FF48001C3F8081382F31188BFF379
:109880006F8F704770B56FF0604643681360057A5C
:109890004468354404EBC504A34202D96FF00100CB
:1098A00070BD5C798C4201D00833EFE70020F7E708
:1098B00010B500690F299FBF00EB810440F82120FB
:1098C0002364002088BF6FF0150010BD0020704792
:1098D000102070472DE9F04104460D464FF0010875
:1098E000D1F880700CB9BDE8F08194FAA4F3B3FA12
:1098F00083F155F8216008FA01F324EA030405EB2B
:109900008102002EEED000233846126CB047E9E702
:109910000F290ED843685B68CB40DB0709D50122CD
:109920008B00DBB203F1824303F5903300201A6011
:1099300070476FF01500704738B50F290C46056960
:1099400033D843681B68CB40DB072ED5D5F884108D
:1099500021FA04F303F001031AB99BB96FF0770001
:1099600022E0002BFAD111B91220F9F739FE0122B9
:10997000D5F88430A2401343C5F88430E0B2FCF738
:10998000CDFF0AE0E0B2FCF7D1FF0122D5F8843028
:10999000A24023EA0203C5F88430D5F8843013B915
:1099A0001220F9F72BFE002038BD6FF01500FBE701
:1099B000002008B5FAF74AF8FFF769B8FBF7ECBCE6
:1099C00038B58389054673B3037DA3B1022B2AD131
:1099D0004FF0FF304FF0FF31FBF702FC044640B977
:1099E000A868F5F7C5FE0446FBF702FCB4B1FBF727
:1099F000E7FC204638BD4FF0FF304FF0FF31FBF75A
:109A0000EFFB04460028F4D1A868FBF741FD0446AB
:109A1000FBF7EEFB002CECD1FBF7D2FC2846FAF763
:109A200031FB0024E5E76FF01504E2E7FBF7DCBC4F
:109A300001F12003013813F8012D8B4200F8012FAA
:109A4000F9D170470021FCF79BBA90F8401001292A
:109A500001D8FCF795BA12207047404080F3118876
:109A60004FF0030002DF7047684620F007018D4683
:109A700001B5DAF727F9F9F7B1FEBDE801408546EF
:109A8000704708B54FF0FF314FF0FF30FBF7A8FBF0
:109A9000F5F73DF9BDE80840FBF7AABB684620F0A2
:109AA00007018D4601B5DAF77DF8BDE8014085462E
:109AB0007047684620F007018D4601B5D9F732F8A6
:109AC000F9F78CFEBDE801408546704708B5F5F70B
:109AD00091F9002008BD012801D1DAF7E3BB7047F6
:109AE0007047DAF737BC004701F06FB8F7B5164694
:109AF000DDE90847019001A81D46FCF767FB019BC3
:109B0000B6F1000C18BF4FF0010C00EB83000B1EE8
:109B100018BF0123002D43EA4C0314BF4FF00C0C77
:109B20004FF0000C002C43EA0C0314BF4FF4706C90
:109B30004FF0000C002F43EA0C0314BF4FF4403CDD
:109B40004FF0000CD0F8002243EA0C0322EA030392
:109B500001B109780EB13678760019430DB12D7830
:109B6000AD0031430CB12478240229430FB13F7872
:109B70003F040C433C43C0F8004203B0F0BD1FB5A6
:109B80000DF10F03019300238DF80F101A461946AB
:109B90000093FFF7ABFF05B05DF804FB73B50C460F
:109BA0001546064618B96FF0150002B070BDFFF7F4
:109BB00074FC0028F7D0002CF5D02046FFF76DFC90
:109BC0000028F0D0002DEED0304601A9FCF7F6FEBB
:109BD0000028EAD1019883682BB12A46214602B0B9
:109BE000BDE8704018476FF01200DEE72DE9F04342
:109BF00089B0109E0446894690460021202268467E
:109C00001F46129DFFF793FC1F2E97BF01234FF0B5
:109C1000FF33B34003F1FF332361119BC4E9009884
:109C2000C4E902766361183445B10FCD0FC495E8DD
:109C30000F0084E80F0009B0BDE8F0836D46F4E73B
:109C400073B50468661C31D08568A9422ED26418A9
:109C50002CD05E18AE4288BF6B1A056A35B10093EE
:109C60000523A8470346184602B070BDBFF35B8FBB
:109C70001946A41A101919B140EA0205AD070AD114
:109C800003290DDC013811448A42ECD010F8014F51
:109C900002F8014BF8E70078013902F8010BE9E717
:109CA00050F8044B043942F8044BE9E76FF0210304
:109CB000D9E773B50468651C32D08568A9422FD2F4
:109CC00064182DD05E18AE4288BF6B1A456ACDB1BC
:109CD00000930523A84702B070BD12F8015B01395B
:109CE00005701546A01819B140EA0206B607F4D16E
:109CF00003290ADC013D014488420CD1BFF35B8F8C
:109D00001846E8E71946A41AEBE755F8042B04397E
:109D100040F8042BECE715F8012F00F8012BEBE7D6
:109D20006FF02100D7E773B504681D46661C2BD081
:109D30008368994228D2641826D06E189E42866A9B
:109D400088BF5D1A2EB105230095B047284602B0A2
:109D500070BD21462B464BB90B44994211D1BFF33C
:109D60005B8FF3E701F8012B013BF4E78807F9D19A
:109D70004FF001305043032BEEDD41F8040B043B60
:109D8000F9E701F8012BE8E76FF02100DFE7002099
:109D9000704710B4046B02460B4684B9C1681F2992
:109DA00098BF23FA01F4416861B18068834209D207
:109DB0001069184051F82430184410BC70472346ED
:109DC00010BC18474FF0FF30F7E730B5059CC4E9E9
:109DD0000002039A21811989E260049A6181A184B9
:109DE0002261D3E9002502EB0113C4E905128A1CA4
:109DF000E36103EB42036A1C13446D422B40236270
:109E0000836953B90139A2698B4202EB031206DB65
:109E1000002393736FF07F03D373002030BD0133B1
:109E2000D381F0E72DE9F04FB0F82CA00446554659
:109E3000002685B002EB030891460E9A00EBCA0398
:109E40001FFA88FB5A63A3F838B008F1FF32836920
:109E50000F1D0192B0451ADCA38CA585A3EB0B0363
:109E6000A384E36961895A8801390A4003EB4203FC
:109E7000A3F804A0BFF35B8F0020E269538801338D
:109E80005380E38C0133E38405B0BDE8F08FA06A12
:109E90002A0157F8041C03EB05150293036803928B
:109EA000C91A83680837994228BF4FF0FF31FFF77E
:109EB00070FFDDE90232985000226A6057F8082CE2
:109EC000AA60019A9642ACBF00220122B145D8BFD8
:109ED00042F00202AA810136ED89BBE7F0B550B32A
:109EE000056AC48D6B88A34230D0631CC385438947
:109EF000BFF35B8F013B1C4005EBC4056B689EB252
:109F000009B1AD680D60D0F818C09BB20CEB03111D
:109F100000EBC3031D8F878C2F44013D87841D8771
:109F20008D896F070ED5858DCD8100218685586B73
:109F3000596302B11480F0BD1D8FC989013D0CEB3E
:109F400001111D878D89ED07F6D4ECE70020F2E7BB
:109F5000836903EB0113986870472DE9F843BFF359
:109F60005B8F1746C2690E46038E5188054699429B
:109F700045D0591C0186418901390B4002EB43024F
:109F80009288328093B2D0F8288082691B0152F8FF
:109F90000390D8F834305BBBD8F81040621C09BF7E
:109FA000D8F8043009EA04041C68A9EB040421462B
:109FB0004046FFF7EEFE814509D0D8F81030013356
:109FC0001C44D8F808309C42F1D34FF0FF34D8F845
:109FD0000000431C11D0D8F80830A3420DD920440A
:109FE0003288AB6903EB02139B683B60BDE8F883E2
:109FF0004946404698470446E9E70020F0E700203C
:10A00000F4E710B5026893691269920017D543B955
:10A01000C38DC26941694489013B1B1B02EB4102AC
:10A02000938003689B69012B08D1038E026A416902
:10A030004089013B1B1A02EBC102938010BD23B97A
:10A04000C269138843F00103138003689B69012BE5
:10A0500001BF026A138843F001031380EEE710B5D5
:10A06000BFF35B8F036804461A699B6912F0005FB7
:10A070001AD07BB9C369026A5B884169013B02EB74
:10A08000C10292889B1AE28C9BB29A4214D8002398
:10A09000E38410BD012BFAD1036AC2695B88416970
:10A0A000013B02EB4102ECE763B9036A1B88DB4327
:10A0B00003F00103002BEAD02369002BE7D02046F0
:10A0C0009847E4E7012BE2D1C369EFE7C369028E49
:10A0D000598891420AD0418901390A4003EB420371
:10A0E0009A88836903EB02139868704700207047D1
:10A0F000BFF35B8FC36803B1184770474FF0FF325F
:10A100004FF0FF33FDF77ABA70B50446056A05F1E2
:10A1100058063046FFF7F2FF636AA3F580637F2B92
:10A120000BD801225909483503F01F039A4055F80E
:10A13000213023EA020345F82130D4E90D124A60A8
:10A14000616B04F134031160C4E90D330023236211
:10A150003046BDE87040FDF72BBA10B58CB0436AAD
:10A1600004460B912022014602A80A93FFF781F9C9
:10A1700028230122CDE9003220463522616A02AB54
:10A18000FCF740FD00EAE0700CB010BD28B1006A99
:10A1900018B111B1836F03B11847704728B1006A35
:10A1A00018B111B1C36F03B11847704730B1006ADD
:10A1B00020B119B1D0F8803003B1184700207047A2
:10A1C0002DE9F84306468846174699460468A64294
:10A1D00001D1002523E07A1CA4F1340502D06B6A7A
:10A1E000BB421CD0B8F1000F01D12468EFE7202258
:10A1F00041462846FFF76DF90028F6D1B9F1FF3F37
:10A2000002D0AB6A4B450AD07B1C0BD02468B44209
:10A21000DFD054F8103CA4F134059F42E7D1284622
:10A22000BDE8F883AB6A0133F9D02468B442D0D0DA
:10A23000A4F13405D6E710B5044690B1036A83B1A2
:10A2400002784AB193F8883033B1436AB3F5806F2E
:10A2500002D30121FFF781FF2046BDE81040FFF740
:10A2600053BF10BD51F8083C43F0004341F8083C8F
:10A2700070477047FDF79CB94FF0FF324FF0FF3346
:10A28000FDF7BCB92DE9F041066A282A0F46D6F839
:10A29000A00088B02BD101688468791AA14228BF38
:10A2A0004FF0FF3120236A46FFF7CAFC06F158053C
:10A2B000D7F820802846FFF7DFFF43464FF0FF32F4
:10A2C00069463046FFF77CFF7B6A0446DB0712D500
:10A2D00018B92846FFF7CEFF09E04FF0FF3383623D
:10A2E0002846FFF7C7FF236B0BB120469847002095
:10A2F00008B0BDE8F08150B92846FFF7BBFF336FC7
:10A30000002BF4D04246694630469847EFE7C0F844
:10A310002880DEE730B4D0F894501346AD6925B9F3
:10A3200030BCD0F89800FFF7D9BD012D06D130BC64
:10A330000A46D0F898001946FFF70FBE002030BC3F
:10A3400070477FB50C461946D0F894309D695DB9C9
:10A350000094CDE9024201232A46D0F8980002A9D0
:10A36000FFF760FD04B070BD012DFBD1D0F898005F
:10A3700004B0BDE87040FCF729BC2DE9FF4103683B
:10A380005F6A07F158063046FFF776FF38460DF151
:10A390000A0203A9FFF7BEFF04463046FFF76AFF33
:10A3A000002C41D0BDF80A303046A360FFF764FFAF
:10A3B0004FF0FF33002138466268FFF701FF054682
:10A3C0003046FFF757FF7DB1AB6AE96B013308BF39
:10A3D0002368284608BFAB622368A2890091D5F89C
:10A3E0002C8004F11001C0473046FFF745FFA368F9
:10A3F000002B06DB21463846BDF80A30039AFFF7EA
:10A40000A0FF38460DF10A0203A9FFF783FF0446B7
:10A4100018B13046FFF72EFFC4E7D7F89800FFF7D2
:10A420001EFE3046FFF726FF04B0BDE8F081F8B508
:10A43000044651F8086C00F158073846B6B20D468C
:10A44000FFF71AFF3146D4F89800FFF781FD334635
:10A450000246A5F110012046FFF773FF3846BDE81C
:10A46000F840FFF707BF2DE9F041A3F1100653F8BC
:10A47000085C002388B00693ADF81E300446102314
:10A48000CDE904120E9FD0F8A000ADF81C70016851
:10A49000D0F808C0711A0DEB0302614528BF4FF0D8
:10A4A000FF3104F15808FFF704FC4046FFF7E4FED3
:10A4B000D4F89430ADB29B69CBB9D4F88C20D4F8E1
:10A4C0009430D4F89C009B69C3B9CDE90262009630
:10A4D000012202A9FFF7A6FCD4F89C00FFF7BFFDFC
:10A4E0004046FFF7C7FE384608B0BDE8F081294670
:10A4F000D4F89C00FFF72CFD0246E0E7012BEBD1DE
:10A500002946FCF763FBE7E7034610B542688A4239
:10A5100029BF80680020841A186822BF521A0019C7
:10A520005A6010BD2DE9F7430546D0F894000F4658
:10A53000036A16461B689847430703D4002003B0FC
:10A54000BDE8F08343F69823002E18BF1E4605F1A0
:10A5500058084046FFF790FED5F89430D3F818908D
:10A56000B9F1000F35D13946D5F89C000DF106023E
:10A57000FFF7B4FC044658B14046FFF77BFEBDF838
:10A58000063004F11000A3603B68103B3B60D6E747
:10A59000D5F89C309B8C53B94046FFF76BFE002EDC
:10A5A000CCD021200021FDF74BFC013ED1E7D5F8AE
:10A5B0008C10D5F8A400FFF7A7FF0446D5F88C301F
:10A5C000ADF806903B604046FFF754FE002CE6D005
:10A5D000D5E7B9F1010FDFD13A46D5F89C000DF16E
:10A5E0000601FFF7BAFC0446EDE710B1C0E901220D
:10A5F00001607047704738B1C3681888C0F308001D
:10A60000A0F58073584258417047F8B505460E468C
:10A610004FF04003EFF3118783F31288BFF36F8F7E
:10A62000FDF728FC314604462846FFF7C1F987F3B9
:10A630001188BFF36F8F2046BDE8F840F9F750BA94
:10A64000FEF775BFFEF768BF10B400F10C04C0E957
:10A65000034410BCFEF7AABC2DE9F04F85B00646B6
:10A660008846DDE90E01914600F0B3FA06F1140ABE
:10A6700005460F464FF04003EFF3118483F3128831
:10A68000BFF36F8F06F10C0B4A4641463046FEF78A
:10A6900026FC0390FDF7A8FD039B3BB184F31188D2
:10A6A000BFF36F8F184605B0BDE8F08F281A67EB2F
:10A6B0000101012871F10002F0DBCDE900015A46E9
:10A6C00021465046FDF742FA4FF04003EFF3118464
:10A6D00083F31288BFF36F8FD6E738B504464FF087
:10A6E0004003EFF3118583F31288BFF36F8FFEF7FA
:10A6F000BEFB04F10C0000F0FFF930B1294604F173
:10A700001400BDE83840FDF77BBA85F31188BFF32C
:10A710006F8F38BDEFF30580003818BF01207047F8
:10A720006FF057007047FDF77DBA08B54FF0400253
:10A73000EFF3118382F31288BFF36F8FF8F738FFBE
:10A74000F4E790F90E308B4201D0FDF713BA0020E8
:10A75000704703460020C3E90033C3E90200704795
:10A760002DE9F843994604460D4690469DF8203061
:10A7700000F108064FF04002EFF3118782F31288D0
:10A78000BFF36F8F03B14568304600F06FF958B1E1
:10A790000023C0F81480C36700F058F930463946EA
:10A7A000FDF72EFA00200CE0B9F1000F1BD00821B4
:10A7B000FDF7C6FD38B987F31188BFF36F8F6FF0CF
:10A7C0000B00BDE8F8830122C0F804800260016834
:10A7D00001F003015DB922680A43026062682060EB
:10A7E0006AB960600BE04046C8F80090EFE72A685D
:10A7F000032A10D80160616839B9C4E90000042156
:10A8000004F1100000F038FBC8E70A6802F0030208
:10A8100002430A60E5E722F003020A4302602A6865
:10A8200002F0030240EA02032B60E8E710B5044699
:10A8300030B10268930703D0446809B100F045FBCA
:10A84000204610BD002307B50A4600931946FFF7BE
:10A8500087FF03B05DF804FB2DE9F84380461546F9
:10A860000C46A9B3A2B300F108064FF04003EFF382
:10A87000118783F31288BFF36F8F304600F0F6F82C
:10A8800068B14FF000094461C0F87C9000F0DEF838
:10A890002468304600F0EAF844B10028F3D1D8F833
:10A8A00004307BB9C8F80040C8F80450042108F10E
:10A8B000100000F0E1FA30463946FDF7A1F900201A
:10A8C000BDE8F8831A6802F0030214431C60EBE74A
:10A8D0006FF01500F4E75AB18A4209D300F1100372
:10A8E000C0E90212C0E90000C0E90433002070474B
:10A8F0006FF015007047012302688B4022EA0303C2
:10A90000036022FA01F000F00100704720B100223C
:10A910008830114600F000B9704738B504460D463E
:10A9200010220021FEF703FE656038BD13B50190CB
:10A9300008464FF04003EFF3118483F31288BFF30E
:10A940006F8F01A9FCF71EFF84F31188BFF36F8F8F
:10A9500002B010BD10B5FFF7E9FF041E09DD4FF08E
:10A960004003EFF3118083F31288BFF36F8F00F081
:10A97000ADF8204610BD08B5A0220021FEF7D7FD96
:10A9800008BDD0E9003213605A600023C0E90033EB
:10A99000704708B5FFF7F5FF437B23F002034373CD
:10A9A0000023836008BD90F90E3091F90E008342B8
:10A9B00014BFC01A00207047014610B54FF0400385
:10A9C000EFF3118483F31288BFF36F8F10F80B3C01
:10A9D00013F0280F0DD151F8103C18380BB1FFF7C8
:10A9E000D8FF11F80B3C23F0140301F80B3CFCF7E3
:10A9F000C7FF84F31188BFF36F8F10BD38B50446CD
:10AA00000D46FCF7F1FF637B43F002036373E5B18E
:10AA1000A5602B689D4209D16B68C4E900531C6096
:10AA20006C6012E06A689342F6D01B68002BF3D08A
:10AA300094F90E2093F90E108A42F3D09142F1DD81
:10AA40005A68C4E9003214605C6038BD10B54FF03C
:10AA50004003EFF3118483F31288BFF36F8FFCF789
:10AA60008FFF84F31188BFF36F8F10BD38B54FF09F
:10AA70004003EFF3118583F31288BFF36F8F0468EF
:10AA8000A0420DD034B12046FFF783FF04F1180037
:10AA900000F065F885F31188BFF36F8F204638BD4D
:10AAA0000024F7E710B54FF04003EFF3118483F370
:10AAB0001288BFF36F8FFFF76CFF84F31188BFF329
:10AAC0006F8FBDE81040183000F049B8034620B938
:10AAD000EFF305820AB9F8F7E7BD83F31188BFF3F6
:10AAE0006F8F70474FF04003EFF3118083F31288AC
:10AAF000BFF36F8FFFF7EABF38B5054600202C681B
:10AB0000A54200D004B938BD2046FFF7CBFF204650
:10AB1000FFF79CFF0120F2E738B54FF04003EFF359
:10AB2000118583F31288BFF36F8F0468A04212D09F
:10AB30009CB1E16762612046FFF72BFF04F118002A
:10AB400000F00DF82046FCF71BFF012085F311886B
:10AB5000BFF36F8F38BD0020F8E72046F6E710B549
:10AB60004FF04002EFF3118482F31288BFF36F8F2E
:10AB700003683BB1FDF742FA002084F31188BFF36C
:10AB80006F8F10BD6FF01500F7E770B504460D46E6
:10AB90004FF04003EFF3118683F31288BFF36F8FFA
:10ABA000FDF704FA012807DDA04205DBA042294693
:10ABB000A8BF2046FAF73EFA86F31188BFF36F8FDD
:10ABC00070BD08B5FDF710FB08BD08B1F8F708BA6D
:10ABD0007047B1F1FF3F08BFB0F1FF3F38B50C46F9
:10ABE000054614D0084303D1BDE83840FDF7FCBA50
:10ABF0006FF001004FF0FF33401B63EB01010029B0
:10AC000004DAFDF7F1FA401941EB040138BD4FF0C9
:10AC1000FF300146FAE7F8B50D46D0E90013884247
:10AC2000044605D16368C5E900431D6065601DE009
:10AC3000002BF7D0986800B16038A2F16007394660
:10AC4000FFF7B1FE0028EDDC2668B442EAD0002E02
:10AC5000E8D0B16801B160393846FFF7A4FE00289A
:10AC600005DD7368C5E900631D607560F8BD636844
:10AC70009E42D7D03668EAE72DE9F84F00258B468B
:10AC800014461F4682462E46A8465D4502DB3046E6
:10AC9000BDE8F88F4FF04003EFF3118983F312887A
:10ACA000BFF36F8F9AF80D3003F03F03013B072B82
:10ACB0000FD8DFE803F01E040E0A0E0E0E25DAF898
:10ACC00010309B682BB1022320E0DAF810301B68AB
:10ACD0008BBB47BB237833B39AF80D3003F03F03A7
:10ACE000013B072B30D8DFE803F033282F282F2F24
:10ACF0002F38DAF810309B68002BEAD0012305E0EA
:10AD0000DAF810301B6A002BE3D01023DAF80C209D
:10AD1000CAF80880C2F386310B4363F39432CAF851
:10AD20000C2084F8008089F31188BFF36F8F013500
:10AD30000AF1140AA9E70423E8E722465146DAF8A3
:10AD400010001030FFF767FFCAF808400136EAE745
:10AD500022465146DAF81000F4E7DAF810002246ED
:10AD600051462430EEE72DE9F843846805460E4647
:10AD700044B16378012B2ED114F8533C13F0020335
:10AD80000AD123700020EB68A860C3F38632164313
:10AD900066F39433EB603EE054E90E23B3F1FF3FDA
:10ADA00008BF12F1020F32D0A4F160084046FFF74D
:10ADB00079FE082E0CBF6FF003030023E36114F843
:10ADC000533CDB0609D154F8487C37B94046FFF7BD
:10ADD0003DFE2770D6E7022B01D00023D1E7237870
:10ADE000002BCFD054F8047C002FF2D04FF0000895
:10ADF000A4F1140904F11400FFF7B1FE49463846E6
:10AE0000C4F82C80FFF792FD84F80080BAE7002395
:10AE10006FF00A002370BDE8F8831423F0B5002416
:10AE20004FF48B7603FB010001B9F0BD10F8073C2D
:10AE3000A0F1140703F03F03082B40F80C4C0CD88A
:10AE400026FA03F3DB0708D550F8143C2BB150F871
:10AE5000105C2B605D6040E9054482F31188BFF30C
:10AE60006F8F4FF04003EFF3118283F31288BFF32B
:10AE70006F8F38460139D7E703460068834208D010
:10AE8000D0E9003213605A600023C0E90033FFF7B5
:10AE90006ABF70470023C0E9000083607047002349
:10AEA000836070470432D3B5044608D200260027D9
:10AEB00041F00401CDE90067FFF7CEFB10B9002097
:10AEC00002B0D0BD40F8044BFAE720B1011F50F8A2
:10AED000040CFFF702BC704701460420FDF722BABC
:10AEE000E03AFF7F01000000B92F020100000000DE
:10AEF0005941020168AF02014972020100000000DD
:10AF0000E544020180AF0201E544020198AF02016D
:10AF1000E55F020100000000CD9A02010000000080
:10AF2000854B0201B0AF020109480201C8AF02011E
:10AF3000BD43020100000000F94E020100000000C4
:10AF4000356002010000000089830201000000005A
:10AF5000DB920201E0AF020175510201F8AF02017C
:10AF6000FD5102010000000018B90201B0B6020153
:10AF7000C0B60201D0050021C821002128B102017C
:10AF800027B90201DCB60201FCB60201D40500219A
:10AF90001C22002122B1020135B90201ECB60201E6
:10AFA000FCB60201D8050021282200211CB10201B3
:10AFB00051B902010000000068B70201E00500215C
:10AFC0003422002116B1020143B9020120B7020167
:10AFD00054B70201DC050021E804002110B1020190
:10AFE000F2B80201B8040021E8B50201CC05002145
:10AFF000501B002108B1020161B9020104050021C2
:10B0000070B70201E40500219422002100B1020181
:10B0100000000000099402010000000009940201F0
:10B0200000000000099402010000000009940201E0
:10B030000000000009940201E39A0201E79A02016C
:10B0400000000000099402010000000009940201C0
:10B05000000000000994020134220021F54B020196
:10B06000F5660201E79A020100000000099402015E
:10B070000000000009940201000000000994020190
:10B080000000000009940201000000000994020180
:10B090000000000009940201000000000994020170
:10B0A0003D690201E79A0201C8AF0201139802014B
:10B0B0000000000009940201000000000994020150
:10B0C00000000000794F0201000000000994020115
:10B0D0000000000009940201000000000994020130
:10B0E00000000000D55F0201000000000994020189
:10B0F0000000000009940201000000000994020110
:10B10000008000800600FF7F070000800080FF7F36
:10B1100000800080FF7F00800080FF7F0080008033
:10B12000FF7F00800080FF7F00800080FF7FFFFFA7
:10B13000F16A02010600000099530201BD99020163
:10B14000D15302010002000000020000D8D8D8D874
:10B15000D8D8D8D8D8D8D8D8D8D8D8D8D8D8D8D86F
:10B16000ECECECECF0F0F0F0F4F4F4F4F8F9FAFBB9
:10B17000FCFDFEFF0001020300100200FA000000C7
:10B1800017ED010123ED010127ED01012FED010173
:10B1900033ED0101F14C0001B9530001AD4D000147
:10B1A000D1530001A14F0001CD54000161510001B4
:10B1B00037ED01017DED010189530001A553000127
:10B1C0000157000119520001A5ED0101CDED01016A
:10B1D000C15500019D570001E5570001F54C0001E4
:10B1E000C1530001B54D0001D9530001A94F000121
:10B1F000D55400016551000139ED010181ED0101D6
:10B2000099530001AD53000109570001215200017B
:10B21000A9ED0101D1ED0101C9550001194D000150
:10B22000495D0001594E0001295400013D500001C3
:10B2300025550001A15100014BED01018DED0101EA
:10B24000F15C0001195D0001315D000199520001BE
:10B25000B5ED0101DDED010131560001614D000147
:10B26000A5600001FD4E000179540001CD500001A0
:10B2700071550001DD5100015DED010199ED010104
:10B2800059600001756000018D60000111530001DB
:10B29000C1ED0101E9ED01019956000100003408FA
:10B2A000E8030000280A000000000000280A00004F
:10B2B0000000DC05E80300000000000000000000C2
:10B2C000D41700000000401FA00F0000803E0000C7
:10B2D0000000000000FA000000002CA6E0A1000021
:10B2E00020A800000000000020A800009B0602012A
:10B2F0009B0602019B0602019B0602019B060201BE
:10B300009B0602019B060201DDB201013D2D0101F8
:10B31000F1E800011B2402014924020129B80101BE
:10B3200025B801010003600358018800A0006000F7
:10B3300018000000E9810001258A00010183000155
:10B340002D8100010C0802170D01010209090101FC
:10B350000602091818030101090903030503020184
:10B3600023020224091004040505000000002CA695
:10B37000E0A1000020A800000000000020A80000BC
:10B3800001020800A301B103BF050000EF02490656
:10B39000A3090000C505F50B251200000E021C04D0
:10B3A0005A03B4063006600CF401FA0096006400FB
:10B3B0004B0032001E0014000A00050002000100CC
:10B3C00000002CA6E0A1000020A800000000000062
:10B3D00020A80000252627000102080000002CA656
:10B3E000E0A1000020A800000000000020A800004C
:10B3F0000102080000000000141E000030110000CF
:10B400000000000060EA00000000000000000000F2
:10B410000000000060EA00000100010000010100DE
:10B4200000010001000001000100000001000B000C
:10B4300002000A00050009000A00080014000700C5
:10B440001E000600320005004B00040064000300EB
:10B4500096000200FA000100F401000000002CA692
:10B46000E0A1000020A800000000000020A80102C8
:10B470000800000000000000141E00003011000051
:10B480000000000060EA0000000000000000000072
:10B490000000000060EA0000F401FA009600640079
:10B4A0004B0032001E0014000A00050002000100DB
:10B4B0000406080A0C0E10121416181C1E20222452
:10B4C00026282A2C2E30323436383A3C3E4042442C
:10B4D00046484A4C4E021A50000000002800000066
:10B4E00018000000000000005001000000000000F3
:10B4F00000000000000000005001000000000000FB
:10B50000141E0000301100000000000060EA00007E
:10B5100000000000000000000000000060EA0000E1
:10B5200000000000141E00003011000000000000A8
:10B53000B45F0000000000000000000000000000F8
:10B540003C73000000002CA6E0A1000020A8000031
:10B550000000000020A8000001000000070000001B
:10B560000000000000000000000000000000DC05FA
:10B57000E80300000000000000000000D4170000F5
:10B580000000000070170000A00F00000000000085
:10B590003C28000000000000000000000000000047
:10B5A0003C2800000000DC05E8030000000000006B
:10B5B00000000000D417000000000000141E00006E
:10B5C000301100000000000060EA000000000000F0
:10B5D000000000000000000060EA00000000000021
:10B5E0000338FDD870470000953002016132020136
:10B5F000AD320201739302014F910201C391020126
:10B600005791020189910201739102015D9102013A
:10B61000CD930201BD930201C9930201BB930201C4
:10B62000000000000000000000000000000000001A
:10B63000AB930201000000210000000006000100A1
:10B640000200000048B602010000000109B9020131
:10B6500006000000E0FF03010000002111B9020113
:10B6600021000000E0FF002198B6020170B602013F
:10B670002000000038D9002198B6020180B60201EE
:10B6800045000000DCDA002198B6020190B6020104
:10B690009C000000A8DE0021313F020100000000F4
:10B6A0004D95020115410201E54002010000000034
:10B6B00001420201A1420201FF9602010597020127
:10B6C000654202017B960201DF9602010000000044
:10B6D000EF9502010000000000000000FFFF0000E5
:10B6E00000088C410000000001000000FFFFFFFF88
:10B6F00000058C41000000000000000069450201C7
:10B70000119702011D970201319702013B97020137
:10B71000459702010D440201599702010000000003
:10B7200000300141020000000000000030B70201BB
:10B73000003001413CB702010100000044B70201A2
:10B74000040000002100000025000200A00101000B
:10B75000A4010300CB970201F5480201BD97020145
:10B760008D460201AD9702012D4B0201894A02016B
:10B7700011990201B1980201CD980201D1980201FC
:10B78000399902016FB902010000000000000000B9
:10B790001952020100000000C1990201D6B902014C
:10B7A000E9B90201FCB902010FBA020122BA020191
:10B7B00035BA020148BA02015BBA0201E8AE0201E1
:10B7C00038AF020140AF020168AF020168AF020169
:10B7D000F5FFFFFF512563FCC2CAB9F3849E17A78A
:10B7E000ADFAE6BCFFFFFFFFFFFFFFFF0000000018
:10B7F000FFFFFFFF96C298D84539A1F4A033EB2D87
:10B80000817D0377F240A463E5E6BCF847422CE172
:10B81000F2D1176BF551BF376840B6CBCE5E316BB6
:10B820005733CE2B169E0F7C4AEBE78E9B7F1AFE7A
:10B83000E242E34F512563FCC2CAB9F3849E17A7C5
:10B84000ADFAE6BCFFFFFFFFFFFFFFFF00000000B7
:10B85000FFFFFFFFAAAAAAAAAAAAAAAAAAAAAAAAF4
:10B8600055555555555555555555555500000000DC
:10B8700055555555FCFFFFFFFFFFFFFFFFFFFFFF83
:10B8800000000000000000000000000001000000B7
:10B89000FFFFFFFF4B60D2273E3CCE3BF6B053CCC0
:10B8A000B0061D65BC86987655BDEBB3E7933AAA02
:10B8B000D835C65A522563FCC2CAB9F3849E17A76D
:10B8C000ADFAE6BCFFFFFFFFFFFFFFFF0000000037
:10B8D000FFFFFFFF4843492072706D736720545883
:10B8E000006E72665F62745F68636900286E696CDF
:10B8F000290069706330007372616D302E73686D5A
:10B900000067656E6572696300464C4153485F305D
:10B91000005352414D5F3000636C6F636B403431B4
:10B92000303035303030006770696F403431386303
:10B9300030383030006770696F40343138633035EB
:10B940003030007561727440343130313330303012
:10B950000072616E646F6D40343130303930303098
:10B96000006D626F78403431303132303030005306
:10B970006F667444657669636520436F6E74726F99
:10B980006C6C65720042542043544C522045434431
:10B9900048003F49F6D4A3C55F3874C9B3E3D21059
:10B9A0003F504AFF607BEB40B7995899B8A6CD3C11
:10B9B0001ABD4D50534C20576F726B0001000000B0
:10B9C000726567697374657265642025732062759A
:10B9D000730A002573006D6574616C3A20656D65AE
:10B9E0007267656E63793A20006D6574616C3A2008
:10B9F000616C6572743A2020202020006D657461AE
:10BA00006C3A20637269746963616C3A2020006D3E
:10BA10006574616C3A206572726F723A2020202042
:10BA200020006D6574616C3A207761726E696E6793
:10BA30003A202020006D6574616C3A206E6F746945
:10BA400063653A20202020006D6574616C3A20699E
:10BA50006E666F3A202020202020006D6574616C96
:10BA60003A2064656275673A2020202020007278B1
:10BA70005F76710074785F7671004E53006D616976
:10BA80006E0076332E312E39392D6E6373312D329F
:10BA90003736352D6737633731393435643432669C
:10BAA00036002A2A2A20426F6F74696E67205A6511
:10BAB00070687972204F53206275696C6420257319
:10BAC000202573202A2A2A0A00737973776F726BF4
:10BAD00071002F3933DA9ED20132E93F32795D1C91
:10BAE00034E825591ADF00FFFFFFFF1F00326633DD
:10BAF000393333646139652E6D617374657200008A
:10BB0000BEBAFECAFFFFFFFFFF1F00001F000000BC
:10BB100000000000FF000000FFFFFFFF1F017F008B
:10BB2000DD500000000000000000000000C00041E7
:10BB300000000000000000000C00000000FF7F007B
:10BB40000000000080B102010105050094B102016E
:10BB500000000000000000000000000000000000E5
:10BB600000000000000000000000000000000000D5
:10BB70000000000000000000B1E5000135E0000118
:10BB8000DDE000018DE00001A5E0000161E10001C0
:10BB900095E00001840000217C0000217800002154
:10BBA0000000000000000000000000000000000095
:10BBB0000000000000000000000000000000000085
:10BBC0000000000000000000000000000000000075
:10BBD0000000000000000000000000000000000065
:10BBE0000000000000000000000000000000000055
:10BBF0000000000000000000000000000000000045
:10BC00000000000000000000000000000000000034
:10BC10000000000000000000000000000000000024
:10BC20000000000000000000000000000000000014
:10BC30000000000000000000000000000000000004
:10BC400000000000000000000000000000000000F4
:10BC500000000000000000000000000000000000E4
:10BC600000000000000000000000000000000000D4
:10BC700000000000000000000000000000000000C4
:10BC800000000000000000000000000000000000B4
:10BC900000000000000000000000000000000000A4
:10BCA0000000000000000000000000000000000094
:10BCB0000000000000000000000000000000000084
:10BCC0000000000000000000000000000000000074
:10BCD000000000000000000000000000D931010158
:10BCE000C5440101CD310101CD310101CD31010149
:10BCF000A54C0101CD310101CD310101CD31010151
:10BD0000CD310101CD310101CD480101D149010100
:10BD1000CD310101CD310101D9310101C54401010C
:10BD2000CD3101013D360101CD310101A54C0101AB
:10BD3000CD310101AD4B0101014B0101CD310101BB
:10BD4000CD310101CD480101D14901017548010101
:10BD50002949010161330101414501019D3301017F
:10BD6000514401016133010141450101000000001E
:10BD7000094E0101C14501010D460101B546010110
:10BD80005D46010100000000094E0101014501016D
:10BD90006D4201012136010121360101F13101011C
:10BDA00089420101014501016D420101B9530101BF
:10BDB00059360101715C01013D5C0101D93F01016E
:10BDC00055400101294F01015936010100000000D1
:10BDD000A1420101914E0101540200216C02002197
:10BDE00018020021AC0200218C0200210D47010144
:10BDF000294E01016402002184020021DC0100219E
:10BE0000C4020021A4020021693B0101ED330101BC
:10BE10007D4A01018545010100000000000000008D
:10BE20000000000000000000000000000000000012
:10BE30000000000000000000000000000000000002
:10BE400000000000000000000000000000000000F2
:10BE500000000000000000000000000000000000E2
:10BE600000000000000000000000000000000000D2
:10BE700000000000000000000000000000000000C2
:10BE800000000000000000000000000000000000B2
:10BE900000000000000000000000000000000000A2
:10BEA0000000000000000000000000000000000092
:10BEB0000000000000000000000000000000000082
:10BEC0000000000000000000000000000000000072
:10BED0000000000000000000000000000000000062
:10BEE0000000000000000000000000000000000052
:10BEF0000000000000000000000000000000000042
:10BF00000000000000000000000000000000000031
:10BF10000000000000000000000000000000000021
:10BF20000000000000000000000000000000000011
:10BF30000000000000000000000000000000000001
:10BF400000000000000000000000000000000000F1
:10BF500000000000F1CA010100000000CF22020130
:10BF6000000000008F230201000000007123020185
:10BF700000000000752302010000000059230201A7
:10BF8000000000001B230201000000002DCB010176
:10BF9000000000001F23020100000000E1B80201C0
:10BFA0000000000059240201912402010000000059
:10BFB00000000000EB8A02010100000000000720E1
:10BFC00000000100F8AF020101000000F8AF02011B
:10BFD000000000000200000000000000000000005F
:10BFE00000020000419502010000000000C20100B3
:10BFF0000001030000000000C2230021C123002132
:10C0000000000000FFFF0000FFFF00000090D003D1
:10C0100000C0FFFF00000000000000000000000062
:10C020000000000000000000000000000000000010
:10C030000000000000000000000000000000000000
:10C0400000000000000000000000000000000000F0
:10C0500000000000000000000000000000000000E0
:10C0600000000000000000000000000000000000D0
:10C0700000000000000000000000000000000000C0
:10C0800000000000FF0000000000000000000000B1
:10C0900001B90201000000007D69020100000000FA
:10C0A0000000000000000000000000000000000090
:10C0B000000000000000000000000000BC0500219E
:10C0C000BC050021C4050021C405002100000000BA
:10C0D0000000000000000000000000000000000060
:10C0E00000000000000000000000000038B7002140
:10C0F000002000000000000000000000FC050021FE
:10C10000FC05002100000000000000000E000000FF
:10C1100010060021100600210000000001000000B0
:10C120002006002120060021000000000000000081
:10C130003006002130060021380600213806002193
:10C140000000000000000000480600214806002111
:10C1500050060021500600210000000000000000F1
:10C1600060060021600600216806002168060021A3
:10C1700007000700080000000000000068B6020188
:10C1800018DA002100000000000000008C060021E9
:10C190008C06002194060021940600210A000A0062
:10C1A000080000000000000078B6020190DD0021C8
:10C1B0000000000000000000B8060021B8060021C1
:10C1C000C0060021C00600210A000A000800000085
:10C1D0000000000088B60201C0E4002115E015E06F
:00000001FF
